x,AT0000675657,AT0000677901
1938-02-03,,
1938-02-14,,
1938-02-28,,
1938-03-03,,
1938-03-11,,
1938-03-14,,
1938-03-25,,
1938-03-28,,
1938-04-09,,
1938-04-11,,
1938-04-23,,
1938-04-25,,
1938-05-06,,
1938-05-09,,
1938-05-20,,
1938-05-23,,
1938-06-04,,
1938-06-06,,
1938-06-18,,
1938-06-20,,
1938-07-01,,
1938-07-04,,
1938-07-15,,
1938-07-18,,
1938-07-29,,
1938-08-01,,
1938-08-12,,
1938-08-15,,
1938-08-26,,
1938-08-29,,
1938-09-10,,
1938-09-12,,
1938-09-24,,
1938-09-26,,
1938-10-07,,
1938-10-10,,
1938-10-21,,
1938-10-24,,
1938-11-05,,
1938-11-07,,
1938-11-19,,
1938-11-21,,
1938-12-02,,
1938-12-05,,
1938-12-16,,
1938-12-19,,
1938-12-30,,
1939-01-02,,
1939-01-13,,
1939-01-16,,
1939-01-27,,
1939-01-30,,
1939-02-13,,
1939-02-27,,
1939-03-10,,
1939-03-13,,
1939-03-24,,
1939-03-27,,
1939-04-08,,
1939-04-10,,
1939-04-22,,
1939-04-24,,
1939-05-05,,
1939-05-08,,
1939-05-19,,
1939-05-22,,
1939-06-03,,
1939-06-05,,
1939-06-17,,
1939-06-19,,
1939-07-01,,
1939-07-03,,
1939-07-14,,
1939-07-17,,
1939-07-28,,
1939-08-01,,
1939-08-11,,
1939-08-14,,
1939-08-25,,
1939-08-28,,
1939-09-09,,
1939-09-11,,
1939-09-23,,
1939-09-25,,
1939-10-06,,
1939-10-09,,
1939-10-20,,
1939-10-23,,
1939-11-04,,
1939-11-06,,
1939-11-18,,
1939-11-20,,
1939-12-01,,
1939-12-04,,
1939-12-15,,
1939-12-18,,
1939-12-29,,
1940-01-01,,
1940-01-12,,
1940-01-15,,
1940-01-26,,
1940-01-29,,
1940-02-11,,
1940-02-12,,
1940-02-25,,
1940-02-26,,
1940-03-08,,
1940-03-11,,
1940-03-22,,
1940-03-25,,
1940-04-06,,
1940-04-08,,
1940-04-20,,
1940-04-22,,
1940-05-03,,
1940-05-06,,
1940-05-17,,
1940-05-20,,
1940-06-01,,
1940-06-03,,
1940-06-15,,
1940-06-17,,
1940-06-29,,
1940-07-01,,
1940-07-12,,
1940-07-15,,
1940-07-26,,
1940-07-29,,
1940-08-09,,
1940-08-12,,
1940-08-23,,
1940-08-26,,
1940-09-07,,
1940-09-09,,
1940-09-21,,
1940-09-23,,
1940-10-04,,
1940-10-07,,
1940-10-18,,
1940-10-21,,
1940-11-02,,
1940-11-04,,
1940-11-16,,
1940-11-18,,
1940-11-30,,
1940-12-02,,
1940-12-13,,
1940-12-16,,
1940-12-27,,
1940-12-30,,
1941-01-10,,
1941-01-13,,
1941-01-24,,
1941-01-27,,
1941-02-10,,
1941-02-24,,
1941-03-07,,
1941-03-10,,
1941-03-21,,
1941-03-24,,
1941-04-05,,
1941-04-07,,
1941-04-19,,
1941-04-21,,
1941-05-02,,
1941-05-05,,
1941-05-16,,
1941-05-19,,
1941-05-30,,
1941-06-02,,
1941-06-14,,
1941-06-16,,
1941-06-28,,
1941-06-30,,
1941-07-11,,
1941-07-14,,
1941-07-25,,
1941-07-28,,
1941-08-08,,
1941-08-11,,
1941-08-22,,
1941-08-25,,
1941-09-06,,
1941-09-08,,
1941-09-20,,
1941-09-22,,
1941-10-03,,
1941-10-06,,
1941-10-17,,
1941-10-20,,
1941-11-01,,
1941-11-03,,
1941-11-15,,
1941-11-17,,
1941-11-29,,
1941-12-01,,
1941-12-12,,
1941-12-15,,
1941-12-26,,
1941-12-29,,
1942-01-09,,
1942-01-12,,
1942-01-23,,
1942-01-26,,
1942-02-09,,
1942-02-23,,
1942-03-06,,
1942-03-09,,
1942-03-20,,
1942-03-23,,
1942-04-04,,
1942-04-06,,
1942-04-18,,
1942-04-20,,
1942-05-01,,
1942-05-04,,
1942-05-15,,
1942-05-18,,
1942-05-29,,
1942-06-01,,
1942-06-13,,
1942-06-15,,
1942-06-27,,
1942-06-29,,
1942-07-10,,
1942-07-13,,
1942-07-24,,
1942-07-27,,
1942-08-07,,
1942-08-10,,
1942-08-21,,
1942-08-24,,
1942-09-05,,
1942-09-07,,
1942-09-19,,
1942-09-21,,
1942-10-02,,
1942-10-05,,
1942-10-16,,
1942-10-19,,
1942-10-30,,
1942-11-02,,
1942-11-14,,
1942-11-16,,
1942-11-28,,
1942-11-30,,
1942-12-11,,
1942-12-14,,
1942-12-25,,
1942-12-28,,
1943-01-08,,
1943-01-11,,
1943-01-22,,
1943-01-25,,
1943-02-08,,
1943-02-22,,
1943-03-05,,
1943-03-08,,
1943-03-19,,
1943-03-22,,
1943-04-03,,
1943-04-05,,
1943-04-17,,
1943-04-19,,
1943-05-01,,
1943-05-03,,
1943-05-14,,
1943-05-17,,
1943-05-28,,
1943-06-01,,
1943-06-12,,
1943-06-14,,
1943-06-26,,
1943-06-28,,
1943-07-09,,
1943-07-12,,
1943-07-23,,
1943-07-26,,
1943-08-06,,
1943-08-09,,
1943-08-20,,
1943-08-23,,
1943-09-04,,
1943-09-06,,
1943-09-18,,
1943-09-20,,
1943-10-01,,
1943-10-04,,
1943-10-15,,
1943-10-18,,
1943-10-29,,
1943-11-01,,
1943-11-13,,
1943-11-15,,
1943-11-27,,
1943-11-29,,
1943-12-10,,
1943-12-13,,
1943-12-24,,
1943-12-27,,
1944-01-07,,
1944-01-10,,
1944-01-21,,
1944-01-24,,
1944-02-06,,
1944-02-07,,
1944-02-20,,
1944-02-21,,
1944-03-03,,
1944-03-06,,
1944-03-17,,
1944-03-20,,
1944-04-01,,
1944-04-03,,
1944-04-15,,
1944-04-17,,
1944-04-29,,
1944-05-01,,
1944-05-12,,
1944-05-15,,
1944-05-26,,
1944-05-29,,
1944-06-10,,
1944-06-12,,
1944-06-24,,
1944-06-26,,
1944-07-07,,
1944-07-10,,
1944-07-21,,
1944-07-24,,
1944-08-04,,
1944-08-07,,
1944-08-18,,
1944-08-21,,
1944-09-02,,
1944-09-04,,
1944-09-16,,
1944-09-18,,
1944-09-30,,
1944-10-02,,
1944-10-13,,
1944-10-16,,
1944-10-27,,
1944-10-30,,
1944-11-11,,
1944-11-13,,
1944-11-25,,
1944-11-27,,
1944-12-08,,
1944-12-11,,
1944-12-22,,
1944-12-25,,
1945-01-05,,
1945-01-08,,
1945-01-19,,
1945-01-22,,
1945-02-05,,
1945-02-19,,
1945-03-02,,
1945-03-05,,
1945-03-16,,
1945-03-19,,
1945-03-30,,
1945-04-02,,
1945-04-14,,
1945-04-16,,
1945-04-28,,
1945-04-30,,
1945-05-11,,
1945-05-14,,
1945-05-25,,
1945-05-28,,
1945-06-09,,
1945-06-11,,
1945-06-23,,
1945-06-25,,
1945-07-06,,
1945-07-09,,
1945-07-20,,
1945-07-23,,
1945-08-03,,
1945-08-06,,
1945-08-17,,
1945-08-20,,
1945-09-01,,
1945-09-03,,
1945-09-15,,
1945-09-17,,
1945-09-29,,
1945-10-01,,
1945-10-12,,
1945-10-15,,
1945-10-26,,
1945-10-29,,
1945-11-10,,
1945-11-12,,
1945-11-24,,
1945-11-26,,
1945-12-07,,
1945-12-10,,
1945-12-21,,
1945-12-24,,
1946-01-04,,
1946-01-07,,
1946-01-18,,
1946-01-21,,
1946-02-04,,
1946-02-18,,
1946-03-01,,
1946-03-04,,
1946-03-15,,
1946-03-18,,
1946-03-29,,
1946-04-01,,
1946-04-13,,
1946-04-15,,
1946-04-27,,
1946-04-29,,
1946-05-10,,
1946-05-13,,
1946-05-24,,
1946-05-27,,
1946-06-08,,
1946-06-10,,
1946-06-22,,
1946-06-24,,
1946-07-05,,
1946-07-08,,
1946-07-19,,
1946-07-22,,
1946-08-02,,
1946-08-05,,
1946-08-16,,
1946-08-19,,
1946-08-30,,
1946-09-02,,
1946-09-14,,
1946-09-16,,
1946-09-28,,
1946-09-30,,
1946-10-11,,
1946-10-14,,
1946-10-25,,
1946-10-28,,
1946-11-09,,
1946-11-11,,
1946-11-23,,
1946-11-25,,
1946-12-06,,
1946-12-09,,
1946-12-20,,
1946-12-23,,
1947-01-03,,
1947-01-06,,
1947-01-17,,
1947-01-20,,
1947-02-03,,
1947-02-17,,
1947-03-03,,
1947-03-14,,
1947-03-17,,
1947-03-28,,
1947-04-03,,
1947-04-12,,
1947-04-14,,
1947-04-26,,
1947-04-28,,
1947-05-09,,
1947-05-12,,
1947-05-23,,
1947-05-26,,
1947-06-07,,
1947-06-09,,
1947-06-21,,
1947-06-23,,
1947-07-04,,
1947-07-07,,
1947-07-18,,
1947-07-21,,
1947-08-01,,
1947-08-04,,
1947-08-15,,
1947-08-18,,
1947-08-29,,
1947-09-01,,
1947-09-13,,
1947-09-15,,
1947-09-27,,
1947-09-29,,
1947-10-10,,
1947-10-13,,
1947-10-24,,
1947-10-27,,
1947-11-08,,
1947-11-10,,
1947-11-22,,
1947-11-24,,
1947-12-05,,
1947-12-08,,
1947-12-19,,
1947-12-22,,
1948-01-02,,
1948-01-05,,
1948-01-16,,
1948-01-19,,
1948-02-01,,
1948-02-02,,
1948-02-15,,
1948-02-16,,
1948-02-29,,
1948-03-01,,
1948-03-12,,
1948-03-15,,
1948-03-26,,
1948-03-29,,
1948-04-10,,
1948-04-12,,
1948-04-24,,
1948-04-26,,
1948-05-07,,
1948-05-10,,
1948-05-21,,
1948-05-24,,
1948-06-05,,
1948-06-07,,
1948-06-19,,
1948-06-21,,
1948-07-02,,
1948-07-05,,
1948-07-16,,
1948-07-19,,
1948-07-30,,
1948-08-02,,
1948-08-13,,
1948-08-16,,
1948-08-27,,
1948-08-30,,
1948-09-11,,
1948-09-13,,
1948-09-25,,
1948-09-27,,
1948-10-08,,
1948-10-11,,
1948-10-22,,
1948-10-25,,
1948-11-06,,
1948-11-08,,
1948-11-20,,
1948-11-22,,
1948-12-03,,
1948-12-06,,
1948-12-17,,
1948-12-20,,
1948-12-31,,
1949-01-03,,
1949-01-14,,
1949-01-17,,
1949-01-28,,
1949-01-31,,
1949-02-14,,
1949-02-28,,
1949-03-11,,
1949-03-14,,
1949-03-25,,
1949-03-28,,
1949-04-09,,
1949-04-11,,
1949-04-23,,
1949-04-25,,
1949-05-06,,
1949-05-09,,
1949-05-20,,
1949-05-23,,
1949-06-04,,
1949-06-06,,
1949-06-18,,
1949-06-20,,
1949-07-01,,
1949-07-04,,
1949-07-15,,
1949-07-18,,
1949-07-29,,
1949-08-01,,
1949-08-12,,
1949-08-15,,
1949-08-26,,
1949-08-29,,
1949-09-10,,
1949-09-12,,
1949-09-24,,
1949-09-26,,
1949-10-07,,
1949-10-10,,
1949-10-21,,
1949-10-24,,
1949-11-05,,
1949-11-07,,
1949-11-19,,
1949-11-21,,
1949-12-02,,
1949-12-05,,
1949-12-16,,
1949-12-19,,
1949-12-30,,
1950-01-02,,
1950-01-13,,
1950-01-16,,
1950-01-27,,
1950-01-30,,
1950-02-13,,
1950-02-27,,
1950-03-10,,
1950-03-13,,
1950-03-24,,
1950-03-27,,
1950-04-08,,
1950-04-10,,
1950-04-22,,
1950-04-24,,
1950-05-05,,
1950-05-08,,
1950-05-19,,
1950-05-22,,
1950-06-03,,
1950-06-05,,
1950-06-17,,
1950-06-19,,
1950-07-01,,
1950-07-03,,
1950-07-14,,
1950-07-17,,
1950-07-28,,
1950-08-01,,
1950-08-11,,
1950-08-14,,
1950-08-25,,
1950-08-28,,
1950-09-09,,
1950-09-11,,
1950-09-23,,
1950-09-25,,
1950-10-06,,
1950-10-09,,
1950-10-20,,
1950-10-23,,
1950-11-04,,
1950-11-06,,
1950-11-18,,
1950-11-20,,
1950-12-01,,
1950-12-04,,
1950-12-15,,
1950-12-18,,
1950-12-29,,
1951-01-01,,
1951-01-12,,
1951-01-15,,
1951-01-26,,
1951-01-29,,
1951-02-12,,
1951-02-26,,
1951-03-09,,
1951-03-12,,
1951-03-23,,
1951-03-26,,
1951-04-07,,
1951-04-09,,
1951-04-21,,
1951-04-23,,
1951-05-04,,
1951-05-07,,
1951-05-18,,
1951-05-21,,
1951-06-02,,
1951-06-04,,
1951-06-16,,
1951-06-18,,
1951-06-30,,
1951-07-02,,
1951-07-13,,
1951-07-16,,
1951-07-27,,
1951-07-30,,
1951-08-10,,
1951-08-13,,
1951-08-24,,
1951-08-27,,
1951-09-08,,
1951-09-10,,
1951-09-22,,
1951-09-24,,
1951-10-05,,
1951-10-08,,
1951-10-19,,
1951-10-22,,
1951-11-03,,
1951-11-05,,
1951-11-17,,
1951-11-19,,
1951-12-01,,
1951-12-03,,
1951-12-14,,
1951-12-17,,
1951-12-28,,
1952-01-01,,
1952-01-11,,
1952-01-14,,
1952-01-25,,
1952-01-28,,
1952-02-10,,
1952-02-11,,
1952-02-24,,
1952-02-25,,
1952-03-07,,
1952-03-10,,
1952-03-21,,
1952-03-24,,
1952-04-05,,
1952-04-07,,
1952-04-19,,
1952-04-21,,
1952-05-02,,
1952-05-05,,
1952-05-16,,
1952-05-19,,
1952-05-30,,
1952-06-02,,
1952-06-14,,
1952-06-16,,
1952-06-28,,
1952-06-30,,
1952-07-11,,
1952-07-14,,
1952-07-25,,
1952-07-28,,
1952-08-08,,
1952-08-11,,
1952-08-22,,
1952-08-25,,
1952-09-06,,
1952-09-08,,
1952-09-20,,
1952-09-22,,
1952-10-03,,
1952-10-06,,
1952-10-17,,
1952-10-20,,
1952-11-01,,
1952-11-03,,
1952-11-15,,
1952-11-17,,
1952-11-29,,
1952-12-01,,
1952-12-12,,
1952-12-15,,
1952-12-26,,
1952-12-29,,
1953-01-09,,
1953-01-12,,
1953-01-23,,
1953-01-26,,
1953-02-09,,
1953-02-23,,
1953-03-06,,
1953-03-09,,
1953-03-20,,
1953-03-23,,
1953-04-04,,
1953-04-06,,
1953-04-18,,
1953-04-20,,
1953-05-01,,
1953-05-04,,
1953-05-15,,
1953-05-18,,
1953-05-29,,
1953-06-01,,
1953-06-13,,
1953-06-15,,
1953-06-27,,
1953-06-29,,
1953-07-10,,
1953-07-13,,
1953-07-24,,
1953-07-27,,
1953-08-07,,
1953-08-10,,
1953-08-21,,
1953-08-24,,
1953-09-05,,
1953-09-07,,
1953-09-19,,
1953-09-21,,
1953-10-02,,
1953-10-05,,
1953-10-16,,
1953-10-19,,
1953-10-30,,
1953-11-02,,
1953-11-14,,
1953-11-16,,
1953-11-28,,
1953-11-30,,
1953-12-11,,
1953-12-14,,
1953-12-25,,
1953-12-28,,
1954-01-08,,
1954-01-11,,
1954-01-22,,
1954-01-25,,
1954-02-08,,
1954-02-22,,
1954-03-05,,
1954-03-08,,
1954-03-19,,
1954-03-22,,
1954-04-03,,
1954-04-05,,
1954-04-17,,
1954-04-19,,
1954-05-01,,
1954-05-03,,
1954-05-14,,
1954-05-17,,
1954-05-28,,
1954-06-01,,
1954-06-12,,
1954-06-14,,
1954-06-26,,
1954-06-28,,
1954-07-09,,
1954-07-12,,
1954-07-23,,
1954-07-26,,
1954-08-06,,
1954-08-09,,
1954-08-20,,
1954-08-23,,
1954-09-04,,
1954-09-06,,
1954-09-18,,
1954-09-20,,
1954-10-01,,
1954-10-04,,
1954-10-15,,
1954-10-18,,
1954-10-29,,
1954-11-01,,
1954-11-13,,
1954-11-15,,
1954-11-27,,
1954-11-29,,
1954-12-06,,
1954-12-10,,
1954-12-13,,
1954-12-20,,
1954-12-24,,
1954-12-27,,
1955-01-03,,
1955-01-07,,
1955-01-10,,
1955-01-17,,
1955-01-21,,
1955-01-24,,
1955-01-31,,
1955-02-07,,
1955-02-14,,
1955-02-21,,
1955-02-28,,
1955-03-04,,
1955-03-07,,
1955-03-14,,
1955-03-18,,
1955-03-21,,
1955-03-28,,
1955-04-02,,
1955-04-04,,
1955-04-11,,
1955-04-16,,
1955-04-18,,
1955-04-25,,
1955-04-30,,
1955-05-02,,
1955-05-09,,
1955-05-13,,
1955-05-16,,
1955-05-23,,
1955-05-27,,
1955-05-30,,
1955-06-06,,
1955-06-11,,
1955-06-13,,
1955-06-20,,
1955-06-25,,
1955-06-27,,
1955-07-04,,
1955-07-08,,
1955-07-11,,
1955-07-18,,
1955-07-22,,
1955-07-25,,
1955-08-01,,
1955-08-05,,
1955-08-08,,
1955-08-15,,
1955-08-19,,
1955-08-22,,
1955-08-29,,
1955-09-03,,
1955-09-05,,
1955-09-12,,
1955-09-17,,
1955-09-19,,
1955-09-26,,
1955-10-01,,
1955-10-03,,
1955-10-10,,
1955-10-14,,
1955-10-17,,
1955-10-24,,
1955-10-28,,
1955-11-01,,
1955-11-07,,
1955-11-12,,
1955-11-14,,
1955-11-21,,
1955-11-26,,
1955-11-28,,
1955-12-05,,
1955-12-09,,
1955-12-12,,
1955-12-19,,
1955-12-23,,
1955-12-26,,
1956-01-02,,
1956-01-06,,
1956-01-09,,
1956-01-16,,
1956-01-20,,
1956-01-23,,
1956-01-30,,
1956-02-05,,
1956-02-06,,
1956-02-13,,
1956-02-19,,
1956-02-20,,
1956-02-27,,
1956-03-02,,
1956-03-05,,
1956-03-12,,
1956-03-16,,
1956-03-19,,
1956-03-26,,
1956-03-30,,
1956-04-02,,
1956-04-09,,
1956-04-14,,
1956-04-16,,
1956-04-23,,
1956-04-28,,
1956-04-30,,
1956-05-07,,
1956-05-11,,
1956-05-14,,
1956-05-21,,
1956-05-25,,
1956-05-28,,
1956-06-04,,
1956-06-09,,
1956-06-11,,
1956-06-18,,
1956-06-23,,
1956-06-25,,
1956-07-02,,
1956-07-06,,
1956-07-09,,
1956-07-16,,
1956-07-20,,
1956-07-23,,
1956-07-30,,
1956-08-03,,
1956-08-06,,
1956-08-13,,
1956-08-17,,
1956-08-20,,
1956-08-27,,
1956-09-01,,
1956-09-03,,
1956-09-10,,
1956-09-15,,
1956-09-17,,
1956-09-24,,
1956-09-29,,
1956-10-01,,
1956-10-08,,
1956-10-12,,
1956-10-15,,
1956-10-22,,
1956-10-26,,
1956-10-29,,
1956-11-05,,
1956-11-10,,
1956-11-12,,
1956-11-19,,
1956-11-24,,
1956-11-26,,
1956-12-03,,
1956-12-07,,
1956-12-10,,
1956-12-17,,
1956-12-21,,
1956-12-24,,
1957-01-01,,
1957-01-04,,
1957-01-07,,
1957-01-14,,
1957-01-18,,
1957-01-21,,
1957-01-28,,
1957-02-04,,
1957-02-11,,
1957-02-18,,
1957-02-25,,
1957-03-01,,
1957-03-04,,
1957-03-11,,
1957-03-15,,
1957-03-18,,
1957-03-25,,
1957-03-29,,
1957-04-01,,
1957-04-08,,
1957-04-13,,
1957-04-15,,
1957-04-22,,
1957-04-27,,
1957-04-29,,
1957-05-06,,
1957-05-10,,
1957-05-13,,
1957-05-20,,
1957-05-24,,
1957-05-27,,
1957-06-03,,
1957-06-08,,
1957-06-10,,
1957-06-17,,
1957-06-22,,
1957-06-24,,
1957-07-01,,
1957-07-05,,
1957-07-08,,
1957-07-15,,
1957-07-19,,
1957-07-22,,
1957-07-29,,
1957-08-02,,
1957-08-05,,
1957-08-12,,
1957-08-16,,
1957-08-19,,
1957-08-26,,
1957-08-30,,
1957-09-02,,
1957-09-09,,
1957-09-14,,
1957-09-16,,
1957-09-23,,
1957-09-28,,
1957-09-30,,
1957-10-07,,
1957-10-11,,
1957-10-14,,
1957-10-21,,
1957-10-25,,
1957-10-28,,
1957-11-04,,
1957-11-09,,
1957-11-11,,
1957-11-18,,
1957-11-23,,
1957-11-25,,
1957-12-02,,
1957-12-06,,
1957-12-09,,
1957-12-16,,
1957-12-20,,
1957-12-23,,
1957-12-30,,
1958-01-03,,
1958-01-06,,
1958-01-13,,
1958-01-17,,
1958-01-20,,
1958-01-27,,
1958-02-03,,
1958-02-10,,
1958-02-17,,
1958-02-24,,
1958-03-03,,
1958-03-10,,
1958-03-14,,
1958-03-17,,
1958-03-24,,
1958-03-28,,
1958-04-03,,
1958-04-07,,
1958-04-12,,
1958-04-14,,
1958-04-21,,
1958-04-26,,
1958-04-28,,
1958-05-05,,
1958-05-09,,
1958-05-12,,
1958-05-19,,
1958-05-23,,
1958-05-26,,
1958-06-02,,
1958-06-07,,
1958-06-09,,
1958-06-16,,
1958-06-21,,
1958-06-23,,
1958-06-30,,
1958-07-04,,
1958-07-07,,
1958-07-14,,
1958-07-18,,
1958-07-21,,
1958-07-28,,
1958-08-01,,
1958-08-04,,
1958-08-11,,
1958-08-15,,
1958-08-18,,
1958-08-25,,
1958-08-29,,
1958-09-01,,
1958-09-08,,
1958-09-13,,
1958-09-15,,
1958-09-22,,
1958-09-27,,
1958-09-29,,
1958-10-06,,
1958-10-10,,
1958-10-13,,
1958-10-20,,
1958-10-24,,
1958-10-27,,
1958-11-03,,
1958-11-08,,
1958-11-10,,
1958-11-17,,
1958-11-22,,
1958-11-24,,
1958-12-01,,
1958-12-05,,
1958-12-08,,
1958-12-15,,
1958-12-19,,
1958-12-22,,
1958-12-29,,
1959-01-02,,
1959-01-05,,
1959-01-12,,
1959-01-16,,
1959-01-19,,
1959-01-26,,
1959-02-02,,
1959-02-09,,
1959-02-16,,
1959-02-23,,
1959-03-02,,
1959-03-09,,
1959-03-13,,
1959-03-16,,
1959-03-23,,
1959-03-27,,
1959-04-02,,
1959-04-06,,
1959-04-11,,
1959-04-13,,
1959-04-20,,
1959-04-25,,
1959-04-27,,
1959-05-04,,
1959-05-08,,
1959-05-11,,
1959-05-18,,
1959-05-22,,
1959-05-25,,
1959-06-01,,
1959-06-06,,
1959-06-08,,
1959-06-15,,
1959-06-20,,
1959-06-22,,
1959-06-29,,
1959-07-03,,
1959-07-06,,
1959-07-13,,
1959-07-17,,
1959-07-20,,
1959-07-27,,
1959-07-31,,
1959-08-03,,
1959-08-10,,
1959-08-14,,
1959-08-17,,
1959-08-24,,
1959-08-28,,
1959-08-31,,
1959-09-07,,
1959-09-12,,
1959-09-14,,
1959-09-21,,
1959-09-26,,
1959-09-28,,
1959-10-05,,
1959-10-09,,
1959-10-12,,
1959-10-19,,
1959-10-23,,
1959-10-26,,
1959-11-02,,
1959-11-07,,
1959-11-09,,
1959-11-16,,
1959-11-21,,
1959-11-23,,
1959-11-30,,
1959-12-04,,
1959-12-07,,
1959-12-14,,
1959-12-18,,
1959-12-21,,
1959-12-28,,
1960-01-01,,
1960-01-04,,
1960-01-11,,
1960-01-15,,
1960-01-18,,
1960-01-25,,
1960-01-29,,
1960-02-01,,
1960-02-08,,
1960-02-14,,
1960-02-15,,
1960-02-22,,
1960-02-28,,
1960-02-29,,
1960-03-07,,
1960-03-11,,
1960-03-14,,
1960-03-21,,
1960-03-25,,
1960-03-28,,
1960-04-04,,
1960-04-09,,
1960-04-11,,
1960-04-18,,
1960-04-23,,
1960-04-25,,
1960-05-02,,
1960-05-06,,
1960-05-09,,
1960-05-16,,
1960-05-20,,
1960-05-23,,
1960-05-30,,
1960-06-04,,
1960-06-06,,
1960-06-13,,
1960-06-18,,
1960-06-20,,
1960-06-27,,
1960-07-01,,
1960-07-04,,
1960-07-11,,
1960-07-15,,
1960-07-18,,
1960-07-25,,
1960-07-29,,
1960-08-01,,
1960-08-08,,
1960-08-12,,
1960-08-15,,
1960-08-22,,
1960-08-26,,
1960-08-29,,
1960-09-05,,
1960-09-10,,
1960-09-12,,
1960-09-19,,
1960-09-24,,
1960-09-26,,
1960-10-03,,
1960-10-07,,
1960-10-10,,
1960-10-17,,
1960-10-21,,
1960-10-24,,
1960-11-01,,
1960-11-05,,
1960-11-07,,
1960-11-14,,
1960-11-19,,
1960-11-21,,
1960-11-28,,
1960-12-02,,
1960-12-05,,
1960-12-12,,
1960-12-16,,
1960-12-19,,
1960-12-26,,
1960-12-30,,
1961-01-02,,
1961-01-09,,
1961-01-13,,
1961-01-16,,
1961-01-23,,
1961-01-27,,
1961-01-30,,
1961-02-06,,
1961-02-13,,
1961-02-20,,
1961-02-27,,
1961-03-06,,
1961-03-10,,
1961-03-13,,
1961-03-20,,
1961-03-24,,
1961-03-27,,
1961-04-03,,
1961-04-08,,
1961-04-10,,
1961-04-17,,
1961-04-22,,
1961-04-24,,
1961-05-01,,
1961-05-05,,
1961-05-08,,
1961-05-15,,
1961-05-19,,
1961-05-22,,
1961-05-29,,
1961-06-03,,
1961-06-05,,
1961-06-12,,
1961-06-17,,
1961-06-19,,
1961-06-26,,
1961-07-01,,
1961-07-03,,
1961-07-10,,
1961-07-14,,
1961-07-17,,
1961-07-24,,
1961-07-28,,
1961-08-01,,
1961-08-07,,
1961-08-11,,
1961-08-14,,
1961-08-21,,
1961-08-25,,
1961-08-28,,
1961-09-04,,
1961-09-09,,
1961-09-11,,
1961-09-18,,
1961-09-23,,
1961-09-25,,
1961-10-02,,
1961-10-06,,
1961-10-09,,
1961-10-16,,
1961-10-20,,
1961-10-23,,
1961-10-30,,
1961-11-04,,
1961-11-06,,
1961-11-13,,
1961-11-18,,
1961-11-20,,
1961-11-27,,
1961-12-01,,
1961-12-04,,
1961-12-11,,
1961-12-15,,
1961-12-18,,
1961-12-25,,
1961-12-29,,
1962-01-01,,
1962-01-08,,
1962-01-12,,
1962-01-15,,
1962-01-22,,
1962-01-26,,
1962-01-29,,
1962-02-05,,
1962-02-12,,
1962-02-19,,
1962-02-26,,
1962-03-05,,
1962-03-09,,
1962-03-12,,
1962-03-19,,
1962-03-23,,
1962-03-26,,
1962-04-02,,
1962-04-07,,
1962-04-09,,
1962-04-16,,
1962-04-21,,
1962-04-23,,
1962-04-30,,
1962-05-04,,
1962-05-07,,
1962-05-14,,
1962-05-18,,
1962-05-21,,
1962-05-28,,
1962-06-02,,
1962-06-04,,
1962-06-11,,
1962-06-16,,
1962-06-18,,
1962-06-25,,
1962-06-30,,
1962-07-02,,
1962-07-09,,
1962-07-13,,
1962-07-16,,
1962-07-23,,
1962-07-27,,
1962-07-30,,
1962-08-06,,
1962-08-10,,
1962-08-13,,
1962-08-20,,
1962-08-24,,
1962-08-27,,
1962-09-03,,
1962-09-08,,
1962-09-10,,
1962-09-17,,
1962-09-22,,
1962-09-24,,
1962-10-01,,
1962-10-05,,
1962-10-08,,
1962-10-15,,
1962-10-19,,
1962-10-22,,
1962-10-29,,
1962-11-03,,
1962-11-05,,
1962-11-12,,
1962-11-17,,
1962-11-19,,
1962-11-26,,
1962-12-01,,
1962-12-03,,
1962-12-10,,
1962-12-14,,
1962-12-17,,
1962-12-24,,
1962-12-28,,
1963-01-01,,
1963-01-07,,
1963-01-11,,
1963-01-14,,
1963-01-21,,
1963-01-25,,
1963-01-28,,
1963-02-04,,
1963-02-11,,
1963-02-18,,
1963-02-25,,
1963-03-04,,
1963-03-08,,
1963-03-11,,
1963-03-18,,
1963-03-22,,
1963-03-25,,
1963-04-01,,
1963-04-06,,
1963-04-08,,
1963-04-15,,
1963-04-20,,
1963-04-22,,
1963-04-29,,
1963-05-03,,
1963-05-06,,
1963-05-13,,
1963-05-17,,
1963-05-20,,
1963-05-27,,
1963-06-01,,
1963-06-03,,
1963-06-10,,
1963-06-15,,
1963-06-17,,
1963-06-24,,
1963-06-29,,
1963-07-01,,
1963-07-08,,
1963-07-12,,
1963-07-15,,
1963-07-22,,
1963-07-26,,
1963-07-29,,
1963-08-05,,
1963-08-09,,
1963-08-12,,
1963-08-19,,
1963-08-23,,
1963-08-26,,
1963-09-02,,
1963-09-07,,
1963-09-09,,
1963-09-16,,
1963-09-21,,
1963-09-23,,
1963-09-30,,
1963-10-04,,
1963-10-07,,
1963-10-14,,
1963-10-18,,
1963-10-21,,
1963-10-28,,
1963-11-02,,
1963-11-04,,
1963-11-11,,
1963-11-16,,
1963-11-18,,
1963-11-25,,
1963-11-30,,
1963-12-02,,
1963-12-09,,
1963-12-13,,
1963-12-16,,
1963-12-23,,
1963-12-27,,
1963-12-30,,
1964-01-06,,
1964-01-10,,
1964-01-13,,
1964-01-20,,
1964-01-24,,
1964-01-27,,
1964-02-03,,
1964-02-09,,
1964-02-10,,
1964-02-17,,
1964-02-23,,
1964-02-24,,
1964-03-02,,
1964-03-06,,
1964-03-09,,
1964-03-16,,
1964-03-20,,
1964-03-23,,
1964-04-01,,
1964-04-04,,
1964-04-06,,
1964-04-13,,
1964-04-18,,
1964-04-20,,
1964-04-27,,
1964-05-01,,
1964-05-04,,
1964-05-11,,
1964-05-15,,
1964-05-18,,
1964-05-25,,
1964-05-29,,
1964-06-01,,
1964-06-08,,
1964-06-13,,
1964-06-15,,
1964-06-22,,
1964-06-27,,
1964-06-29,,
1964-07-06,,
1964-07-10,,
1964-07-13,,
1964-07-20,,
1964-07-24,,
1964-07-27,,
1964-08-03,,
1964-08-07,,
1964-08-10,,
1964-08-17,,
1964-08-21,,
1964-08-24,,
1964-08-31,,
1964-09-05,,
1964-09-07,,
1964-09-14,,
1964-09-19,,
1964-09-21,,
1964-09-28,,
1964-10-02,,
1964-10-05,,
1964-10-12,,
1964-10-16,,
1964-10-19,,
1964-10-26,,
1964-10-30,,
1964-11-02,,
1964-11-09,,
1964-11-14,,
1964-11-16,,
1964-11-23,,
1964-11-28,,
1964-11-30,,
1964-12-07,,
1964-12-11,,
1964-12-14,,
1964-12-21,,
1964-12-25,,
1964-12-28,,
1965-01-04,,
1965-01-08,,
1965-01-11,,
1965-01-18,,
1965-01-22,,
1965-01-25,,
1965-02-01,,
1965-02-08,,
1965-02-15,,
1965-02-22,,
1965-03-01,,
1965-03-05,,
1965-03-08,,
1965-03-15,,
1965-03-19,,
1965-03-22,,
1965-04-01,,
1965-04-03,,
1965-04-05,,
1965-04-12,,
1965-04-17,,
1965-04-19,,
1965-04-26,,
1965-05-01,,
1965-05-03,,
1965-05-10,,
1965-05-14,,
1965-05-17,,
1965-05-24,,
1965-05-28,,
1965-06-01,,
1965-06-07,,
1965-06-12,,
1965-06-14,,
1965-06-21,,
1965-06-26,,
1965-06-28,,
1965-07-05,,
1965-07-09,,
1965-07-12,,
1965-07-19,,
1965-07-23,,
1965-07-26,,
1965-08-02,,
1965-08-06,,
1965-08-09,,
1965-08-16,,
1965-08-20,,
1965-08-23,,
1965-08-30,,
1965-09-04,,
1965-09-06,,
1965-09-13,,
1965-09-18,,
1965-09-20,,
1965-09-27,,
1965-10-01,,
1965-10-04,,
1965-10-11,,
1965-10-15,,
1965-10-18,,
1965-10-25,,
1965-10-29,,
1965-11-01,,
1965-11-08,,
1965-11-13,,
1965-11-15,,
1965-11-22,,
1965-11-27,,
1965-11-29,,
1965-12-06,,
1965-12-10,,
1965-12-13,,
1965-12-20,,
1965-12-24,,
1965-12-27,,
1966-01-03,,
1966-01-07,,
1966-01-10,,
1966-01-17,,
1966-01-21,,
1966-01-24,,
1966-01-31,,
1966-02-07,,
1966-02-14,,
1966-02-21,,
1966-02-28,,
1966-03-04,,
1966-03-07,,
1966-03-14,,
1966-03-18,,
1966-03-21,,
1966-03-28,,
1966-04-02,,
1966-04-04,,
1966-04-11,,
1966-04-16,,
1966-04-18,,
1966-04-25,,
1966-04-30,,
1966-05-02,,
1966-05-09,,
1966-05-13,,
1966-05-16,,
1966-05-23,,
1966-05-27,,
1966-05-30,,
1966-06-06,,
1966-06-11,,
1966-06-13,,
1966-06-20,,
1966-06-25,,
1966-06-27,,
1966-07-04,,
1966-07-08,,
1966-07-11,,
1966-07-18,,
1966-07-22,,
1966-07-25,,
1966-08-01,,
1966-08-05,,
1966-08-08,,
1966-08-15,,
1966-08-19,,
1966-08-22,,
1966-08-29,,
1966-09-03,,
1966-09-05,,
1966-09-12,,
1966-09-17,,
1966-09-19,,
1966-09-26,,
1966-10-01,,
1966-10-03,,
1966-10-10,,
1966-10-14,,
1966-10-17,,
1966-10-24,,
1966-10-28,,
1966-11-01,,
1966-11-07,,
1966-11-12,,
1966-11-14,,
1966-11-21,,
1966-11-26,,
1966-11-28,,
1966-12-05,,
1966-12-09,,
1966-12-12,,
1966-12-19,,
1966-12-23,,
1966-12-26,,
1967-01-02,,
1967-01-06,,
1967-01-09,,
1967-01-16,,
1967-01-20,,
1967-01-23,,
1967-01-30,,
1967-02-06,,
1967-02-13,,
1967-02-20,,
1967-02-27,,
1967-03-03,,
1967-03-06,,
1967-03-13,,
1967-03-17,,
1967-03-20,,
1967-03-27,,
1967-04-01,,
1967-04-03,,
1967-04-10,,
1967-04-15,,
1967-04-17,,
1967-04-24,,
1967-04-29,,
1967-05-01,,
1967-05-08,,
1967-05-12,,
1967-05-15,,
1967-05-22,,
1967-05-26,,
1967-05-29,,
1967-06-05,,
1967-06-10,,
1967-06-12,,
1967-06-19,,
1967-06-24,,
1967-06-26,,
1967-07-03,,
1967-07-07,,
1967-07-10,,
1967-07-17,,
1967-07-21,,
1967-07-24,,
1967-08-01,,
1967-08-04,,
1967-08-07,,
1967-08-14,,
1967-08-18,,
1967-08-21,,
1967-08-28,,
1967-09-02,,
1967-09-04,,
1967-09-11,,
1967-09-16,,
1967-09-18,,
1967-09-25,,
1967-09-30,,
1967-10-02,,
1967-10-09,,
1967-10-13,,
1967-10-16,,
1967-10-23,,
1967-10-27,,
1967-10-30,,
1967-11-06,,
1967-11-11,,
1967-11-13,,
1967-11-20,,
1967-11-25,,
1967-11-27,,
1967-12-04,,
1967-12-08,,
1967-12-11,,
1967-12-18,,
1967-12-22,,
1967-12-25,,
1968-01-01,,
1968-01-05,,
1968-01-08,,
1968-01-15,,
1968-01-19,,
1968-01-22,,
1968-01-29,,
1968-02-04,,
1968-02-05,,
1968-02-12,,
1968-02-18,,
1968-02-19,,
1968-02-26,,
1968-03-01,,
1968-03-04,,
1968-03-11,,
1968-03-15,,
1968-03-18,,
1968-03-25,,
1968-03-29,,
1968-04-01,,
1968-04-08,,
1968-04-13,,
1968-04-15,,
1968-04-22,,
1968-04-27,,
1968-04-29,,
1968-05-06,,
1968-05-10,,
1968-05-13,,
1968-05-20,,
1968-05-24,,
1968-05-27,,
1968-06-03,,
1968-06-08,,
1968-06-10,,
1968-06-17,,
1968-06-22,,
1968-06-24,,
1968-07-01,,
1968-07-05,,
1968-07-08,,
1968-07-15,,
1968-07-19,,
1968-07-22,,
1968-07-29,,
1968-08-02,,
1968-08-05,,
1968-08-12,,
1968-08-16,,
1968-08-19,,
1968-08-26,,
1968-08-30,,
1968-09-02,,
1968-09-09,,
1968-09-14,,
1968-09-16,,
1968-09-23,,
1968-09-28,,
1968-09-30,,
1968-10-07,,
1968-10-11,,
1968-10-14,,
1968-10-21,,
1968-10-25,,
1968-10-28,,
1968-11-04,,
1968-11-09,,
1968-11-11,,
1968-11-18,,
1968-11-23,,
1968-11-25,,
1968-12-02,,
1968-12-06,,
1968-12-09,,
1968-12-16,,
1968-12-20,,
1968-12-23,,
1968-12-30,,
1969-01-03,,
1969-01-06,,
1969-01-13,,
1969-01-17,,
1969-01-20,,
1969-01-27,,
1969-02-03,,
1969-02-10,,
1969-02-17,,
1969-02-24,,
1969-03-03,,
1969-03-10,,
1969-03-14,,
1969-03-17,,
1969-03-24,,
1969-03-28,,
1969-04-03,,
1969-04-07,,
1969-04-12,,
1969-04-14,,
1969-04-21,,
1969-04-26,,
1969-04-28,,
1969-05-05,,
1969-05-09,,
1969-05-12,,
1969-05-19,,
1969-05-23,,
1969-05-26,,
1969-06-02,,
1969-06-07,,
1969-06-09,,
1969-06-16,,
1969-06-21,,
1969-06-23,,
1969-06-30,,
1969-07-04,,
1969-07-07,,
1969-07-14,,
1969-07-18,,
1969-07-21,,
1969-07-28,,
1969-08-01,,
1969-08-04,,
1969-08-11,,
1969-08-15,,
1969-08-18,,
1969-08-25,,
1969-08-29,,
1969-09-01,,
1969-09-08,,
1969-09-13,,
1969-09-15,,
1969-09-22,,
1969-09-27,,
1969-09-29,,
1969-10-06,,
1969-10-10,,
1969-10-13,,
1969-10-20,,
1969-10-24,,
1969-10-27,,
1969-11-03,,
1969-11-08,,
1969-11-10,,
1969-11-17,,
1969-11-22,,
1969-11-24,,
1969-12-01,,
1969-12-05,,
1969-12-08,,
1969-12-15,,
1969-12-19,,
1969-12-22,,
1969-12-29,,
1970-01-02,,
1970-01-05,,
1970-01-12,,
1970-01-16,,
1970-01-19,,
1970-01-26,,
1970-02-02,,
1970-02-09,,
1970-02-16,,
1970-02-23,,
1970-03-02,,
1970-03-09,,
1970-03-13,,
1970-03-16,,
1970-03-23,,
1970-03-27,,
1970-04-02,,
1970-04-06,,
1970-04-11,,
1970-04-13,,
1970-04-20,,
1970-04-25,,
1970-04-27,,
1970-05-04,,
1970-05-08,,
1970-05-11,,
1970-05-18,,
1970-05-22,,
1970-05-25,,
1970-06-01,,
1970-06-06,,
1970-06-08,,
1970-06-15,,
1970-06-20,,
1970-06-22,,
1970-06-29,,
1970-07-03,,
1970-07-06,,
1970-07-13,,
1970-07-17,,
1970-07-20,,
1970-07-27,,
1970-07-31,,
1970-08-03,,
1970-08-10,,
1970-08-14,,
1970-08-17,,
1970-08-24,,
1970-08-28,,
1970-08-31,,
1970-09-07,,
1970-09-12,,
1970-09-14,,
1970-09-21,,
1970-09-26,,
1970-09-28,,
1970-10-05,,
1970-10-09,,
1970-10-12,,
1970-10-19,,
1970-10-23,,
1970-10-26,,
1970-11-02,,
1970-11-07,,
1970-11-09,,
1970-11-16,,
1970-11-21,,
1970-11-23,,
1970-11-30,,
1970-12-04,,
1970-12-07,,
1970-12-14,,
1970-12-18,,
1970-12-21,,
1970-12-28,,
1971-01-01,,
1971-01-04,,
1971-01-11,,
1971-01-15,,
1971-01-18,,
1971-01-25,,
1971-02-01,,
1971-02-08,,
1971-02-15,,
1971-02-22,,
1971-03-01,,
1971-03-08,,
1971-03-12,,
1971-03-15,,
1971-03-22,,
1971-03-26,,
1971-04-01,,
1971-04-05,,
1971-04-10,,
1971-04-12,,
1971-04-19,,
1971-04-24,,
1971-04-26,,
1971-05-03,,
1971-05-07,,
1971-05-10,,
1971-05-17,,
1971-05-21,,
1971-05-24,,
1971-06-01,,
1971-06-05,,
1971-06-07,,
1971-06-14,,
1971-06-19,,
1971-06-21,,
1971-06-28,,
1971-07-02,,
1971-07-05,,
1971-07-12,,
1971-07-16,,
1971-07-19,,
1971-07-26,,
1971-07-30,,
1971-08-02,,
1971-08-09,,
1971-08-13,,
1971-08-16,,
1971-08-23,,
1971-08-27,,
1971-08-30,,
1971-09-06,,
1971-09-11,,
1971-09-13,,
1971-09-20,,
1971-09-25,,
1971-09-27,,
1971-10-04,,
1971-10-08,,
1971-10-11,,
1971-10-18,,
1971-10-22,,
1971-10-25,,
1971-11-01,,
1971-11-06,,
1971-11-08,,
1971-11-15,,
1971-11-20,,
1971-11-22,,
1971-11-29,,
1971-12-03,,
1971-12-06,,
1971-12-13,,
1971-12-17,,
1971-12-20,,
1971-12-27,,
1971-12-31,,
1972-01-03,,
1972-01-10,,
1972-01-14,,
1972-01-17,,
1972-01-24,,
1972-01-28,,
1972-01-31,,
1972-02-07,,
1972-02-13,,
1972-02-14,,
1972-02-21,,
1972-02-27,,
1972-02-28,,
1972-03-06,,
1972-03-10,,
1972-03-13,,
1972-03-20,,
1972-03-24,,
1972-03-27,,
1972-04-03,,
1972-04-08,,
1972-04-10,,
1972-04-17,,
1972-04-22,,
1972-04-24,,
1972-05-01,,
1972-05-05,,
1972-05-08,,
1972-05-15,,
1972-05-19,,
1972-05-22,,
1972-05-29,,
1972-06-03,,
1972-06-05,,
1972-06-12,,
1972-06-17,,
1972-06-19,,
1972-06-26,,
1972-07-01,,
1972-07-03,,
1972-07-10,,
1972-07-14,,
1972-07-17,,
1972-07-24,,
1972-07-28,,
1972-08-01,,
1972-08-07,,
1972-08-11,,
1972-08-14,,
1972-08-21,,
1972-08-25,,
1972-08-28,,
1972-09-04,,
1972-09-09,,
1972-09-11,,
1972-09-18,,
1972-09-23,,
1972-09-25,,
1972-10-02,,
1972-10-06,,
1972-10-09,,
1972-10-16,,
1972-10-20,,
1972-10-23,,
1972-10-30,,
1972-11-04,,
1972-11-06,,
1972-11-13,,
1972-11-18,,
1972-11-20,,
1972-11-27,,
1972-12-01,,
1972-12-04,,
1972-12-11,,
1972-12-15,,
1972-12-18,,
1972-12-25,,
1972-12-29,,
1973-01-01,,
1973-01-08,,
1973-01-12,,
1973-01-15,,
1973-01-22,,
1973-01-26,,
1973-01-29,,
1973-02-05,,
1973-02-12,,
1973-02-19,,
1973-02-26,,
1973-03-05,,
1973-03-09,,
1973-03-12,,
1973-03-19,,
1973-03-23,,
1973-03-26,,
1973-04-02,,
1973-04-07,,
1973-04-09,,
1973-04-16,,
1973-04-21,,
1973-04-23,,
1973-04-30,,
1973-05-04,,
1973-05-07,,
1973-05-14,,
1973-05-18,,
1973-05-21,,
1973-05-28,,
1973-06-02,,
1973-06-04,,
1973-06-11,,
1973-06-16,,
1973-06-18,,
1973-06-25,,
1973-06-30,,
1973-07-02,,
1973-07-09,,
1973-07-13,,
1973-07-16,,
1973-07-23,,
1973-07-27,,
1973-07-30,,
1973-08-06,,
1973-08-10,,
1973-08-13,,
1973-08-20,,
1973-08-24,,
1973-08-27,,
1973-09-03,,
1973-09-08,,
1973-09-10,,
1973-09-17,,
1973-09-22,,
1973-09-24,,
1973-10-01,,
1973-10-05,,
1973-10-08,,
1973-10-15,,
1973-10-19,,
1973-10-22,,
1973-10-29,,
1973-11-03,,
1973-11-05,,
1973-11-12,,
1973-11-17,,
1973-11-19,,
1973-11-26,,
1973-12-01,,
1973-12-03,,
1973-12-10,,
1973-12-14,,
1973-12-17,,
1973-12-24,,
1973-12-28,,
1974-01-01,,
1974-01-07,,
1974-01-11,,
1974-01-14,,
1974-01-21,,
1974-01-25,,
1974-01-28,,
1974-02-04,,
1974-02-11,,
1974-02-18,,
1974-02-25,,
1974-03-04,,
1974-03-08,,
1974-03-11,,
1974-03-18,,
1974-03-22,,
1974-03-25,,
1974-04-01,,
1974-04-06,,
1974-04-08,,
1974-04-15,,
1974-04-20,,
1974-04-22,,
1974-04-29,,
1974-05-03,,
1974-05-06,,
1974-05-13,,
1974-05-17,,
1974-05-20,,
1974-05-27,,
1974-06-01,,
1974-06-03,,
1974-06-10,,
1974-06-15,,
1974-06-17,,
1974-06-24,,
1974-06-29,,
1974-07-01,,
1974-07-08,,
1974-07-12,,
1974-07-15,,
1974-07-22,,
1974-07-26,,
1974-07-29,,
1974-08-05,,
1974-08-09,,
1974-08-12,,
1974-08-19,,
1974-08-23,,
1974-08-26,,
1974-09-02,,
1974-09-07,,
1974-09-09,,
1974-09-16,,
1974-09-21,,
1974-09-23,,
1974-09-30,,
1974-10-04,,
1974-10-07,,
1974-10-14,,
1974-10-18,,
1974-10-21,,
1974-10-28,,
1974-11-02,,
1974-11-04,,
1974-11-11,,
1974-11-16,,
1974-11-18,,
1974-11-25,,
1974-11-30,,
1974-12-02,,
1974-12-09,,
1974-12-13,,
1974-12-16,,
1974-12-23,,
1974-12-27,,
1974-12-30,,
1975-01-06,,
1975-01-10,,
1975-01-13,,
1975-01-20,,
1975-01-24,,
1975-01-27,,
1975-02-03,,
1975-02-10,,
1975-02-17,,
1975-02-24,,
1975-03-03,,
1975-03-07,,
1975-03-10,,
1975-03-17,,
1975-03-21,,
1975-03-24,,
1975-04-03,,
1975-04-05,,
1975-04-07,,
1975-04-14,,
1975-04-19,,
1975-04-21,,
1975-04-28,,
1975-05-02,,
1975-05-05,,
1975-05-12,,
1975-05-16,,
1975-05-19,,
1975-05-26,,
1975-05-30,,
1975-06-02,,
1975-06-09,,
1975-06-14,,
1975-06-16,,
1975-06-23,,
1975-06-28,,
1975-06-30,,
1975-07-07,,
1975-07-11,,
1975-07-14,,
1975-07-21,,
1975-07-25,,
1975-07-28,,
1975-08-04,,
1975-08-08,,
1975-08-11,,
1975-08-18,,
1975-08-22,,
1975-08-25,,
1975-09-01,,
1975-09-06,,
1975-09-08,,
1975-09-15,,
1975-09-20,,
1975-09-22,,
1975-09-29,,
1975-10-03,,
1975-10-06,,
1975-10-13,,
1975-10-17,,
1975-10-20,,
1975-10-27,,
1975-11-01,,
1975-11-03,,
1975-11-10,,
1975-11-15,,
1975-11-17,,
1975-11-24,,
1975-11-29,,
1975-12-01,,
1975-12-08,,
1975-12-12,,
1975-12-15,,
1975-12-22,,
1975-12-26,,
1975-12-29,,
1976-01-05,,
1976-01-09,,
1976-01-12,,
1976-01-19,,
1976-01-23,,
1976-01-26,,
1976-02-02,,
1976-02-08,,
1976-02-09,,
1976-02-16,,
1976-02-22,,
1976-02-23,,
1976-03-01,,
1976-03-05,,
1976-03-08,,
1976-03-15,,
1976-03-19,,
1976-03-22,,
1976-03-29,,
1976-04-03,,
1976-04-05,,
1976-04-12,,
1976-04-17,,
1976-04-19,,
1976-04-26,,
1976-05-01,,
1976-05-03,,
1976-05-10,,
1976-05-14,,
1976-05-17,,
1976-05-24,,
1976-05-28,,
1976-06-01,,
1976-06-07,,
1976-06-12,,
1976-06-14,,
1976-06-21,,
1976-06-26,,
1976-06-28,,
1976-07-05,,
1976-07-09,,
1976-07-12,,
1976-07-19,,
1976-07-23,,
1976-07-26,,
1976-08-02,,
1976-08-06,,
1976-08-09,,
1976-08-16,,
1976-08-20,,
1976-08-23,,
1976-08-30,,
1976-09-04,,
1976-09-06,,
1976-09-13,,
1976-09-18,,
1976-09-20,,
1976-09-27,,
1976-10-01,,
1976-10-04,,
1976-10-11,,
1976-10-15,,
1976-10-18,,
1976-10-25,,
1976-10-29,,
1976-11-01,,
1976-11-08,,
1976-11-13,,
1976-11-15,,
1976-11-22,,
1976-11-27,,
1976-11-29,,
1976-12-06,,
1976-12-10,,
1976-12-13,,
1976-12-20,,
1976-12-24,,
1976-12-27,,
1977-01-03,,
1977-01-07,,
1977-01-10,,
1977-01-17,,
1977-01-21,,
1977-01-24,,
1977-01-31,,
1977-02-07,,
1977-02-14,,
1977-02-21,,
1977-02-28,,
1977-03-04,,
1977-03-07,,
1977-03-14,,
1977-03-18,,
1977-03-21,,
1977-03-28,,
1977-04-02,,
1977-04-04,,
1977-04-11,,
1977-04-16,,
1977-04-18,,
1977-04-25,,
1977-04-30,,
1977-05-02,,
1977-05-09,,
1977-05-13,,
1977-05-16,,
1977-05-23,,
1977-05-27,,
1977-05-30,,
1977-06-06,,
1977-06-11,,
1977-06-13,,
1977-06-20,,
1977-06-25,,
1977-06-27,,
1977-07-04,,
1977-07-08,,
1977-07-11,,
1977-07-18,,
1977-07-22,,
1977-07-25,,
1977-08-01,,
1977-08-05,,
1977-08-08,,
1977-08-15,,
1977-08-19,,
1977-08-22,,
1977-08-29,,
1977-09-03,,
1977-09-05,,
1977-09-12,,
1977-09-17,,
1977-09-19,,
1977-09-26,,
1977-10-01,,
1977-10-03,,
1977-10-10,,
1977-10-14,,
1977-10-17,,
1977-10-24,,
1977-10-28,,
1977-11-01,,
1977-11-07,,
1977-11-12,,
1977-11-14,,
1977-11-21,,
1977-11-26,,
1977-11-28,,
1977-12-05,,
1977-12-09,,
1977-12-12,,
1977-12-19,,
1977-12-23,,
1977-12-26,,
1978-01-02,,
1978-01-06,,
1978-01-09,,
1978-01-16,,
1978-01-20,,
1978-01-23,,
1978-01-30,,
1978-02-06,,
1978-02-13,,
1978-02-20,,
1978-02-27,,
1978-03-03,,
1978-03-06,,
1978-03-13,,
1978-03-17,,
1978-03-20,,
1978-03-27,,
1978-04-01,,
1978-04-03,,
1978-04-10,,
1978-04-15,,
1978-04-17,,
1978-04-24,,
1978-04-29,,
1978-05-01,,
1978-05-08,,
1978-05-12,,
1978-05-15,,
1978-05-22,,
1978-05-26,,
1978-05-29,,
1978-06-05,,
1978-06-10,,
1978-06-12,,
1978-06-19,,
1978-06-24,,
1978-06-26,,
1978-07-03,,
1978-07-07,,
1978-07-10,,
1978-07-17,,
1978-07-21,,
1978-07-24,,
1978-08-01,,
1978-08-04,,
1978-08-07,,
1978-08-14,,
1978-08-18,,
1978-08-21,,
1978-08-28,,
1978-09-02,,
1978-09-04,,
1978-09-11,,
1978-09-16,,
1978-09-18,,
1978-09-25,,
1978-09-30,,
1978-10-02,,
1978-10-09,,
1978-10-13,,
1978-10-16,,
1978-10-23,,
1978-10-27,,
1978-10-30,,
1978-11-06,,
1978-11-11,,
1978-11-13,,
1978-11-20,,
1978-11-25,,
1978-11-27,,
1978-12-04,,
1978-12-08,,
1978-12-11,,
1978-12-18,,
1978-12-22,,
1978-12-25,,
1979-01-01,,
1979-01-05,,
1979-01-08,,
1979-01-15,,
1979-01-19,,
1979-01-22,,
1979-01-29,,
1979-02-05,,
1979-02-12,,
1979-02-19,,
1979-02-26,,
1979-03-02,,
1979-03-05,,
1979-03-12,,
1979-03-16,,
1979-03-19,,
1979-03-26,,
1979-03-30,,
1979-04-02,,
1979-04-09,,
1979-04-14,,
1979-04-16,,
1979-04-23,,
1979-04-28,,
1979-04-30,,
1979-05-07,,
1979-05-11,,
1979-05-14,,
1979-05-21,,
1979-05-25,,
1979-05-28,,
1979-06-04,,
1979-06-09,,
1979-06-11,,
1979-06-18,,
1979-06-23,,
1979-06-25,,
1979-07-02,,
1979-07-06,,
1979-07-09,,
1979-07-16,,
1979-07-20,,
1979-07-23,,
1979-07-30,,
1979-08-03,,
1979-08-06,,
1979-08-13,,
1979-08-17,,
1979-08-20,,
1979-08-27,,
1979-09-01,,
1979-09-03,,
1979-09-10,,
1979-09-15,,
1979-09-17,,
1979-09-24,,
1979-09-29,,
1979-10-01,,
1979-10-08,,
1979-10-12,,
1979-10-15,,
1979-10-22,,
1979-10-26,,
1979-10-29,,
1979-11-05,,
1979-11-10,,
1979-11-12,,
1979-11-19,,
1979-11-24,,
1979-11-26,,
1979-12-03,,
1979-12-07,,
1979-12-10,,
1979-12-17,,
1979-12-21,,
1979-12-24,,
1980-01-01,,
1980-01-04,,
1980-01-07,,
1980-01-14,,
1980-01-18,,
1980-01-21,,
1980-01-28,,
1980-02-03,,
1980-02-04,,
1980-02-11,,
1980-02-17,,
1980-02-18,,
1980-02-25,,
1980-03-02,,
1980-03-03,,
1980-03-10,,
1980-03-14,,
1980-03-17,,
1980-03-24,,
1980-03-28,,
1980-04-02,,
1980-04-07,,
1980-04-12,,
1980-04-14,,
1980-04-21,,
1980-04-26,,
1980-04-28,,
1980-05-05,,
1980-05-09,,
1980-05-12,,
1980-05-19,,
1980-05-23,,
1980-05-26,,
1980-06-02,,
1980-06-07,,
1980-06-09,,
1980-06-16,,
1980-06-21,,
1980-06-23,,
1980-06-30,,
1980-07-04,,
1980-07-07,,
1980-07-14,,
1980-07-18,,
1980-07-21,,
1980-07-28,,
1980-08-01,,
1980-08-04,,
1980-08-11,,
1980-08-15,,
1980-08-18,,
1980-08-25,,
1980-08-29,,
1980-09-01,,
1980-09-08,,
1980-09-13,,
1980-09-15,,
1980-09-22,,
1980-09-27,,
1980-09-29,,
1980-10-06,,
1980-10-10,,
1980-10-13,,
1980-10-20,,
1980-10-24,,
1980-10-27,,
1980-11-03,,
1980-11-08,,
1980-11-10,,
1980-11-17,,
1980-11-22,,
1980-11-24,,
1980-12-01,,
1980-12-05,,
1980-12-08,,
1980-12-15,,
1980-12-19,,
1980-12-22,,
1980-12-29,,
1981-01-02,,
1981-01-05,,
1981-01-12,,
1981-01-16,,
1981-01-19,,
1981-01-26,,
1981-02-02,,
1981-02-09,,
1981-02-16,,
1981-02-23,,
1981-03-02,,
1981-03-09,,
1981-03-13,,
1981-03-16,,
1981-03-23,,
1981-03-27,,
1981-04-02,,
1981-04-06,,
1981-04-11,,
1981-04-13,,
1981-04-20,,
1981-04-25,,
1981-04-27,,
1981-05-04,,
1981-05-08,,
1981-05-11,,
1981-05-18,,
1981-05-22,,
1981-05-25,,
1981-06-01,,
1981-06-06,,
1981-06-08,,
1981-06-15,,
1981-06-20,,
1981-06-22,,
1981-06-29,,
1981-07-03,,
1981-07-06,,
1981-07-13,,
1981-07-17,,
1981-07-20,,
1981-07-27,,
1981-07-31,,
1981-08-03,,
1981-08-10,,
1981-08-14,,
1981-08-17,,
1981-08-24,,
1981-08-28,,
1981-08-31,,
1981-09-07,,
1981-09-12,,
1981-09-14,,
1981-09-21,,
1981-09-26,,
1981-09-28,,
1981-10-05,,
1981-10-09,,
1981-10-12,,
1981-10-19,,
1981-10-23,,
1981-10-26,,
1981-11-02,,
1981-11-07,,
1981-11-09,,
1981-11-16,,
1981-11-21,,
1981-11-23,,
1981-11-30,,
1981-12-04,,
1981-12-07,,
1981-12-14,,
1981-12-18,,
1981-12-21,,
1981-12-28,,
1982-01-01,,
1982-01-04,,
1982-01-11,,
1982-01-15,,
1982-01-18,,
1982-01-25,,
1982-02-01,,
1982-02-08,,
1982-02-15,,
1982-02-22,,
1982-03-01,,
1982-03-08,,
1982-03-12,,
1982-03-15,,
1982-03-22,,
1982-03-26,,
1982-04-01,,
1982-04-05,,
1982-04-10,,
1982-04-12,,
1982-04-19,,
1982-04-24,,
1982-04-26,,
1982-05-03,,
1982-05-07,,
1982-05-10,,
1982-05-17,,
1982-05-21,,
1982-05-24,,
1982-06-01,,
1982-06-04,,
1982-06-05,,
1982-06-07,,
1982-06-14,,
1982-06-19,,
1982-06-21,,
1982-06-28,,
1982-07-02,,
1982-07-05,,
1982-07-12,,
1982-07-16,,
1982-07-19,,
1982-07-26,,
1982-07-30,,
1982-08-02,,
1982-08-09,,
1982-08-13,,
1982-08-16,,
1982-08-23,,
1982-08-27,,
1982-08-30,,
1982-09-06,,
1982-09-11,,
1982-09-13,,
1982-09-20,,
1982-09-25,,
1982-09-27,,
1982-10-04,,
1982-10-08,,
1982-10-11,,
1982-10-18,,
1982-10-22,,
1982-10-25,,
1982-11-01,,
1982-11-06,,
1982-11-08,,
1982-11-15,,
1982-11-20,,
1982-11-22,,
1982-11-29,,
1982-12-03,,
1982-12-06,,
1982-12-13,,
1982-12-17,,
1982-12-20,,
1982-12-27,,
1982-12-30,,
1982-12-31,,
1983-01-03,,
1983-01-10,,
1983-01-14,,
1983-01-17,,
1983-01-24,,
1983-01-28,,
1983-01-31,,
1983-02-07,,
1983-02-14,,
1983-02-21,,
1983-02-28,,
1983-03-07,,
1983-03-11,,
1983-03-14,,
1983-03-21,,
1983-03-25,,
1983-03-28,,
1983-04-04,,
1983-04-09,,
1983-04-11,,
1983-04-18,,
1983-04-23,,
1983-04-25,,
1983-05-02,,
1983-05-06,,
1983-05-09,,
1983-05-16,,
1983-05-20,,
1983-05-23,,
1983-05-30,,
1983-06-04,,
1983-06-06,,
1983-06-13,,
1983-06-18,,
1983-06-20,,
1983-06-27,,
1983-07-01,,
1983-07-04,,
1983-07-11,,
1983-07-15,,
1983-07-18,,
1983-07-25,,
1983-07-29,,
1983-08-01,,
1983-08-08,,
1983-08-12,,
1983-08-15,,
1983-08-22,,
1983-08-26,,
1983-08-29,,
1983-09-05,,
1983-09-10,,
1983-09-12,,
1983-09-19,,
1983-09-24,,
1983-09-26,,
1983-10-03,,
1983-10-07,,
1983-10-10,,
1983-10-17,,
1983-10-21,,
1983-10-24,,
1983-11-01,,
1983-11-05,,
1983-11-07,,
1983-11-14,,
1983-11-19,,
1983-11-21,,
1983-11-28,,
1983-12-02,,
1983-12-05,,
1983-12-12,,
1983-12-16,,
1983-12-19,,
1983-12-26,,
1983-12-30,,
1984-01-02,,
1984-01-09,,
1984-01-13,,
1984-01-16,,
1984-01-23,,
1984-01-27,,
1984-01-30,,
1984-02-06,,
1984-02-12,,
1984-02-13,,
1984-02-20,,
1984-02-26,,
1984-02-27,,
1984-03-05,,
1984-03-09,,
1984-03-12,,
1984-03-19,,
1984-03-23,,
1984-03-26,,
1984-04-02,,
1984-04-07,,
1984-04-09,,
1984-04-16,,
1984-04-21,,
1984-04-23,,
1984-04-30,,
1984-05-04,,
1984-05-07,,
1984-05-14,,
1984-05-18,,
1984-05-21,,
1984-05-28,,
1984-06-02,,
1984-06-04,,
1984-06-05,,
1984-06-11,,
1984-06-16,,
1984-06-18,,
1984-06-25,,
1984-06-30,,
1984-07-01,,
1984-07-02,,
1984-07-09,,
1984-07-13,,
1984-07-16,,
1984-07-23,,
1984-07-27,,
1984-07-30,,
1984-08-06,,
1984-08-10,,
1984-08-13,,
1984-08-20,,
1984-08-24,,
1984-08-27,,
1984-08-30,,
1984-09-03,,
1984-09-08,,
1984-09-10,,
1984-09-17,,
1984-09-22,,
1984-09-24,,
1984-10-01,,
1984-10-05,,
1984-10-08,,
1984-10-15,,
1984-10-19,,
1984-10-22,,
1984-10-29,,
1984-10-30,,
1984-11-03,,
1984-11-05,,
1984-11-12,,
1984-11-17,,
1984-11-19,,
1984-11-26,,
1984-12-01,,
1984-12-03,,
1984-12-10,,
1984-12-14,,
1984-12-17,,
1984-12-24,,
1984-12-28,,
1984-12-30,,
1985-01-01,,
1985-01-07,,
1985-01-11,,
1985-01-14,,
1985-01-21,,
1985-01-25,,
1985-01-28,,
1985-02-04,,
1985-02-11,,
1985-02-18,,
1985-02-25,,
1985-03-03,,
1985-03-04,,
1985-03-08,,
1985-03-11,,
1985-03-18,,
1985-03-22,,
1985-03-25,,
1985-03-30,,
1985-04-01,,
1985-04-06,,
1985-04-08,,
1985-04-15,,
1985-04-20,,
1985-04-22,,
1985-04-29,,
1985-05-01,,
1985-05-03,,
1985-05-06,,
1985-05-13,,
1985-05-17,,
1985-05-20,,
1985-05-27,,
1985-05-30,,
1985-06-01,,
1985-06-03,,
1985-06-10,,
1985-06-15,,
1985-06-17,,
1985-06-24,,
1985-06-29,,
1985-07-01,,
1985-07-08,,
1985-07-12,,
1985-07-15,,
1985-07-22,,
1985-07-26,,
1985-07-29,,
1985-07-30,,
1985-08-05,,
1985-08-09,,
1985-08-12,,
1985-08-19,,
1985-08-23,,
1985-08-26,,
1985-08-30,,
1985-09-02,,
1985-09-07,,
1985-09-09,,
1985-09-16,,
1985-09-21,,
1985-09-23,,
1985-09-30,,
1985-10-01,,
1985-10-04,,
1985-10-07,,
1985-10-14,,
1985-10-18,,
1985-10-21,,
1985-10-28,,
1985-10-30,,
1985-11-02,,
1985-11-04,,
1985-11-11,,
1985-11-16,,
1985-11-18,,
1985-11-25,,
1985-11-30,,
1985-12-01,,
1985-12-02,,
1985-12-09,,
1985-12-13,,
1985-12-16,,
1985-12-23,,
1985-12-27,,
1985-12-30,,
1986-01-06,,
1986-01-10,,
1986-01-13,,
1986-01-20,,
1986-01-24,,
1986-01-27,,
1986-01-28,,
1986-02-03,,
1986-02-10,,
1986-02-17,,
1986-02-24,,
1986-03-03,,
1986-03-07,,
1986-03-10,,
1986-03-17,,
1986-03-21,,
1986-03-24,,
1986-03-30,,
1986-04-03,,
1986-04-05,,
1986-04-07,,
1986-04-14,,
1986-04-19,,
1986-04-21,,
1986-04-28,,
1986-05-01,,
1986-05-02,,
1986-05-05,,
1986-05-12,,
1986-05-16,,
1986-05-19,,
1986-05-26,,
1986-05-30,,
1986-06-02,,
1986-06-09,,
1986-06-14,,
1986-06-16,,
1986-06-23,,
1986-06-28,,
1986-06-30,,
1986-07-01,,
1986-07-07,,
1986-07-11,,
1986-07-14,,
1986-07-21,,
1986-07-25,,
1986-07-28,,
1986-07-30,,
1986-08-04,,
1986-08-08,,
1986-08-11,,
1986-08-18,,
1986-08-22,,
1986-08-25,,
1986-08-30,,
1986-09-01,,
1986-09-06,,
1986-09-08,,
1986-09-15,,
1986-09-20,,
1986-09-22,,
1986-09-29,,
1986-10-01,,
1986-10-03,,
1986-10-06,,
1986-10-13,,
1986-10-17,,
1986-10-20,,
1986-10-27,,
1986-10-30,,
1986-11-01,,
1986-11-03,,
1986-11-10,,
1986-11-15,,
1986-11-17,,
1986-11-24,,
1986-11-29,,
1986-12-01,,
1986-12-08,,
1986-12-12,,
1986-12-15,,
1986-12-22,,
1986-12-26,,
1986-12-29,,
1986-12-30,,
1987-01-05,,
1987-01-09,,
1987-01-12,,
1987-01-19,,
1987-01-23,,
1987-01-26,,
1987-01-28,,
1987-02-02,,
1987-02-09,,
1987-02-16,,
1987-02-23,,
1987-03-02,,
1987-03-03,,
1987-03-06,,
1987-03-09,,
1987-03-16,,
1987-03-20,,
1987-03-23,,
1987-03-30,,
1987-04-02,,
1987-04-04,,
1987-04-06,,
1987-04-13,,
1987-04-18,,
1987-04-20,,
1987-04-27,,
1987-05-01,,
1987-05-04,,
1987-05-11,,
1987-05-15,,
1987-05-18,,
1987-05-25,,
1987-05-29,,
1987-05-30,,
1987-06-01,,
1987-06-08,,
1987-06-13,,
1987-06-15,,
1987-06-22,,
1987-06-27,,
1987-06-29,,
1987-07-01,,
1987-07-06,,
1987-07-10,,
1987-07-13,,
1987-07-20,,
1987-07-24,,
1987-07-27,,
1987-07-30,,
1987-08-03,,
1987-08-07,,
1987-08-10,,
1987-08-17,,
1987-08-21,,
1987-08-24,,
1987-08-30,,
1987-08-31,,
1987-09-05,,
1987-09-07,,
1987-09-11,,
1987-09-14,,
1987-09-19,,
1987-09-21,,
1987-09-28,,
1987-09-29,,
1987-10-01,,
1987-10-02,,
1987-10-05,,
1987-10-12,,
1987-10-16,,
1987-10-19,,
1987-10-26,,
1987-10-30,,
1987-11-02,,
1987-11-06,,
1987-11-09,,
1987-11-14,,
1987-11-16,,
1987-11-23,,
1987-11-28,,
1987-11-30,,
1987-12-01,,
1987-12-07,,
1987-12-11,,
1987-12-14,,
1987-12-21,,
1987-12-25,,
1987-12-28,,
1987-12-30,,
1988-01-04,,
1988-01-08,,
1988-01-11,,
1988-01-18,,
1988-01-22,,
1988-01-25,,
1988-01-28,,
1988-02-01,,
1988-02-07,,
1988-02-08,,
1988-02-15,,
1988-02-21,,
1988-02-22,,
1988-02-29,,
1988-03-02,,
1988-03-04,,
1988-03-07,,
1988-03-14,,
1988-03-18,,
1988-03-21,,
1988-03-28,,
1988-03-30,,
1988-04-02,,
1988-04-04,,
1988-04-05,,
1988-04-11,,
1988-04-16,,
1988-04-18,,
1988-04-25,,
1988-04-30,,
1988-05-01,,
1988-05-02,,
1988-05-09,,
1988-05-13,,
1988-05-16,,
1988-05-23,,
1988-05-27,,
1988-05-30,,
1988-06-06,,
1988-06-11,,
1988-06-13,,
1988-06-20,,
1988-06-25,,
1988-06-27,,
1988-06-30,,
1988-07-01,,
1988-07-04,,
1988-07-08,,
1988-07-11,,
1988-07-18,,
1988-07-22,,
1988-07-25,,
1988-07-30,,
1988-08-01,,
1988-08-05,,
1988-08-08,,
1988-08-15,,
1988-08-19,,
1988-08-22,,
1988-08-29,,
1988-08-30,,
1988-09-03,,
1988-09-05,,
1988-09-12,,
1988-09-17,,
1988-09-19,,
1988-09-26,,
1988-09-30,,
1988-10-01,,
1988-10-03,,
1988-10-10,,
1988-10-14,,
1988-10-17,,
1988-10-24,,
1988-10-28,,
1988-10-30,,
1988-11-01,,
1988-11-07,,
1988-11-12,,
1988-11-14,,
1988-11-21,,
1988-11-26,,
1988-11-28,,
1988-12-01,,
1988-12-05,,
1988-12-09,,
1988-12-12,,
1988-12-19,,
1988-12-23,,
1988-12-26,,
1988-12-27,,
1988-12-30,,
1989-01-02,,
1989-01-06,,
1989-01-09,,
1989-01-10,,
1989-01-16,,
1989-01-17,,
1989-01-20,,
1989-01-23,,
1989-01-28,,
1989-01-30,,
1989-02-06,,
1989-02-13,,
1989-02-14,,
1989-02-20,,
1989-02-27,,
1989-03-03,,
1989-03-06,,
1989-03-13,,
1989-03-17,,
1989-03-20,,
1989-03-27,,
1989-03-28,,
1989-03-30,,
1989-04-01,,
1989-04-03,,
1989-04-10,,
1989-04-15,,
1989-04-17,,
1989-04-24,,
1989-04-29,,
1989-05-01,,
1989-05-02,,
1989-05-08,,
1989-05-12,,
1989-05-15,,
1989-05-16,,
1989-05-22,,
1989-05-26,,
1989-05-29,,
1989-06-05,,
1989-06-10,,
1989-06-12,,
1989-06-19,,
1989-06-24,,
1989-06-26,,
1989-07-01,,
1989-07-03,,
1989-07-07,,
1989-07-10,,
1989-07-17,,
1989-07-21,,
1989-07-24,,
1989-07-30,,
1989-08-01,,
1989-08-04,,
1989-08-07,,
1989-08-14,,
1989-08-18,,
1989-08-21,,
1989-08-28,,
1989-08-30,,
1989-09-02,,
1989-09-04,,
1989-09-09,,
1989-09-11,,
1989-09-16,,
1989-09-18,,
1989-09-23,,
1989-09-25,,
1989-09-30,,
1989-10-02,,
1989-10-06,,
1989-10-09,,
1989-10-13,,
1989-10-16,,
1989-10-20,,
1989-10-23,,
1989-10-27,,
1989-10-30,,
1989-11-04,,
1989-11-06,,
1989-11-11,,
1989-11-13,,
1989-11-18,,
1989-11-20,,
1989-11-25,,
1989-11-27,,
1989-12-02,,
1989-12-04,,
1989-12-08,,
1989-12-11,,
1989-12-15,,
1989-12-18,,
1989-12-22,,
1989-12-25,,
1989-12-27,,
1989-12-29,,
1990-01-01,,
1990-01-02,,
1990-01-05,,
1990-01-08,,
1990-01-12,,
1990-01-15,,
1990-01-19,,
1990-01-22,,
1990-01-26,,
1990-01-29,,
1990-02-05,,
1990-02-12,,
1990-02-19,,
1990-02-26,,
1990-03-02,,
1990-03-05,,
1990-03-09,,
1990-03-12,,
1990-03-16,,
1990-03-19,,
1990-03-23,,
1990-03-26,,
1990-03-30,,
1990-04-02,,
1990-04-07,,
1990-04-09,,
1990-04-14,,
1990-04-16,,
1990-04-17,,
1990-04-21,,
1990-04-23,,
1990-04-28,,
1990-04-30,,
1990-05-05,,
1990-05-07,,
1990-05-11,,
1990-05-14,,
1990-05-18,,
1990-05-21,,
1990-05-25,,
1990-05-28,,
1990-06-02,,
1990-06-04,,
1990-06-05,,
1990-06-09,,
1990-06-11,,
1990-06-16,,
1990-06-18,,
1990-06-23,,
1990-06-25,,
1990-06-30,,
1990-07-02,,
1990-07-06,,
1990-07-09,,
1990-07-13,,
1990-07-16,,
1990-07-20,,
1990-07-23,,
1990-07-27,,
1990-07-30,,
1990-08-03,,
1990-08-06,,
1990-08-10,,
1990-08-13,,
1990-08-17,,
1990-08-20,,
1990-08-24,,
1990-08-27,,
1990-09-01,,
1990-09-03,,
1990-09-08,,
1990-09-10,,
1990-09-15,,
1990-09-17,,
1990-09-22,,
1990-09-24,,
1990-09-29,,
1990-10-01,,
1990-10-05,,
1990-10-08,,
1990-10-12,,
1990-10-15,,
1990-10-16,,
1990-10-19,,
1990-10-22,,
1990-10-26,,
1990-10-29,,
1990-11-03,,
1990-11-05,,
1990-11-10,,
1990-11-12,,
1990-11-16,,
1990-11-17,,
1990-11-19,,
1990-11-24,,
1990-11-26,,
1990-12-02,,
1990-12-03,,
1990-12-07,,
1990-12-10,,
1990-12-14,,
1990-12-17,,
1990-12-21,,
1990-12-24,,
1990-12-27,,
1990-12-28,,
1991-01-01,,
1991-01-02,,
1991-01-04,,
1991-01-07,,
1991-01-11,,
1991-01-14,,
1991-01-18,,
1991-01-21,,
1991-01-25,,
1991-01-28,,
1991-02-04,,
1991-02-11,,
1991-02-18,,
1991-02-25,,
1991-03-01,,
1991-03-04,,
1991-03-08,,
1991-03-11,,
1991-03-15,,
1991-03-18,,
1991-03-22,,
1991-03-25,,
1991-03-26,,
1991-03-29,,
1991-04-01,,
1991-04-02,,
1991-04-06,,
1991-04-08,,
1991-04-13,,
1991-04-15,,
1991-04-21,,
1991-04-22,,
1991-04-26,,
1991-04-27,,
1991-04-28,,
1991-04-29,,
1991-05-01,,
1991-05-03,,
1991-05-06,,
1991-05-10,,
1991-05-13,,
1991-05-17,,
1991-05-20,,
1991-05-21,,
1991-05-24,,
1991-05-27,,
1991-05-28,,
1991-05-30,,
1991-06-01,,
1991-06-03,,
1991-06-05,,
1991-06-08,,
1991-06-10,,
1991-06-15,,
1991-06-17,,
1991-06-22,,
1991-06-24,,
1991-06-28,,
1991-06-29,,
1991-06-30,,
1991-07-01,,
1991-07-05,,
1991-07-08,,
1991-07-12,,
1991-07-15,,
1991-07-19,,
1991-07-22,,
1991-07-26,,
1991-07-29,,
1991-07-31,,
1991-08-01,,
1991-08-02,,
1991-08-05,,
1991-08-09,,
1991-08-12,,
1991-08-16,,
1991-08-19,,
1991-08-23,,
1991-08-26,,
1991-08-30,,
1991-08-31,,
1991-09-02,,
1991-09-07,,
1991-09-09,,
1991-09-14,,
1991-09-16,,
1991-09-21,,
1991-09-23,,
1991-09-25,,
1991-09-28,,
1991-09-30,,
1991-10-01,,
1991-10-04,,
1991-10-07,,
1991-10-11,,
1991-10-14,,
1991-10-18,,
1991-10-21,,
1991-10-25,,
1991-10-28,,
1991-10-30,,
1991-11-01,,
1991-11-02,,
1991-11-04,,
1991-11-09,,
1991-11-11,,
1991-11-16,,
1991-11-18,,
1991-11-20,,
1991-11-23,,
1991-11-25,,
1991-11-29,,
1991-11-30,,
1991-12-01,,
1991-12-02,,
1991-12-06,,
1991-12-09,,
1991-12-13,,
1991-12-16,,
1991-12-20,,
1991-12-23,,
1991-12-27,,
1991-12-30,,
1991-12-31,,
1992-01-01,,
1992-01-03,,
1992-01-06,,
1992-01-07,,
1992-01-10,,
1992-01-13,,
1992-01-17,,
1992-01-19,,
1992-01-20,,
1992-01-24,,
1992-01-27,,
1992-01-29,,
1992-01-31,,
1992-02-02,,
1992-02-03,,
1992-02-09,,
1992-02-10,,
1992-02-16,,
1992-02-17,,
1992-02-19,,
1992-02-23,,
1992-02-24,,
1992-02-28,,
1992-02-29,,
1992-03-01,,
1992-03-02,,
1992-03-06,,
1992-03-09,,
1992-03-13,,
1992-03-16,,
1992-03-20,,
1992-03-21,,
1992-03-23,,
1992-03-27,,
1992-03-30,,
1992-04-01,,
1992-04-02,,
1992-04-04,,
1992-04-06,,
1992-04-11,,
1992-04-13,,
1992-04-18,,
1992-04-20,,
1992-04-21,,
1992-04-25,,
1992-04-27,,
1992-04-29,,
1992-04-30,,
1992-05-01,,
1992-05-04,,
1992-05-08,,
1992-05-11,,
1992-05-15,,
1992-05-18,,
1992-05-22,,
1992-05-25,,
1992-05-29,,
1992-05-30,,
1992-06-01,,
1992-06-06,,
1992-06-08,,
1992-06-09,,
1992-06-13,,
1992-06-15,,
1992-06-20,,
1992-06-22,,
1992-06-27,,
1992-06-29,,
1992-06-30,,
1992-07-01,,
1992-07-03,,
1992-07-06,,
1992-07-10,,
1992-07-13,,
1992-07-17,,
1992-07-20,,
1992-07-24,,
1992-07-27,,
1992-07-31,,
1992-08-01,,
1992-08-03,,
1992-08-07,,
1992-08-10,,
1992-08-14,,
1992-08-17,,
1992-08-21,,
1992-08-24,,
1992-08-28,,
1992-08-30,,
1992-08-31,,
1992-09-05,,
1992-09-07,,
1992-09-12,,
1992-09-14,,
1992-09-19,,
1992-09-21,,
1992-09-26,,
1992-09-28,,
1992-09-30,,
1992-10-01,,
1992-10-02,,
1992-10-05,,
1992-10-09,,
1992-10-12,,
1992-10-16,,
1992-10-19,,
1992-10-23,,
1992-10-26,,
1992-10-30,,
1992-11-01,,
1992-11-02,,
1992-11-07,,
1992-11-09,,
1992-11-14,,
1992-11-16,,
1992-11-21,,
1992-11-23,,
1992-11-28,,
1992-11-30,,
1992-12-01,,
1992-12-04,,
1992-12-07,,
1992-12-11,,
1992-12-14,,
1992-12-18,,
1992-12-21,,
1992-12-25,,
1992-12-28,,
1992-12-30,,
1992-12-31,,
1993-01-01,,
1993-01-04,,
1993-01-08,,
1993-01-11,,
1993-01-15,,
1993-01-18,,
1993-01-22,,
1993-01-25,,
1993-01-26,,
1993-01-28,,
1993-01-31,,
1993-02-01,,
1993-02-08,,
1993-02-10,,
1993-02-15,,
1993-02-22,,
1993-02-24,,
1993-02-26,,
1993-02-28,,
1993-03-01,,
1993-03-03,,
1993-03-05,,
1993-03-07,,
1993-03-08,,
1993-03-12,,
1993-03-15,,
1993-03-19,,
1993-03-21,,
1993-03-22,,
1993-03-26,,
1993-03-30,,
1993-04-01,,
1993-04-03,,
1993-04-05,,
1993-04-10,,
1993-04-12,,
1993-04-13,,
1993-04-17,,
1993-04-19,,
1993-04-24,,
1993-04-26,,
1993-04-30,,
1993-05-01,,
1993-05-02,,
1993-05-03,,
1993-05-07,,
1993-05-10,,
1993-05-14,,
1993-05-16,,
1993-05-17,,
1993-05-21,,
1993-05-24,,
1993-05-28,,
1993-05-30,,
1993-06-01,,
1993-06-05,,
1993-06-07,,
1993-06-12,,
1993-06-14,,
1993-06-19,,
1993-06-21,,
1993-06-26,,
1993-06-28,,
1993-06-30,,
1993-07-01,,
1993-07-02,,
1993-07-05,,
1993-07-09,,
1993-07-11,,
1993-07-12,,
1993-07-16,,
1993-07-19,,
1993-07-23,,
1993-07-25,,
1993-07-26,,
1993-07-30,,
1993-07-31,,
1993-08-01,,
1993-08-02,,
1993-08-06,,
1993-08-08,,
1993-08-09,,
1993-08-13,,
1993-08-16,,
1993-08-20,,
1993-08-22,,
1993-08-23,,
1993-08-27,,
1993-08-30,,
1993-08-31,,
1993-09-04,,
1993-09-06,,
1993-09-11,,
1993-09-13,,
1993-09-18,,
1993-09-20,,
1993-09-25,,
1993-09-27,,
1993-09-30,,
1993-10-01,,
1993-10-02,,
1993-10-03,,
1993-10-04,,
1993-10-08,,
1993-10-11,,
1993-10-15,,
1993-10-17,,
1993-10-18,,
1993-10-22,,
1993-10-25,,
1993-10-29,,
1993-10-30,,
1993-11-01,,
1993-11-02,,
1993-11-06,,
1993-11-08,,
1993-11-13,,
1993-11-15,,
1993-11-20,,
1993-11-22,,
1993-11-27,,
1993-11-29,,
1993-11-30,,
1993-12-01,,
1993-12-03,,
1993-12-06,,
1993-12-07,,
1993-12-10,,
1993-12-12,,
1993-12-13,,
1993-12-17,,
1993-12-20,,
1993-12-24,,
1993-12-25,,
1993-12-26,,
1993-12-27,,
1993-12-30,,
1993-12-31,,
1994-01-01,,
1994-01-03,,
1994-01-07,,
1994-01-09,,
1994-01-10,,
1994-01-14,,
1994-01-17,,
1994-01-21,,
1994-01-23,,
1994-01-24,,
1994-01-28,,
1994-01-31,,
1994-02-07,,
1994-02-09,,
1994-02-14,,
1994-02-21,,
1994-02-23,,
1994-02-28,,
1994-03-03,,
1994-03-04,,
1994-03-05,,
1994-03-06,,
1994-03-07,,
1994-03-11,,
1994-03-14,,
1994-03-18,,
1994-03-19,,
1994-03-20,,
1994-03-21,,
1994-03-25,,
1994-03-28,,
1994-03-29,,
1994-03-30,,
1994-04-02,,
1994-04-03,,
1994-04-04,,
1994-04-05,,
1994-04-09,,
1994-04-11,,
1994-04-16,,
1994-04-18,,
1994-04-23,,
1994-04-25,,
1994-04-29,,
1994-04-30,,
1994-05-01,,
1994-05-02,,
1994-05-06,,
1994-05-09,,
1994-05-13,,
1994-05-15,,
1994-05-16,,
1994-05-20,,
1994-05-23,,
1994-05-24,,
1994-05-27,,
1994-05-29,,
1994-05-30,,
1994-06-01,,
1994-06-04,,
1994-06-06,,
1994-06-11,,
1994-06-13,,
1994-06-18,,
1994-06-20,,
1994-06-25,,
1994-06-27,,
1994-06-29,,
1994-06-30,,
1994-07-01,,
1994-07-04,,
1994-07-08,,
1994-07-10,,
1994-07-11,,
1994-07-15,,
1994-07-18,,
1994-07-22,,
1994-07-24,,
1994-07-25,,
1994-07-29,,
1994-07-31,,
1994-08-01,,
1994-08-05,,
1994-08-06,,
1994-08-07,,
1994-08-08,,
1994-08-12,,
1994-08-15,,
1994-08-16,,
1994-08-19,,
1994-08-21,,
1994-08-22,,
1994-08-26,,
1994-08-29,,
1994-08-30,,
1994-08-31,,
1994-09-03,,
1994-09-05,,
1994-09-10,,
1994-09-12,,
1994-09-17,,
1994-09-19,,
1994-09-24,,
1994-09-26,,
1994-09-30,,
1994-10-01,,
1994-10-02,,
1994-10-03,,
1994-10-04,,
1994-10-07,,
1994-10-10,,
1994-10-14,,
1994-10-16,,
1994-10-17,,
1994-10-21,,
1994-10-24,,
1994-10-28,,
1994-10-30,,
1994-11-01,,
1994-11-05,,
1994-11-07,,
1994-11-12,,
1994-11-14,,
1994-11-19,,
1994-11-21,,
1994-11-26,,
1994-11-28,,
1994-11-30,,
1994-12-01,,
1994-12-02,,
1994-12-05,,
1994-12-09,,
1994-12-11,,
1994-12-12,,
1994-12-16,,
1994-12-19,,
1994-12-23,,
1994-12-25,,
1994-12-26,,
1994-12-27,,
1994-12-30,,
1994-12-31,,
1995-01-01,,
1995-01-02,,
1995-01-06,,
1995-01-08,,
1995-01-09,,
1995-01-13,,
1995-01-16,,
1995-01-20,,
1995-01-22,,
1995-01-23,,
1995-01-27,,
1995-01-28,,
1995-01-30,,
1995-01-31,,
1995-02-06,,
1995-02-08,,
1995-02-13,,
1995-02-20,,
1995-02-22,,
1995-02-27,,
1995-02-28,,
1995-03-03,,
1995-03-05,,
1995-03-06,,
1995-03-10,,
1995-03-11,,
1995-03-13,,
1995-03-17,,
1995-03-18,,
1995-03-19,,
1995-03-20,,
1995-03-24,,
1995-03-27,,
1995-03-28,,
1995-03-30,,
1995-04-01,,
1995-04-02,,
1995-04-03,,
1995-04-08,,
1995-04-10,,
1995-04-11,,
1995-04-15,,
1995-04-17,,
1995-04-18,,
1995-04-22,,
1995-04-24,,
1995-04-29,,
1995-04-30,,
1995-05-01,,
1995-05-02,,
1995-05-05,,
1995-05-08,,
1995-05-12,,
1995-05-14,,
1995-05-15,,
1995-05-19,,
1995-05-22,,
1995-05-26,,
1995-05-28,,
1995-05-29,,
1995-05-30,,
1995-06-01,,
1995-06-03,,
1995-06-05,,
1995-06-06,,
1995-06-10,,
1995-06-12,,
1995-06-17,,
1995-06-19,,
1995-06-24,,
1995-06-26,,
1995-06-30,,
1995-07-01,,
1995-07-03,,
1995-07-04,,
1995-07-07,,
1995-07-09,,
1995-07-10,,
1995-07-14,,
1995-07-17,,
1995-07-21,,
1995-07-23,,
1995-07-24,,
1995-07-28,,
1995-07-31,,
1995-08-01,,
1995-08-04,,
1995-08-05,,
1995-08-06,,
1995-08-07,,
1995-08-11,,
1995-08-14,,
1995-08-18,,
1995-08-20,,
1995-08-21,,
1995-08-25,,
1995-08-28,,
1995-08-29,,
1995-08-30,,
1995-08-31,,
1995-09-02,,
1995-09-04,,
1995-09-09,,
1995-09-11,,
1995-09-16,,
1995-09-18,,
1995-09-23,,
1995-09-25,,
1995-09-30,,
1995-10-01,,
1995-10-02,,
1995-10-03,,
1995-10-06,,
1995-10-09,,
1995-10-13,,
1995-10-15,,
1995-10-16,,
1995-10-20,,
1995-10-23,,
1995-10-27,,
1995-10-29,,
1995-10-30,,
1995-11-01,,
1995-11-04,,
1995-11-06,,
1995-11-11,,
1995-11-13,,
1995-11-18,,
1995-11-20,,
1995-11-25,,
1995-11-26,,
1995-11-27,,
1995-11-29,,
1995-11-30,,
1995-12-01,,
1995-12-04,,
1995-12-08,,
1995-12-10,,
1995-12-11,,
1995-12-15,,
1995-12-18,,
1995-12-22,,
1995-12-24,,
1995-12-25,,
1995-12-27,,
1995-12-29,,
1995-12-31,,
1996-01-01,,
1996-01-02,,
1996-01-05,,
1996-01-07,,
1996-01-08,,
1996-01-12,,
1996-01-15,,
1996-01-19,,
1996-01-20,,
1996-01-21,,
1996-01-22,,
1996-01-26,,
1996-01-29,,
1996-01-31,,
1996-02-04,,
1996-02-05,,
1996-02-06,,
1996-02-11,,
1996-02-12,,
1996-02-18,,
1996-02-19,,
1996-02-20,,
1996-02-25,,
1996-02-26,,
1996-02-29,,
1996-03-01,,
1996-03-02,,
1996-03-03,,
1996-03-04,,
1996-03-08,,
1996-03-11,,
1996-03-15,,
1996-03-17,,
1996-03-18,,
1996-03-22,,
1996-03-23,,
1996-03-25,,
1996-03-29,,
1996-03-30,,
1996-04-01,,
1996-04-02,,
1996-04-06,,
1996-04-07,,
1996-04-08,,
1996-04-09,,
1996-04-13,,
1996-04-15,,
1996-04-20,,
1996-04-21,,
1996-04-22,,
1996-04-23,,
1996-04-27,,
1996-04-28,,
1996-04-29,,
1996-04-30,,
1996-05-01,,
1996-05-02,,
1996-05-03,,
1996-05-04,,
1996-05-06,,
1996-05-07,,
1996-05-10,,
1996-05-11,,
1996-05-12,,
1996-05-13,,
1996-05-17,,
1996-05-18,,
1996-05-20,,
1996-05-21,,
1996-05-24,,
1996-05-25,,
1996-05-26,,
1996-05-27,,
1996-05-28,,
1996-05-30,,
1996-06-01,,
1996-06-02,,
1996-06-03,,
1996-06-04,,
1996-06-08,,
1996-06-10,,
1996-06-15,,
1996-06-16,,
1996-06-17,,
1996-06-18,,
1996-06-22,,
1996-06-24,,
1996-06-25,,
1996-06-29,,
1996-06-30,,
1996-07-01,,
1996-07-02,,
1996-07-05,,
1996-07-07,,
1996-07-08,,
1996-07-12,,
1996-07-13,,
1996-07-15,,
1996-07-16,,
1996-07-19,,
1996-07-21,,
1996-07-22,,
1996-07-26,,
1996-07-27,,
1996-07-29,,
1996-07-30,,
1996-07-31,,
1996-08-01,,
1996-08-02,,
1996-08-03,,
1996-08-04,,
1996-08-05,,
1996-08-09,,
1996-08-10,,
1996-08-12,,
1996-08-13,,
1996-08-16,,
1996-08-18,,
1996-08-19,,
1996-08-23,,
1996-08-26,,
1996-08-27,,
1996-08-30,,
1996-08-31,,
1996-09-02,,
1996-09-03,,
1996-09-07,,
1996-09-08,,
1996-09-09,,
1996-09-10,,
1996-09-13,,
1996-09-14,,
1996-09-16,,
1996-09-21,,
1996-09-22,,
1996-09-23,,
1996-09-26,,
1996-09-27,,
1996-09-28,,
1996-09-30,,
1996-10-01,,
1996-10-04,,
1996-10-05,,
1996-10-07,,
1996-10-08,,
1996-10-11,,
1996-10-12,,
1996-10-13,,
1996-10-14,,
1996-10-18,,
1996-10-19,,
1996-10-21,,
1996-10-22,,
1996-10-25,,
1996-10-27,,
1996-10-28,,
1996-10-29,,
1996-10-30,,
1996-11-01,,
1996-11-02,,
1996-11-03,,
1996-11-04,,
1996-11-05,,
1996-11-09,,
1996-11-11,,
1996-11-16,,
1996-11-17,,
1996-11-18,,
1996-11-19,,
1996-11-22,,
1996-11-23,,
1996-11-25,,
1996-11-27,,
1996-11-30,,
1996-12-01,,
1996-12-02,,
1996-12-03,,
1996-12-06,,
1996-12-08,,
1996-12-09,,
1996-12-13,,
1996-12-14,,
1996-12-16,,
1996-12-17,,
1996-12-20,,
1996-12-22,,
1996-12-23,,
1996-12-27,,
1996-12-28,,
1996-12-30,,
1996-12-31,,
1997-01-01,,
1997-01-02,,
1997-01-03,,
1997-01-05,,
1997-01-06,,
1997-01-07,,
1997-01-10,,
1997-01-11,,
1997-01-13,,
1997-01-14,,
1997-01-17,,
1997-01-19,,
1997-01-20,,
1997-01-24,,
1997-01-25,,
1997-01-27,,
1997-01-28,,
1997-01-31,,
1997-02-03,,
1997-02-05,,
1997-02-10,,
1997-02-11,,
1997-02-13,,
1997-02-14,,
1997-02-17,,
1997-02-19,,
1997-02-24,,
1997-02-25,,
1997-02-27,,
1997-02-28,,
1997-03-01,,
1997-03-02,,
1997-03-03,,
1997-03-07,,
1997-03-08,,
1997-03-10,,
1997-03-11,,
1997-03-14,,
1997-03-16,,
1997-03-17,,
1997-03-21,,
1997-03-22,,
1997-03-24,,
1997-03-25,,
1997-03-28,,
1997-03-30,,
1997-04-01,,
1997-04-03,,
1997-04-05,,
1997-04-06,,
1997-04-07,,
1997-04-08,,
1997-04-12,,
1997-04-14,,
1997-04-19,,
1997-04-20,,
1997-04-21,,
1997-04-22,,
1997-04-26,,
1997-04-28,,
1997-04-30,,
1997-05-02,,
1997-05-05,,
1997-05-06,,
1997-05-09,,
1997-05-10,,
1997-05-11,,
1997-05-12,,
1997-05-13,,
1997-05-16,,
1997-05-19,,
1997-05-20,,
1997-05-21,,
1997-05-22,,
1997-05-23,,
1997-05-24,,
1997-05-25,,
1997-05-26,,
1997-05-30,,
1997-06-02,,
1997-06-07,,
1997-06-08,,
1997-06-09,,
1997-06-10,,
1997-06-14,,
1997-06-16,,
1997-06-21,,
1997-06-22,,
1997-06-23,,
1997-06-24,,
1997-06-28,,
1997-06-30,,
1997-07-01,,
1997-07-04,,
1997-07-05,,
1997-07-06,,
1997-07-07,,
1997-07-08,,
1997-07-11,,
1997-07-13,,
1997-07-14,,
1997-07-18,,
1997-07-19,,
1997-07-20,,
1997-07-21,,
1997-07-22,,
1997-07-25,,
1997-07-27,,
1997-07-28,,
1997-07-29,,
1997-08-01,,
1997-08-02,,
1997-08-03,,
1997-08-04,,
1997-08-05,,
1997-08-08,,
1997-08-10,,
1997-08-11,,
1997-08-15,,
1997-08-16,,
1997-08-17,,
1997-08-18,,
1997-08-19,,
1997-08-22,,
1997-08-24,,
1997-08-25,,
1997-08-29,,
1997-08-30,,
1997-09-01,,
1997-09-02,,
1997-09-06,,
1997-09-08,,
1997-09-13,,
1997-09-15,,
1997-09-16,,
1997-09-19,,
1997-09-20,,
1997-09-22,,
1997-09-27,,
1997-09-28,,
1997-09-29,,
1997-09-30,,
1997-10-01,,
1997-10-03,,
1997-10-06,,
1997-10-10,,
1997-10-11,,
1997-10-12,,
1997-10-13,,
1997-10-17,,
1997-10-20,,
1997-10-24,,
1997-10-25,,
1997-10-26,,
1997-10-27,,
1997-10-28,,
1997-11-01,,
1997-11-03,,
1997-11-08,,
1997-11-09,,
1997-11-10,,
1997-11-11,,
1997-11-15,,
1997-11-16,,
1997-11-17,,
1997-11-22,,
1997-11-24,,
1997-11-25,,
1997-11-29,,
1997-11-30,,
1997-12-01,,
1997-12-05,,
1997-12-07,,
1997-12-08,,
1997-12-09,,
1997-12-12,,
1997-12-13,,
1997-12-14,,
1997-12-15,,
1997-12-19,,
1997-12-21,,
1997-12-22,,
1997-12-26,,
1997-12-28,,
1997-12-29,,
1997-12-30,,
1998-01-02,,
1998-01-04,,
1998-01-05,,
1998-01-09,,
1998-01-11,,
1998-01-12,,
1998-01-13,,
1998-01-16,,
1998-01-18,,
1998-01-19,,
1998-01-23,,
1998-01-25,,
1998-01-26,,
1998-01-27,,
1998-02-02,,
1998-02-04,,
1998-02-09,,
1998-02-11,,
1998-02-16,,
1998-02-18,,
1998-02-23,,
1998-02-25,,
1998-03-01,,
1998-03-02,,
1998-03-03,,
1998-03-06,,
1998-03-08,,
1998-03-09,,
1998-03-13,,
1998-03-14,,
1998-03-15,,
1998-03-16,,
1998-03-20,,
1998-03-21,,
1998-03-22,,
1998-03-23,,
1998-03-27,,
1998-03-29,,
1998-03-30,,
1998-04-02,,
1998-04-04,,
1998-04-05,,
1998-04-06,,
1998-04-11,,
1998-04-13,,
1998-04-14,,
1998-04-18,,
1998-04-20,,
1998-04-25,,
1998-04-27,,
1998-04-29,,
1998-05-01,,
1998-05-02,,
1998-05-04,,
1998-05-07,,
1998-05-08,,
1998-05-10,,
1998-05-11,,
1998-05-15,,
1998-05-16,,
1998-05-18,,
1998-05-22,,
1998-05-24,,
1998-05-25,,
1998-05-26,,
1998-05-29,,
1998-05-30,,
1998-06-01,,
1998-06-02,,
1998-06-03,,
1998-06-06,,
1998-06-08,,
1998-06-13,,
1998-06-15,,
1998-06-20,,
1998-06-22,,
1998-06-27,,
1998-06-29,,
1998-07-01,,
1998-07-03,,
1998-07-05,,
1998-07-06,,
1998-07-10,,
1998-07-12,,
1998-07-13,,
1998-07-17,,
1998-07-19,,
1998-07-20,,
1998-07-24,,
1998-07-26,,
1998-07-27,,
1998-07-28,,
1998-07-31,,
1998-08-02,,
1998-08-03,,
1998-08-07,,
1998-08-09,,
1998-08-10,,
1998-08-14,,
1998-08-16,,
1998-08-17,,
1998-08-21,,
1998-08-24,,
1998-08-28,,
1998-08-30,,
1998-08-31,,
1998-09-01,,
1998-09-05,,
1998-09-07,,
1998-09-12,,
1998-09-14,,
1998-09-19,,
1998-09-21,,
1998-09-26,,
1998-09-28,,
1998-09-30,,
1998-10-01,,
1998-10-02,,
1998-10-03,,
1998-10-05,,
1998-10-09,,
1998-10-12,,
1998-10-15,,
1998-10-16,,
1998-10-19,,
1998-10-23,,
1998-10-26,,
1998-10-27,,
1998-10-30,,
1998-11-01,,
1998-11-02,,
1998-11-03,,
1998-11-07,,
1998-11-09,,
1998-11-14,,
1998-11-16,,
1998-11-21,,
1998-11-23,,
1998-11-28,,
1998-11-29,,
1998-11-30,,
1998-12-01,,
1998-12-04,,
1998-12-07,,
1998-12-11,,
1998-12-13,,
1998-12-14,,
1998-12-18,,
1998-12-21,,
1998-12-25,,
1998-12-27,,
1998-12-28,,
1998-12-29,,
1999-01-01,,
1999-01-04,,
1999-01-08,,
1999-01-10,,
1999-01-11,,
1999-01-15,,
1999-01-18,,
1999-01-22,,
1999-01-24,,
1999-01-25,,
1999-01-26,,
1999-02-01,,
1999-02-08,,
1999-02-10,,
1999-02-15,,
1999-02-22,,
1999-02-24,,
1999-02-25,,
1999-03-01,,
1999-03-03,,
1999-03-05,,
1999-03-06,,
1999-03-08,,
1999-03-12,,
1999-03-15,,
1999-03-19,,
1999-03-22,,
1999-03-26,,
1999-03-30,,
1999-04-01,,
1999-04-03,,
1999-04-05,,
1999-04-06,,
1999-04-10,,
1999-04-12,,
1999-04-17,,
1999-04-19,,
1999-04-24,,
1999-04-25,,
1999-04-26,,
1999-05-01,,
1999-05-03,,
1999-05-07,,
1999-05-10,,
1999-05-12,,
1999-05-14,,
1999-05-17,,
1999-05-21,,
1999-05-22,,
1999-05-24,,
1999-05-25,,
1999-05-28,,
1999-06-01,,
1999-06-05,,
1999-06-06,,
1999-06-07,,
1999-06-12,,
1999-06-14,,
1999-06-19,,
1999-06-21,,
1999-06-26,,
1999-06-28,,
1999-06-30,,
1999-07-02,,
1999-07-04,,
1999-07-05,,
1999-07-09,,
1999-07-12,,
1999-07-16,,
1999-07-19,,
1999-07-23,,
1999-07-26,,
1999-07-30,,
1999-07-31,,
1999-08-01,,
1999-08-02,,
1999-08-04,,
1999-08-06,,
1999-08-09,,
1999-08-13,,
1999-08-16,,
1999-08-20,,
1999-08-23,,
1999-08-27,,
1999-08-30,,
1999-09-04,,
1999-09-06,,
1999-09-07,,
1999-09-11,,
1999-09-12,,
1999-09-13,,
1999-09-14,,
1999-09-18,,
1999-09-20,,
1999-09-25,,
1999-09-27,,
1999-09-29,,
1999-10-01,,
1999-10-02,,
1999-10-04,,
1999-10-08,,
1999-10-11,,
1999-10-12,,
1999-10-15,,
1999-10-18,,
1999-10-22,,
1999-10-25,,
1999-10-29,,
1999-10-30,,
1999-11-01,,
1999-11-02,,
1999-11-06,,
1999-11-08,,
1999-11-10,,
1999-11-12,,
1999-11-13,,
1999-11-15,,
1999-11-16,,
1999-11-20,,
1999-11-22,,
1999-11-27,,
1999-11-29,,
1999-11-30,,
1999-12-03,,
1999-12-06,,
1999-12-07,,
1999-12-10,,
1999-12-13,,
1999-12-17,,
1999-12-19,,
1999-12-20,,
1999-12-24,,
1999-12-27,,
1999-12-31,,
2000-01-03,,
2000-01-07,,
2000-01-10,,
2000-01-14,,
2000-01-17,,
2000-01-19,,
2000-01-21,,
2000-01-24,,
2000-01-28,,
2000-01-29,,
2000-01-31,,
2000-02-06,,
2000-02-07,,
2000-02-13,,
2000-02-14,,
2000-02-20,,
2000-02-21,,
2000-02-27,,
2000-02-28,,
2000-02-29,,
2000-03-02,,
2000-03-03,,
2000-03-06,,
2000-03-10,,
2000-03-13,,
2000-03-17,,
2000-03-20,,
2000-03-21,,
2000-03-24,,
2000-03-25,,
2000-03-27,,
2000-03-28,,
2000-04-01,,
2000-04-02,,
2000-04-03,,
2000-04-08,,
2000-04-09,,
2000-04-10,,
2000-04-12,,
2000-04-15,,
2000-04-17,,
2000-04-22,,
2000-04-24,,
2000-04-25,,
2000-04-26,,
2000-04-27,,
2000-04-28,,
2000-04-29,,
2000-05-01,,
2000-05-02,,
2000-05-05,,
2000-05-07,,
2000-05-08,,
2000-05-12,,
2000-05-13,,
2000-05-15,,
2000-05-19,,
2000-05-22,,
2000-05-26,,
2000-05-29,,
2000-05-30,,
2000-06-01,,
2000-06-03,,
2000-06-05,,
2000-06-07,,
2000-06-10,,
2000-06-12,,
2000-06-13,,
2000-06-17,,
2000-06-19,,
2000-06-24,,
2000-06-26,,
2000-06-30,,
2000-07-01,,
2000-07-03,,
2000-07-07,,
2000-07-10,,
2000-07-11,,
2000-07-14,,
2000-07-15,,
2000-07-17,,
2000-07-21,,
2000-07-24,,
2000-07-28,,
2000-07-29,,
2000-07-31,,
2000-08-01,,
2000-08-04,,
2000-08-07,,
2000-08-11,,
2000-08-14,,
2000-08-15,,
2000-08-18,,
2000-08-21,,
2000-08-25,,
2000-08-28,,
2000-08-29,,
2000-08-30,,
2000-08-31,,
2000-09-02,,
2000-09-04,,
2000-09-07,,
2000-09-09,,
2000-09-11,,
2000-09-16,,
2000-09-18,,
2000-09-19,,
2000-09-20,,
2000-09-23,,
2000-09-25,,
2000-09-29,,
2000-09-30,,
2000-10-01,,
2000-10-02,,
2000-10-04,,
2000-10-06,,
2000-10-07,,
2000-10-08,,
2000-10-09,,
2000-10-13,,
2000-10-16,,
2000-10-19,,
2000-10-20,,
2000-10-23,,
2000-10-24,,
2000-10-27,,
2000-10-30,,
2000-11-01,,
2000-11-02,,
2000-11-04,,
2000-11-06,,
2000-11-08,,
2000-11-11,,
2000-11-13,,
2000-11-14,,
2000-11-16,,
2000-11-18,,
2000-11-20,,
2000-11-24,,
2000-11-25,,
2000-11-26,,
2000-11-27,,
2000-11-28,,
2000-11-29,,
2000-11-30,,
2000-12-01,,
2000-12-02,,
2000-12-04,,
2000-12-08,,
2000-12-11,,
2000-12-14,,
2000-12-15,,
2000-12-18,,
2000-12-22,,
2000-12-25,,
2000-12-26,,
2000-12-27,,
2000-12-28,,
2000-12-29,,
2000-12-31,,
2001-01-01,,
2001-01-02,,
2001-01-05,,
2001-01-08,,
2001-01-11,,
2001-01-12,,
2001-01-15,,
2001-01-19,,
2001-01-22,,
2001-01-25,,
2001-01-26,,
2001-01-28,,
2001-01-29,,
2001-01-31,,
2001-02-01,,
2001-02-05,,
2001-02-06,,
2001-02-08,,
2001-02-12,,
2001-02-13,,
2001-02-19,,
2001-02-22,,
2001-02-26,,
2001-02-27,,
2001-02-28,,
2001-03-02,,
2001-03-05,,
2001-03-06,,
2001-03-08,,
2001-03-09,,
2001-03-12,,
2001-03-16,,
2001-03-17,,
2001-03-19,,
2001-03-22,,
2001-03-23,,
2001-03-24,,
2001-03-26,,
2001-03-30,,
2001-04-02,,
2001-04-03,,
2001-04-05,,
2001-04-06,,
2001-04-07,,
2001-04-08,,
2001-04-09,,
2001-04-10,,
2001-04-14,,
2001-04-16,,
2001-04-17,,
2001-04-21,,
2001-04-23,,
2001-04-24,,
2001-04-25,,
2001-04-28,,
2001-04-29,,
2001-04-30,,
2001-05-01,,
2001-05-02,,
2001-05-03,,
2001-05-04,,
2001-05-05,,
2001-05-06,,
2001-05-07,,
2001-05-08,,
2001-05-11,,
2001-05-12,,
2001-05-14,,
2001-05-15,,
2001-05-17,,
2001-05-18,,
2001-05-21,,
2001-05-22,,
2001-05-25,,
2001-05-27,,
2001-05-28,,
2001-05-29,,
2001-06-01,,
2001-06-02,,
2001-06-03,,
2001-06-04,,
2001-06-05,,
2001-06-06,,
2001-06-07,,
2001-06-09,,
2001-06-11,,
2001-06-12,,
2001-06-14,,
2001-06-16,,
2001-06-18,,
2001-06-19,,
2001-06-23,,
2001-06-25,,
2001-06-26,,
2001-06-27,,
2001-06-28,,
2001-06-29,,
2001-06-30,,
2001-07-01,,
2001-07-02,,
2001-07-03,,
2001-07-05,,
2001-07-06,,
2001-07-09,,
2001-07-12,,
2001-07-13,,
2001-07-16,,
2001-07-17,,
2001-07-20,,
2001-07-21,,
2001-07-23,,
2001-07-26,,
2001-07-27,,
2001-07-28,,
2001-07-30,,
2001-07-31,,
2001-08-01,,
2001-08-03,,
2001-08-06,,
2001-08-09,,
2001-08-10,,
2001-08-13,,
2001-08-17,,
2001-08-18,,
2001-08-19,,
2001-08-20,,
2001-08-23,,
2001-08-24,,
2001-08-27,,
2001-08-28,,
2001-08-31,,
2001-09-01,,
2001-09-03,,
2001-09-04,,
2001-09-06,,
2001-09-08,,
2001-09-10,,
2001-09-15,,
2001-09-17,,
2001-09-18,,
2001-09-19,,
2001-09-20,,
2001-09-22,,
2001-09-24,,
2001-09-26,,
2001-09-27,,
2001-09-28,,
2001-09-29,,
2001-10-01,,
2001-10-04,,
2001-10-05,,
2001-10-06,,
2001-10-08,,
2001-10-11,,
2001-10-12,,
2001-10-15,,
2001-10-18,,
2001-10-19,,
2001-10-22,,
2001-10-23,,
2001-10-25,,
2001-10-26,,
2001-10-27,,
2001-10-29,,
2001-10-30,,
2001-11-01,,
2001-11-03,,
2001-11-04,,
2001-11-05,,
2001-11-06,,
2001-11-07,,
2001-11-10,,
2001-11-11,,
2001-11-12,,
2001-11-13,,
2001-11-14,,
2001-11-15,,
2001-11-17,,
2001-11-19,,
2001-11-23,,
2001-11-24,,
2001-11-26,,
2001-11-27,,
2001-11-29,,
2001-11-30,,
2001-12-01,,
2001-12-02,,
2001-12-03,,
2001-12-04,,
2001-12-05,,
2001-12-07,,
2001-12-08,,
2001-12-10,,
2001-12-11,,
2001-12-13,,
2001-12-14,,
2001-12-17,,
2001-12-19,,
2001-12-21,,
2001-12-24,,
2001-12-25,,
2001-12-26,,
2001-12-27,,
2001-12-28,,
2001-12-31,,
2002-01-01,,
2002-01-02,,
2002-01-04,,
2002-01-05,,
2002-01-07,,
2002-01-08,,
2002-01-10,,
2002-01-11,,
2002-01-14,,
2002-01-18,,
2002-01-19,,
2002-01-21,,
2002-01-24,,
2002-01-25,,
2002-01-26,,
2002-01-28,,
2002-01-31,,
2002-02-04,,
2002-02-05,,
2002-02-07,,
2002-02-11,,
2002-02-12,,
2002-02-18,,
2002-02-19,,
2002-02-20,,
2002-02-21,,
2002-02-25,,
2002-02-26,,
2002-02-28,,
2002-03-01,,
2002-03-02,,
2002-03-03,,
2002-03-04,,
2002-03-07,,
2002-03-08,,
2002-03-09,,
2002-03-11,,
2002-03-12,,
2002-03-15,,
2002-03-18,,
2002-03-19,,
2002-03-20,,
2002-03-21,,
2002-03-22,,
2002-03-25,,
2002-03-26,,
2002-03-29,,
2002-03-30,,
2002-04-01,,
2002-04-02,,
2002-04-03,,
2002-04-06,,
2002-04-07,,
2002-04-08,,
2002-04-09,,
2002-04-13,,
2002-04-14,,
2002-04-15,,
2002-04-16,,
2002-04-18,,
2002-04-20,,
2002-04-21,,
2002-04-22,,
2002-04-23,,
2002-04-27,,
2002-04-28,,
2002-04-29,,
2002-04-30,,
2002-05-01,,
2002-05-03,,
2002-05-04,,
2002-05-05,,
2002-05-06,,
2002-05-07,,
2002-05-10,,
2002-05-13,,100.0
2002-05-16,,
2002-05-17,,
2002-05-18,,
2002-05-20,,
2002-05-21,,99.25
2002-05-24,,
2002-05-25,,
2002-05-27,,
2002-05-28,,
2002-05-30,,
2002-06-01,,
2002-06-02,,
2002-06-03,,95.15
2002-06-04,,
2002-06-05,,
2002-06-08,,
2002-06-10,,
2002-06-11,,
2002-06-13,,
2002-06-15,,
2002-06-17,,88.12
2002-06-18,,
2002-06-22,,
2002-06-24,,
2002-06-25,,
2002-06-27,,
2002-06-28,,
2002-06-29,,
2002-06-30,,
2002-07-01,,84.81
2002-07-02,100.0,
2002-07-05,,
2002-07-06,,
2002-07-08,,
2002-07-11,,
2002-07-12,,
2002-07-15,92.0,80.3
2002-07-19,,
2002-07-22,,
2002-07-25,,
2002-07-26,,
2002-07-27,,
2002-07-29,,72.28
2002-07-30,89.95,
2002-08-01,,
2002-08-02,,
2002-08-05,,
2002-08-06,,
2002-08-08,,
2002-08-09,,
2002-08-12,90.6,75.71
2002-08-16,,
2002-08-19,,
2002-08-22,,
2002-08-23,,
2002-08-26,92.6,78.3
2002-08-27,,
2002-08-30,,
2002-09-02,,
2002-09-05,,
2002-09-07,,
2002-09-08,,
2002-09-09,86.35,73.01
2002-09-14,,
2002-09-16,,
2002-09-17,,
2002-09-19,,
2002-09-21,,
2002-09-22,,
2002-09-23,80.15,68.83
2002-09-28,,
2002-09-29,,
2002-09-30,,
2002-10-01,,
2002-10-04,,
2002-10-05,,
2002-10-07,77.8,65.67
2002-10-11,,
2002-10-12,,
2002-10-13,,
2002-10-14,,
2002-10-17,,
2002-10-18,,
2002-10-21,85.5,72.42
2002-10-22,,
2002-10-25,,
2002-10-28,,
2002-10-29,,
2002-11-01,,
2002-11-02,,
2002-11-04,83.45,72.89
2002-11-05,,
2002-11-09,,
2002-11-10,,
2002-11-11,,
2002-11-12,,
2002-11-14,,
2002-11-16,,
2002-11-18,83.75,73.29
2002-11-19,,
2002-11-23,,
2002-11-25,,
2002-11-26,,
2002-11-28,,
2002-11-29,,
2002-11-30,,
2002-12-01,,
2002-12-02,85.85,78.17
2002-12-03,,
2002-12-06,,
2002-12-07,,
2002-12-09,,
2002-12-12,,
2002-12-13,,
2002-12-16,80.6,70.68
2002-12-17,,
2002-12-20,,
2002-12-23,,
2002-12-27,,
2002-12-30,77.63,68.99
2002-12-31,,
2003-01-01,,
2003-01-02,,
2003-01-03,,
2003-01-06,,
2003-01-07,,
2003-01-09,,
2003-01-10,,
2003-01-11,,
2003-01-13,79.85,72.02
2003-01-17,,
2003-01-20,,
2003-01-23,,
2003-01-24,,
2003-01-25,,
2003-01-26,,
2003-01-27,73.95,66.52
2003-01-28,,
2003-01-31,,
2003-02-03,,
2003-02-04,,
2003-02-05,,
2003-02-06,,
2003-02-10,72.05,63.12
2003-02-11,,
2003-02-14,,
2003-02-17,,
2003-02-20,,
2003-02-24,72.7,64.29
2003-02-25,,
2003-02-26,,
2003-02-28,,
2003-03-01,,
2003-03-03,,
2003-03-04,,
2003-03-06,,
2003-03-07,,
2003-03-08,,
2003-03-10,68.25,60.54
2003-03-14,,
2003-03-17,,
2003-03-20,,
2003-03-21,,
2003-03-22,,
2003-03-23,,
2003-03-24,76.1,66.69
2003-03-25,,
2003-03-28,,
2003-03-29,,
2003-03-30,,
2003-04-01,,
2003-04-03,,
2003-04-05,,
2003-04-06,,
2003-04-07,74.25,64.87
2003-04-08,,
2003-04-12,,
2003-04-14,,
2003-04-15,,
2003-04-17,,
2003-04-19,,
2003-04-21,,
2003-04-22,75.8,65.72
2003-04-23,,
2003-04-26,,
2003-04-27,,
2003-04-28,,
2003-04-29,,
2003-04-30,,
2003-05-02,,
2003-05-03,,
2003-05-05,76.15,66.71
2003-05-06,,
2003-05-09,,
2003-05-10,,
2003-05-12,,
2003-05-15,,
2003-05-16,,
2003-05-19,76.7,67.11
2003-05-23,,
2003-05-24,,
2003-05-26,,
2003-05-27,,
2003-05-28,,
2003-05-30,,
2003-06-02,76.55,66.69
2003-06-07,,
2003-06-08,,
2003-06-09,,
2003-06-10,,
2003-06-11,,
2003-06-12,,
2003-06-14,,
2003-06-15,,
2003-06-16,78.35,69.22
2003-06-21,,
2003-06-23,,
2003-06-24,,
2003-06-26,,
2003-06-28,,
2003-06-30,79.45,70.44
2003-07-04,,
2003-07-07,,
2003-07-08,,
2003-07-10,,
2003-07-11,,
2003-07-12,,
2003-07-14,80.6,71.56
2003-07-15,,
2003-07-18,,
2003-07-19,,
2003-07-21,,
2003-07-24,,
2003-07-25,,
2003-07-26,,
2003-07-28,80.0,70.92
2003-07-29,,
2003-08-01,,
2003-08-02,,
2003-08-04,,
2003-08-07,,
2003-08-08,,
2003-08-11,80.2,71.08
2003-08-14,,
2003-08-15,,
2003-08-16,,
2003-08-18,,
2003-08-21,,
2003-08-22,,
2003-08-23,,
2003-08-25,84.1,75.28
2003-08-26,,
2003-08-29,,
2003-09-01,,
2003-09-02,,
2003-09-04,,
2003-09-06,,
2003-09-08,85.1,76.44
2003-09-13,,
2003-09-15,,
2003-09-16,,
2003-09-18,,
2003-09-20,,
2003-09-22,85.19,75.78
2003-09-23,,
2003-09-27,,
2003-09-29,,
2003-09-30,,
2003-10-02,,
2003-10-03,,
2003-10-06,84.39,74.4
2003-10-07,,
2003-10-10,,
2003-10-11,,
2003-10-13,,
2003-10-16,,
2003-10-17,,
2003-10-18,,
2003-10-20,85.99,76.08
2003-10-24,,
2003-10-26,,
2003-10-27,,
2003-10-30,,
2003-11-01,,
2003-11-02,,
2003-11-03,87.05,77.05
2003-11-08,,
2003-11-09,,
2003-11-10,,
2003-11-11,,
2003-11-13,,
2003-11-15,,
2003-11-17,87.15,77.5
2003-11-18,,
2003-11-22,,
2003-11-23,,
2003-11-24,,
2003-11-26,,
2003-11-27,,
2003-11-29,,
2003-11-30,,
2003-12-01,86.04,76.38
2003-12-02,,
2003-12-05,,
2003-12-08,,
2003-12-09,,
2003-12-11,,
2003-12-12,,
2003-12-15,85.39,75.49
2003-12-19,,
2003-12-20,,
2003-12-21,,
2003-12-22,,
2003-12-23,,
2003-12-26,,
2003-12-29,86.55,76.14
2004-01-02,,
2004-01-03,,
2004-01-05,,
2004-01-08,,
2004-01-09,,
2004-01-10,,
2004-01-12,88.05,77.07
2004-01-13,,
2004-01-16,,
2004-01-17,,
2004-01-19,,
2004-01-21,,
2004-01-22,,
2004-01-23,,
2004-01-24,,
2004-01-26,90.34,78.86
2004-01-27,,
2004-01-28,,
2004-02-01,,
2004-02-02,,
2004-02-03,,
2004-02-04,,
2004-02-05,,
2004-02-08,,
2004-02-09,89.49,77.43
2004-02-12,,
2004-02-15,,
2004-02-16,,
2004-02-18,,
2004-02-19,,
2004-02-22,,
2004-02-23,91.57,79.1
2004-02-24,,
2004-02-26,,
2004-02-27,,
2004-02-29,,
2004-03-01,,
2004-03-04,,
2004-03-05,,
2004-03-08,92.69,80.64
2004-03-12,,
2004-03-13,,
2004-03-15,,
2004-03-18,,
2004-03-19,,
2004-03-20,,
2004-03-22,89.86,77.88
2004-03-23,,
2004-03-26,,
2004-03-29,,
2004-04-01,,
2004-04-03,,
2004-04-04,,
2004-04-05,93.23,80.56
2004-04-06,,
2004-04-07,,
2004-04-08,,
2004-04-10,,
2004-04-12,,
2004-04-13,,
2004-04-15,,
2004-04-17,,
2004-04-19,92.69,79.94
2004-04-21,,
2004-04-23,,
2004-04-24,,
2004-04-26,,
2004-04-27,,
2004-04-29,,
2004-05-01,,
2004-05-03,91.14,77.4
2004-05-04,,
2004-05-07,,
2004-05-09,,
2004-05-10,,
2004-05-13,,
2004-05-14,,
2004-05-17,89.73,76.21
2004-05-19,,
2004-05-21,,
2004-05-23,,
2004-05-24,,
2004-05-26,,
2004-05-27,,
2004-05-28,,
2004-06-01,90.94,76.8
2004-06-02,,
2004-06-05,,
2004-06-06,,
2004-06-07,,
2004-06-08,,
2004-06-09,,
2004-06-10,,
2004-06-12,,
2004-06-13,,
2004-06-14,93.07,78.51
2004-06-16,,
2004-06-19,,
2004-06-21,,
2004-06-22,,
2004-06-23,,
2004-06-24,,
2004-06-26,,
2004-06-28,92.6,78.49
2004-06-30,,
2004-07-02,,
2004-07-04,,
2004-07-05,,
2004-07-07,,
2004-07-08,,
2004-07-09,,
2004-07-12,90.02,76.25
2004-07-14,,
2004-07-16,,
2004-07-18,,
2004-07-19,,
2004-07-21,,
2004-07-22,,
2004-07-23,,
2004-07-26,87.92,74.92
2004-07-28,,
2004-07-30,,
2004-07-31,,
2004-08-01,,
2004-08-02,,
2004-08-04,,
2004-08-05,,
2004-08-06,,
2004-08-07,,
2004-08-09,85.59,73.75
2004-08-11,,
2004-08-13,,
2004-08-14,,
2004-08-15,,
2004-08-16,,
2004-08-18,,
2004-08-19,,
2004-08-20,,
2004-08-23,86.17,74.92
2004-08-25,,
2004-08-27,,
2004-08-29,,
2004-08-30,,
2004-08-31,,
2004-09-01,,
2004-09-02,,
2004-09-04,,
2004-09-06,89.15,77.13
2004-09-07,,
2004-09-09,,
2004-09-11,,
2004-09-13,,
2004-09-14,,
2004-09-15,,
2004-09-16,,
2004-09-18,,
2004-09-20,90.43,77.79
2004-09-22,,
2004-09-25,,
2004-09-27,,
2004-09-28,,
2004-09-29,,
2004-09-30,,
2004-10-01,,
2004-10-02,,
2004-10-04,90.25,77.83
2004-10-06,,
2004-10-08,,
2004-10-10,,
2004-10-11,,
2004-10-12,,
2004-10-13,,
2004-10-14,,
2004-10-15,,
2004-10-18,88.42,77.0
2004-10-20,,
2004-10-22,,
2004-10-24,,
2004-10-25,,
2004-10-27,,
2004-10-28,,
2004-10-29,,
2004-11-01,,
2004-11-02,88.97,77.74
2004-11-03,,
2004-11-06,,
2004-11-08,,
2004-11-09,,
2004-11-10,,
2004-11-11,,
2004-11-13,,
2004-11-14,,
2004-11-15,92.0,80.14
2004-11-16,,
2004-11-17,,
2004-11-20,,
2004-11-22,,
2004-11-23,,
2004-11-24,,
2004-11-25,,
2004-11-27,,
2004-11-28,,
2004-11-29,91.95,79.31
2004-12-01,,
2004-12-02,,
2004-12-03,,
2004-12-05,,
2004-12-06,,
2004-12-09,,
2004-12-10,,
2004-12-13,92.17,78.87
2004-12-15,,
2004-12-16,,
2004-12-17,,
2004-12-18,,
2004-12-19,,
2004-12-20,,
2004-12-22,,
2004-12-23,,
2004-12-24,,
2004-12-27,93.3,79.54
2004-12-29,,
2004-12-31,,
2005-01-03,,
2005-01-04,,
2005-01-05,,
2005-01-06,,
2005-01-07,,
2005-01-08,,
2005-01-10,94.55,80.66
2005-01-12,,
2005-01-14,,
2005-01-16,,
2005-01-17,,
2005-01-19,,
2005-01-20,,
2005-01-21,,
2005-01-22,,
2005-01-24,92.9,79.89
2005-01-26,,
2005-01-28,,
2005-01-31,,
2005-02-02,,
2005-02-03,,
2005-02-07,95.93,82.16
2005-02-08,,
2005-02-09,,
2005-02-11,,
2005-02-14,,
2005-02-16,,
2005-02-17,,
2005-02-21,97.41,83.07
2005-02-22,,
2005-02-23,,
2005-02-28,,
2005-03-01,,
2005-03-02,,
2005-03-03,,
2005-03-04,,
2005-03-07,98.13,84.05
2005-03-09,,
2005-03-11,,
2005-03-13,,
2005-03-14,,
2005-03-16,,
2005-03-18,,
2005-03-21,95.58,82.16
2005-03-23,,
2005-03-24,,
2005-03-25,,
2005-03-27,,
2005-03-28,,
2005-04-01,,
2005-04-02,,
2005-04-03,,
2005-04-04,96.51,82.16
2005-04-06,,
2005-04-09,,
2005-04-11,,
2005-04-12,,
2005-04-13,,
2005-04-14,,
2005-04-16,,
2005-04-17,,
2005-04-18,95.05,80.5
2005-04-20,,
2005-04-23,,
2005-04-25,,
2005-04-26,,
2005-04-27,,
2005-04-28,,
2005-04-30,,
2005-05-01,,
2005-05-02,93.7,79.45
2005-05-03,,
2005-05-04,,
2005-05-06,,
2005-05-07,,
2005-05-08,,
2005-05-09,,
2005-05-11,,
2005-05-12,,
2005-05-13,,
2005-05-15,,
2005-05-16,,
2005-05-17,95.68,81.86
2005-05-18,,
2005-05-20,,
2005-05-22,,
2005-05-23,,
2005-05-25,,
2005-05-26,,
2005-05-27,,
2005-05-30,99.41,84.24
2005-06-01,,
2005-06-04,,
2005-06-05,,
2005-06-06,,
2005-06-07,,
2005-06-08,,
2005-06-11,,
2005-06-13,102.97,86.94
2005-06-15,,
2005-06-18,,
2005-06-20,,
2005-06-21,,
2005-06-22,,
2005-06-23,,
2005-06-25,,
2005-06-27,104.2,87.71
2005-06-29,,
2005-07-01,,
2005-07-03,,
2005-07-04,,
2005-07-06,,
2005-07-07,,
2005-07-08,,
2005-07-11,105.77,88.73
2005-07-13,,
2005-07-15,,
2005-07-16,,
2005-07-17,,
2005-07-18,,
2005-07-20,,
2005-07-21,,
2005-07-22,,
2005-07-25,106.77,89.97
2005-07-27,,
2005-07-29,,
2005-07-31,,
2005-08-01,,
2005-08-03,,
2005-08-04,,
2005-08-05,,
2005-08-06,,
2005-08-08,107.06,89.25
2005-08-10,,
2005-08-12,,
2005-08-14,,
2005-08-15,,
2005-08-16,,
2005-08-17,,
2005-08-18,,
2005-08-19,,
2005-08-20,,
2005-08-22,108.93,90.44
2005-08-24,,
2005-08-26,,
2005-08-28,,
2005-08-29,,
2005-08-30,,
2005-08-31,,
2005-09-01,,
2005-09-03,,
2005-09-04,,
2005-09-05,108.25,89.63
2005-09-06,,
2005-09-07,,
2005-09-10,,
2005-09-11,,
2005-09-12,,
2005-09-13,,
2005-09-14,,
2005-09-15,,
2005-09-17,,
2005-09-18,,
2005-09-19,111.53,92.11
2005-09-20,,
2005-09-21,,
2005-09-22,,
2005-09-24,,
2005-09-26,,
2005-09-27,,
2005-09-28,,
2005-09-29,,
2005-09-30,,
2005-10-01,,
2005-10-02,,
2005-10-03,112.85,93.79
2005-10-04,,
2005-10-05,,
2005-10-07,,
2005-10-08,,
2005-10-09,,
2005-10-10,,
2005-10-11,,
2005-10-12,,
2005-10-13,,
2005-10-14,,
2005-10-15,,
2005-10-16,,
2005-10-17,107.73,90.75
2005-10-18,,
2005-10-19,,
2005-10-21,,
2005-10-23,,
2005-10-24,,
2005-10-26,,
2005-10-27,,
2005-10-28,,
2005-10-30,,
2005-11-01,106.13,89.45
2005-11-02,,
2005-11-05,,
2005-11-07,,
2005-11-08,,
2005-11-09,,
2005-11-10,,
2005-11-12,,
2005-11-14,113.44,96.31
2005-11-16,,
2005-11-18,,
2005-11-19,,
2005-11-21,,
2005-11-22,,
2005-11-23,,
2005-11-24,,
2005-11-26,,
2005-11-27,,
2005-11-28,115.9,98.58
2005-11-29,,
2005-11-30,,
2005-12-02,,
2005-12-03,,
2005-12-04,,
2005-12-05,,
2005-12-07,,
2005-12-08,,
2005-12-09,,
2005-12-10,,
2005-12-11,,
2005-12-12,116.95,99.87
2005-12-14,,
2005-12-16,,
2005-12-17,,
2005-12-18,,
2005-12-19,,
2005-12-21,,
2005-12-22,,
2005-12-23,,
2005-12-26,,
2005-12-27,118.03,101.76
2005-12-28,,
2005-12-30,,
2006-01-01,,
2006-01-02,,
2006-01-03,,
2006-01-04,,
2006-01-05,,
2006-01-06,,
2006-01-09,120.35,103.25
2006-01-10,,
2006-01-11,,
2006-01-13,,
2006-01-15,,
2006-01-16,,
2006-01-17,,
2006-01-18,,
2006-01-19,,
2006-01-20,,
2006-01-21,,
2006-01-22,,
2006-01-23,118.47,102.05
2006-01-24,,
2006-01-25,,
2006-01-27,,
2006-01-28,,
2006-01-30,,
2006-02-01,,
2006-02-02,,
2006-02-06,122.26,104.89
2006-02-08,,
2006-02-13,,
2006-02-15,,
2006-02-16,,
2006-02-20,124.36,105.22
2006-02-21,,
2006-02-22,,
2006-02-27,,
2006-02-28,,
2006-03-01,,
2006-03-02,,
2006-03-03,,
2006-03-05,,
2006-03-06,124.8,106.73
2006-03-08,,
2006-03-10,,
2006-03-12,,
2006-03-13,,
2006-03-15,,
2006-03-16,,
2006-03-17,,
2006-03-18,,
2006-03-19,,
2006-03-20,126.76,107.58
2006-03-22,,
2006-03-24,,
2006-03-26,,
2006-03-27,,
2006-04-01,,
2006-04-02,,
2006-04-03,127.73,108.41
2006-04-05,,
2006-04-08,,
2006-04-09,,
2006-04-10,,
2006-04-11,,
2006-04-12,,
2006-04-13,,
2006-04-15,,
2006-04-17,,
2006-04-18,127.54,108.0
2006-04-19,,
2006-04-22,,
2006-04-24,,
2006-04-25,,
2006-04-26,,
2006-04-27,,
2006-04-29,,
2006-04-30,,
2006-05-01,,
2006-05-02,127.58,109.02
2006-05-03,,
2006-05-05,,
2006-05-06,,
2006-05-07,,
2006-05-08,,
2006-05-09,,
2006-05-10,,
2006-05-11,,
2006-05-12,,
2006-05-15,126.57,107.43
2006-05-17,,
2006-05-19,,
2006-05-21,,
2006-05-22,,
2006-05-24,,
2006-05-25,,
2006-05-26,,
2006-05-27,,
2006-05-29,122.84,103.79
2006-05-30,,
2006-06-01,,
2006-06-03,,
2006-06-05,,
2006-06-06,,
2006-06-07,,
2006-06-08,,
2006-06-10,,
2006-06-12,118.12,99.4
2006-06-14,,
2006-06-17,,
2006-06-18,,
2006-06-19,,
2006-06-20,,
2006-06-21,,
2006-06-22,,
2006-06-24,,
2006-06-25,,
2006-06-26,119.14,99.81
2006-06-27,,
2006-06-28,,
2006-07-01,,
2006-07-02,,
2006-07-03,,
2006-07-05,,
2006-07-06,,
2006-07-07,,
2006-07-10,120.48,101.23
2006-07-12,,
2006-07-14,,
2006-07-15,,
2006-07-16,,
2006-07-17,,
2006-07-18,,
2006-07-19,,
2006-07-20,,
2006-07-21,,
2006-07-24,117.26,97.82
2006-07-26,,
2006-07-28,,
2006-07-29,,
2006-07-30,,
2006-07-31,,
2006-08-01,,
2006-08-02,,
2006-08-03,,
2006-08-04,,
2006-08-05,,
2006-08-06,,
2006-08-07,122.5,102.07
2006-08-09,,
2006-08-11,,
2006-08-12,,
2006-08-13,,
2006-08-14,,
2006-08-15,,
2006-08-16,,
2006-08-17,,
2006-08-18,,
2006-08-19,,
2006-08-21,124.79,104.19
2006-08-23,,
2006-08-25,,
2006-08-27,,
2006-08-28,,
2006-08-29,,
2006-08-30,,
2006-08-31,,
2006-09-02,,
2006-09-03,,
2006-09-04,126.06,104.76
2006-09-05,,
2006-09-06,,
2006-09-09,,
2006-09-11,,
2006-09-12,,
2006-09-13,,
2006-09-14,,
2006-09-15,,
2006-09-16,,
2006-09-17,,
2006-09-18,126.64,104.0
2006-09-19,,
2006-09-20,,
2006-09-23,,
2006-09-25,,
2006-09-26,,
2006-09-27,,
2006-09-28,,
2006-09-30,,
2006-10-02,128.29,105.31
2006-10-03,,
2006-10-04,,
2006-10-06,,
2006-10-08,,
2006-10-09,,
2006-10-10,,
2006-10-11,,
2006-10-12,,
2006-10-13,,
2006-10-15,,
2006-10-16,132.83,108.94
2006-10-18,,
2006-10-20,,
2006-10-22,,
2006-10-23,,
2006-10-25,,
2006-10-26,,
2006-10-27,,
2006-10-30,134.09,108.36
2006-11-02,,
2006-11-03,,
2006-11-04,,
2006-11-06,,
2006-11-07,,
2006-11-08,,
2006-11-09,,
2006-11-11,,
2006-11-13,133.89,107.0
2006-11-15,,
2006-11-18,,
2006-11-20,,
2006-11-21,,
2006-11-22,,
2006-11-23,,
2006-11-25,,
2006-11-26,,
2006-11-27,133.12,106.37
2006-11-29,,
2006-12-01,,
2006-12-02,,
2006-12-03,,
2006-12-04,,
2006-12-06,,
2006-12-07,,
2006-12-08,,
2006-12-09,,
2006-12-10,,
2006-12-11,133.19,106.7
2006-12-13,,
2006-12-15,,
2006-12-16,,
2006-12-17,,
2006-12-18,,
2006-12-20,,
2006-12-21,,
2006-12-22,,
2006-12-25,,
2006-12-26,,
2006-12-27,137.35,108.42
2006-12-29,,
2006-12-31,,
2007-01-01,,
2007-01-02,,
2007-01-03,,
2007-01-04,,
2007-01-05,,
2007-01-08,137.83,108.58
2007-01-10,,
2007-01-12,,
2007-01-14,,
2007-01-15,,
2007-01-16,,
2007-01-17,,
2007-01-18,,
2007-01-19,,
2007-01-20,,
2007-01-22,141.35,110.43
2007-01-24,,
2007-01-25,,
2007-01-26,,
2007-01-27,,
2007-01-28,,
2007-01-29,,
2007-01-31,,
2007-02-01,,
2007-02-05,144.37,112.96
2007-02-07,,
2007-02-12,,
2007-02-13,,
2007-02-14,,
2007-02-15,,
2007-02-19,145.91,113.82
2007-02-20,,
2007-02-21,,
2007-02-22,,
2007-02-26,,
2007-02-28,,
2007-03-01,,
2007-03-02,,
2007-03-05,138.19,109.35
2007-03-07,,
2007-03-09,,
2007-03-10,,
2007-03-11,,
2007-03-12,,
2007-03-13,,
2007-03-14,,
2007-03-15,,
2007-03-16,,
2007-03-19,138.19,108.86
2007-03-21,,
2007-03-23,,
2007-03-25,,
2007-03-26,,
2007-03-28,,
2007-03-30,,
2007-04-01,,
2007-04-02,143.35,112.87
2007-04-04,,
2007-04-07,,
2007-04-08,,
2007-04-09,,
2007-04-10,,
2007-04-11,,
2007-04-12,,
2007-04-14,,
2007-04-16,145.47,114.0
2007-04-18,,
2007-04-21,,
2007-04-23,,
2007-04-24,,
2007-04-25,,
2007-04-26,,
2007-04-28,,
2007-04-29,,
2007-04-30,147.16,115.1
2007-05-01,,
2007-05-02,,
2007-05-04,,
2007-05-06,,
2007-05-07,,
2007-05-08,,
2007-05-09,,
2007-05-10,,
2007-05-11,,
2007-05-14,148.53,117.81
2007-05-16,,
2007-05-18,,
2007-05-20,,
2007-05-21,,
2007-05-22,,
2007-05-23,,
2007-05-24,,
2007-05-25,,
2007-05-28,151.09,
2007-05-29,,118.81
2007-05-30,,
2007-06-02,,
2007-06-04,,
2007-06-05,,
2007-06-06,,
2007-06-09,,
2007-06-11,148.49,119.88
2007-06-13,,
2007-06-16,,
2007-06-18,,
2007-06-19,,
2007-06-20,,
2007-06-21,,
2007-06-23,,
2007-06-25,150.9,121.33
2007-06-27,,
2007-06-29,,
2007-06-30,,
2007-07-01,,
2007-07-02,,
2007-07-04,,
2007-07-05,,
2007-07-06,,
2007-07-09,152.63,121.6
2007-07-10,,
2007-07-11,,
2007-07-13,,
2007-07-14,,
2007-07-16,,
2007-07-18,,
2007-07-19,,
2007-07-20,,
2007-07-23,151.52,121.87
2007-07-25,,
2007-07-27,,
2007-07-28,,
2007-07-29,,
2007-07-30,,
2007-08-01,,
2007-08-03,,
2007-08-04,,
2007-08-06,143.69,115.07
2007-08-08,,
2007-08-10,,
2007-08-12,,
2007-08-13,,
2007-08-16,,
2007-08-17,,
2007-08-18,,
2007-08-20,138.47,110.47
2007-08-22,,
2007-08-24,,
2007-08-26,,
2007-08-27,,
2007-08-28,,
2007-08-29,,
2007-08-30,,
2007-09-01,,
2007-09-03,144.89,117.26
2007-09-04,,
2007-09-05,,
2007-09-08,,
2007-09-10,,
2007-09-11,,
2007-09-12,,
2007-09-13,,
2007-09-15,,
2007-09-17,142.44,114.55
2007-09-18,,
2007-09-19,,
2007-09-22,,
2007-09-24,,
2007-09-25,,
2007-09-26,,
2007-09-27,,
2007-09-29,,
2007-10-01,145.92,118.34
2007-10-03,,
2007-10-05,,
2007-10-07,,
2007-10-08,,
2007-10-09,,
2007-10-10,,
2007-10-11,,
2007-10-12,,
2007-10-14,,
2007-10-15,151.96,122.04
2007-10-16,,
2007-10-17,,
2007-10-19,,
2007-10-21,,
2007-10-22,,
2007-10-23,,
2007-10-24,,
2007-10-25,,
2007-10-26,,
2007-10-29,147.29,118.2
2007-10-30,,
2007-11-01,,
2007-11-03,,
2007-11-05,,
2007-11-06,,
2007-11-07,,
2007-11-08,,
2007-11-09,,
2007-11-10,,
2007-11-12,138.93,112.43
2007-11-14,,
2007-11-17,,
2007-11-19,,
2007-11-20,,
2007-11-21,,
2007-11-22,,
2007-11-23,,
2007-11-24,,
2007-11-26,133.62,108.47
2007-11-27,,
2007-11-28,,
2007-11-30,,
2007-12-01,,
2007-12-02,,
2007-12-03,,
2007-12-04,,
2007-12-05,,
2007-12-06,,
2007-12-07,,
2007-12-10,140.0,114.31
2007-12-12,,
2007-12-14,,
2007-12-16,,
2007-12-17,,
2007-12-18,,
2007-12-19,,
2007-12-20,,
2007-12-21,,
2007-12-22,,
2007-12-24,,
2007-12-27,138.96,112.32
2007-12-28,,
2007-12-30,,
2007-12-31,,
2008-01-01,,
2008-01-02,,
2008-01-04,,
2008-01-05,,
2008-01-07,132.17,107.84
2008-01-08,,
2008-01-09,,
2008-01-10,,
2008-01-11,,
2008-01-13,,
2008-01-14,,
2008-01-16,,
2008-01-18,,
2008-01-19,,
2008-01-21,122.72,100.34
2008-01-22,,
2008-01-23,,
2008-01-25,,
2008-01-27,,
2008-01-28,,
2008-01-29,,
2008-01-30,,
2008-01-31,,
2008-02-03,,
2008-02-04,126.22,102.13
2008-02-05,,
2008-02-06,,
2008-02-07,,
2008-02-10,,
2008-02-11,,
2008-02-12,,
2008-02-13,,
2008-02-14,,
2008-02-17,,
2008-02-18,122.19,101.89
2008-02-19,,
2008-02-20,,
2008-02-24,,
2008-02-25,,
2008-02-26,,
2008-02-27,,
2008-02-28,,
2008-03-02,,
2008-03-03,121.02,100.99
2008-03-04,,
2008-03-05,,
2008-03-07,,
2008-03-09,,
2008-03-10,,
2008-03-12,,
2008-03-13,,
2008-03-14,,
2008-03-17,115.46,94.67
2008-03-18,,
2008-03-19,,
2008-03-21,,
2008-03-23,,
2008-03-24,,
2008-03-25,,
2008-03-26,,
2008-03-27,,
2008-03-28,,
2008-03-29,,
2008-03-30,,
2008-04-02,117.15,95.44
2008-04-05,,
2008-04-06,,
2008-04-07,,
2008-04-08,,
2008-04-09,,
2008-04-10,,
2008-04-12,,
2008-04-13,,
2008-04-14,119.25,97.55
2008-04-16,,
2008-04-19,,
2008-04-21,,
2008-04-22,,
2008-04-23,,
2008-04-24,,
2008-04-26,,
2008-04-27,,
2008-04-28,123.63,101.69
2008-04-30,,
2008-05-01,,
2008-05-02,,
2008-05-03,,
2008-05-04,,
2008-05-05,,
2008-05-06,,
2008-05-07,,
2008-05-08,,
2008-05-09,,
2008-05-10,,
2008-05-12,,
2008-05-13,125.72,104.15
2008-05-14,,
2008-05-16,,
2008-05-18,,
2008-05-19,,
2008-05-21,,
2008-05-22,,
2008-05-23,,
2008-05-24,,
2008-05-25,,
2008-05-26,123.38,103.96
2008-05-27,,
2008-05-28,,
2008-05-30,,
2008-06-02,,
2008-06-03,,
2008-06-04,,
2008-06-05,,
2008-06-07,,
2008-06-08,,
2008-06-09,120.61,102.99
2008-06-11,,
2008-06-14,,
2008-06-15,,
2008-06-16,,
2008-06-17,,
2008-06-18,,
2008-06-19,,
2008-06-21,,
2008-06-22,,
2008-06-23,116.63,97.85
2008-06-24,,
2008-06-25,,
2008-06-28,,
2008-06-30,,
2008-07-01,,
2008-07-02,,
2008-07-04,,
2008-07-07,110.57,93.18
2008-07-08,,
2008-07-09,,
2008-07-11,,
2008-07-13,,
2008-07-14,,
2008-07-15,,
2008-07-16,,
2008-07-17,,
2008-07-18,,
2008-07-19,,
2008-07-20,,
2008-07-21,110.65,91.54
2008-07-22,,
2008-07-23,,
2008-07-25,,
2008-07-26,,
2008-07-27,,
2008-07-28,,
2008-07-29,,
2008-07-30,,
2008-08-01,,
2008-08-02,,
2008-08-04,112.26,92.33
2008-08-06,,
2008-08-08,,
2008-08-09,,
2008-08-10,,
2008-08-11,,
2008-08-13,,
2008-08-14,,
2008-08-15,,
2008-08-16,,
2008-08-18,117.32,94.58
2008-08-20,,
2008-08-22,,
2008-08-24,,
2008-08-25,,
2008-08-26,,
2008-08-27,,
2008-08-28,,
2008-08-29,,
2008-08-30,,
2008-09-01,118.19,95.82
2008-09-02,,
2008-09-03,,
2008-09-06,,
2008-09-08,,
2008-09-09,,
2008-09-10,,
2008-09-11,,
2008-09-13,,
2008-09-15,114.83,92.0
2008-09-16,,
2008-09-17,,
2008-09-20,,
2008-09-22,,
2008-09-23,,
2008-09-24,,
2008-09-25,,
2008-09-27,,
2008-09-29,109.1,86.13
2008-09-30,,
2008-10-01,,
2008-10-03,,
2008-10-05,,
2008-10-06,,
2008-10-07,,
2008-10-08,,
2008-10-09,,
2008-10-10,,
2008-10-13,82.69,64.58
2008-10-14,,
2008-10-15,,
2008-10-16,,
2008-10-17,,
2008-10-19,,
2008-10-20,,
2008-10-22,,
2008-10-23,,
2008-10-24,,
2008-10-27,81.68,64.19
2008-10-28,,
2008-10-29,,
2008-11-01,,
2008-11-03,,
2008-11-04,,
2008-11-05,,
2008-11-06,,
2008-11-08,,
2008-11-09,,
2008-11-10,89.79,69.23
2008-11-12,,
2008-11-15,,
2008-11-17,,
2008-11-18,,
2008-11-19,,
2008-11-20,,
2008-11-22,,
2008-11-23,,
2008-11-24,74.19,58.23
2008-11-26,,
2008-11-29,,
2008-12-01,,
2008-12-02,,
2008-12-03,,
2008-12-04,,
2008-12-05,,
2008-12-06,,
2008-12-07,,
2008-12-08,,
2008-12-09,79.36,62.88
2008-12-10,,
2008-12-12,,
2008-12-14,,
2008-12-15,,
2008-12-17,,
2008-12-18,,
2008-12-19,,
2008-12-20,,
2008-12-22,75.78,60.7
2008-12-26,,
2008-12-28,,
2008-12-29,,
2008-12-30,,
2009-01-01,,
2009-01-02,,
2009-01-05,79.32,64.06
2009-01-09,,
2009-01-11,,
2009-01-12,,
2009-01-13,,
2009-01-14,,
2009-01-15,,
2009-01-16,,
2009-01-17,,
2009-01-19,76.89,62.57
2009-01-20,,
2009-01-21,,
2009-01-23,,
2009-01-24,,
2009-01-25,,
2009-01-26,,
2009-01-27,,
2009-01-28,,
2009-01-30,,
2009-02-02,75.06,62.49
2009-02-04,,
2009-02-09,,
2009-02-10,,
2009-02-11,,
2009-02-12,,
2009-02-16,75.01,61.8
2009-02-17,,
2009-02-18,,
2009-02-23,,
2009-02-24,,
2009-02-25,,
2009-02-26,,
2009-02-27,,
2009-03-02,67.85,54.65
2009-03-03,,
2009-03-04,,
2009-03-06,,
2009-03-08,,
2009-03-09,,
2009-03-10,,
2009-03-11,,
2009-03-12,,
2009-03-13,,
2009-03-14,,
2009-03-16,66.68,55.23
2009-03-18,,
2009-03-20,,
2009-03-22,,
2009-03-23,,
2009-03-25,,
2009-03-26,,
2009-03-27,,
2009-03-30,,
2009-04-01,,
2009-04-02,70.75,59.2
2009-04-04,,
2009-04-05,,
2009-04-06,,
2009-04-07,,
2009-04-08,,
2009-04-09,,
2009-04-11,,
2009-04-12,,
2009-04-13,,
2009-04-14,75.58,62.01
2009-04-15,,
2009-04-16,,
2009-04-18,,
2009-04-20,,
2009-04-21,,
2009-04-22,,
2009-04-23,,
2009-04-25,,
2009-04-26,,
2009-04-27,78.5,63.84
2009-04-28,,
2009-04-29,,
2009-04-30,,
2009-05-01,,
2009-05-02,,
2009-05-03,,
2009-05-04,,
2009-05-05,,
2009-05-06,,
2009-05-07,,
2009-05-08,,
2009-05-11,83.0,70.27
2009-05-13,,
2009-05-14,,
2009-05-15,,
2009-05-17,,
2009-05-18,,
2009-05-19,,
2009-05-20,,
2009-05-21,,
2009-05-22,,
2009-05-23,,
2009-05-25,81.89,68.19
2009-05-26,,
2009-05-27,,
2009-05-28,,
2009-05-29,,
2009-05-30,,
2009-06-01,,
2009-06-02,,
2009-06-03,,
2009-06-04,,
2009-06-06,,
2009-06-08,83.82,70.73
2009-06-09,,
2009-06-10,,
2009-06-11,,
2009-06-13,,
2009-06-15,,
2009-06-16,,
2009-06-17,,
2009-06-19,,
2009-06-20,,
2009-06-22,83.46,68.78
2009-06-23,,
2009-06-24,,
2009-06-25,,
2009-06-27,,
2009-06-29,,
2009-06-30,,
2009-07-01,,
2009-07-03,,
2009-07-06,81.74,67.2
2009-07-08,,
2009-07-09,,
2009-07-10,,
2009-07-12,,
2009-07-13,,
2009-07-15,,
2009-07-16,,
2009-07-17,,
2009-07-20,84.69,68.49
2009-07-22,,
2009-07-23,,
2009-07-24,,
2009-07-25,,
2009-07-26,,
2009-07-27,,
2009-07-29,,
2009-07-31,,
2009-08-01,,
2009-08-03,89.16,72.53
2009-08-05,,
2009-08-06,,
2009-08-07,,
2009-08-08,,
2009-08-09,,
2009-08-10,,
2009-08-12,,
2009-08-13,,
2009-08-14,,
2009-08-17,92.2,74.15
2009-08-19,,
2009-08-20,,
2009-08-21,,
2009-08-22,,
2009-08-23,,
2009-08-24,,
2009-08-25,,
2009-08-26,,
2009-08-27,,
2009-08-28,,
2009-08-30,,
2009-08-31,93.8,75.94
2009-09-01,,
2009-09-02,,
2009-09-03,,
2009-09-05,,
2009-09-07,,
2009-09-08,,
2009-09-09,,
2009-09-10,,
2009-09-12,,
2009-09-14,95.63,77.29
2009-09-15,,
2009-09-16,,
2009-09-17,,
2009-09-19,,
2009-09-21,,
2009-09-22,,
2009-09-23,,
2009-09-24,,
2009-09-26,,
2009-09-27,,
2009-09-28,94.4,76.03
2009-09-29,,
2009-09-30,,
2009-10-01,,
2009-10-02,,
2009-10-04,,
2009-10-05,,
2009-10-07,,
2009-10-08,,
2009-10-09,,
2009-10-12,96.65,77.98
2009-10-14,,
2009-10-15,,
2009-10-16,,
2009-10-18,,
2009-10-19,,
2009-10-20,,
2009-10-21,,
2009-10-22,,
2009-10-23,,
2009-10-26,,
2009-10-27,95.9,76.96
2009-10-28,,
2009-10-29,,
2009-10-30,,
2009-11-02,,
2009-11-04,,
2009-11-05,,
2009-11-07,,
2009-11-09,94.86,76.7
2009-11-10,,
2009-11-11,,
2009-11-12,,
2009-11-14,,
2009-11-16,,
2009-11-17,,
2009-11-18,,
2009-11-20,,
2009-11-21,,
2009-11-23,96.53,77.72
2009-11-25,,
2009-11-26,,
2009-11-28,,
2009-11-29,,
2009-11-30,,
2009-12-01,,
2009-12-02,,
2009-12-04,,
2009-12-05,,
2009-12-07,98.86,79.11
2009-12-09,,
2009-12-10,,
2009-12-11,,
2009-12-13,,
2009-12-14,,
2009-12-15,,
2009-12-16,,
2009-12-17,,
2009-12-18,,
2009-12-19,,
2009-12-21,101.04,80.62
2009-12-23,,
2009-12-25,,
2009-12-26,,
2009-12-27,,
2009-12-28,,
2009-12-29,,
2009-12-30,,
2010-01-01,,
2010-01-04,103.3,82.33
2010-01-05,,
2010-01-07,,
2010-01-08,,
2010-01-10,,
2010-01-11,,
2010-01-12,,
2010-01-13,,
2010-01-14,,
2010-01-15,,
2010-01-16,,
2010-01-18,105.83,85.12
2010-01-19,,
2010-01-20,,
2010-01-21,,
2010-01-22,,
2010-01-24,,
2010-01-25,,
2010-01-26,,
2010-01-27,,
2010-01-28,,
2010-01-29,,
2010-02-01,101.7,81.44
2010-02-03,,
2010-02-04,,
2010-02-08,,
2010-02-09,,
2010-02-10,,
2010-02-11,,
2010-02-15,100.72,81.13
2010-02-16,,
2010-02-17,,
2010-02-18,,
2010-02-19,,
2010-02-22,,
2010-02-24,,
2010-02-25,,
2010-02-26,,
2010-03-01,103.74,82.67
2010-03-03,,
2010-03-04,,
2010-03-05,,
2010-03-06,,
2010-03-07,,
2010-03-08,,
2010-03-10,,
2010-03-11,,
2010-03-12,,
2010-03-15,107.32,86.41
2010-03-16,,
2010-03-17,,
2010-03-18,,
2010-03-19,,
2010-03-21,,
2010-03-22,,
2010-03-24,,
2010-03-25,,
2010-03-26,,
2010-03-29,,
2010-03-30,,
2010-04-01,110.38,88.44
2010-04-03,,
2010-04-04,,
2010-04-05,,
2010-04-06,,
2010-04-07,,
2010-04-08,,
2010-04-09,,
2010-04-10,,
2010-04-12,113.31,91.39
2010-04-13,,
2010-04-14,,
2010-04-15,,
2010-04-17,,
2010-04-18,,
2010-04-19,,
2010-04-20,,
2010-04-21,,
2010-04-22,,
2010-04-24,,
2010-04-25,,
2010-04-26,113.41,91.66
2010-04-27,,
2010-04-28,,
2010-04-29,,
2010-05-01,,
2010-05-03,,
2010-05-04,,
2010-05-05,,
2010-05-06,,
2010-05-07,,
2010-05-10,104.69,85.69
2010-05-11,,
2010-05-13,,
2010-05-14,,
2010-05-17,,
2010-05-18,,
2010-05-20,,
2010-05-21,,
2010-05-24,,
2010-05-25,105.15,83.96
2010-05-27,,
2010-05-28,,
2010-05-29,,
2010-05-30,,
2010-06-01,,
2010-06-05,,
2010-06-06,,
2010-06-07,107.66,84.83
2010-06-08,,
2010-06-09,,
2010-06-10,,
2010-06-12,,
2010-06-14,,
2010-06-15,,
2010-06-17,,
2010-06-19,,
2010-06-21,111.99,87.82
2010-06-22,,
2010-06-23,,
2010-06-24,,
2010-06-26,,
2010-06-28,,
2010-06-29,,
2010-06-30,,
2010-07-01,,
2010-07-02,,
2010-07-05,103.87,80.04
2010-07-06,,
2010-07-08,,
2010-07-09,,
2010-07-12,,
2010-07-15,,
2010-07-16,,
2010-07-19,106.65,82.22
2010-07-20,,
2010-07-22,,
2010-07-23,,
2010-07-26,,
2010-07-29,,
2010-07-30,,
2010-07-31,,
2010-08-02,110.56,85.2
2010-08-03,,
2010-08-05,,
2010-08-06,,
2010-08-07,,
2010-08-09,,
2010-08-10,,
2010-08-12,,
2010-08-13,,
2010-08-16,110.21,85.4
2010-08-17,,
2010-08-19,,
2010-08-20,,
2010-08-23,,
2010-08-26,,
2010-08-27,,
2010-08-30,108.15,84.13
2010-08-31,,
2010-09-01,,
2010-09-02,,
2010-09-04,,
2010-09-06,,
2010-09-07,,
2010-09-09,,
2010-09-10,,
2010-09-11,,
2010-09-12,,
2010-09-13,112.22,88.55
2010-09-14,,
2010-09-15,,
2010-09-16,,
2010-09-18,,
2010-09-20,,
2010-09-21,,
2010-09-23,,
2010-09-25,,
2010-09-26,,
2010-09-27,111.37,86.87
2010-09-28,,
2010-09-29,,
2010-09-30,,
2010-10-01,,
2010-10-02,,
2010-10-04,,
2010-10-07,,
2010-10-08,,
2010-10-11,110.46,87.38
2010-10-12,,
2010-10-14,,
2010-10-15,,
2010-10-18,,
2010-10-21,,
2010-10-22,,
2010-10-23,,
2010-10-25,112.1,87.67
2010-10-26,,
2010-10-28,,
2010-10-29,,
2010-10-30,,
2010-11-01,,
2010-11-02,,
2010-11-04,,
2010-11-06,,
2010-11-07,,
2010-11-08,112.97,89.15
2010-11-09,,
2010-11-10,,
2010-11-11,,
2010-11-13,,
2010-11-15,,
2010-11-16,,
2010-11-18,,
2010-11-20,,
2010-11-22,113.03,90.18
2010-11-23,,
2010-11-24,,
2010-11-25,,
2010-11-27,,
2010-11-28,,
2010-11-29,,
2010-11-30,,
2010-12-03,,
2010-12-04,,
2010-12-06,115.13,93.41
2010-12-07,,
2010-12-09,,
2010-12-10,,
2010-12-13,,
2010-12-16,,
2010-12-17,,
2010-12-18,,
2010-12-20,117.59,95.89
2010-12-21,,
2010-12-23,,
2010-12-24,,
2010-12-27,,
2010-12-28,,
2010-12-29,,
2010-12-30,,
2010-12-31,,
2011-01-03,118.04,97.14
2011-01-04,,
2011-01-06,,
2011-01-07,,
2011-01-10,,
2011-01-11,,
2011-01-13,,
2011-01-14,,
2011-01-17,123.26,99.87
2011-01-18,,
2011-01-20,,
2011-01-21,,
2011-01-22,,
2011-01-24,,
2011-01-25,,
2011-01-27,,
2011-01-28,,
2011-01-31,121.9,97.13
2011-02-03,,
2011-02-04,,
2011-02-07,,
2011-02-08,,
2011-02-10,,
2011-02-14,124.75,99.2
2011-02-17,,
2011-02-18,,
2011-02-21,,
2011-02-22,,
2011-02-24,,
2011-02-25,,
2011-02-28,123.12,99.62
2011-03-01,,
2011-03-03,,
2011-03-04,,
2011-03-07,,
2011-03-08,,
2011-03-10,,
2011-03-11,,
2011-03-12,,
2011-03-14,119.63,96.62
2011-03-15,,
2011-03-17,,
2011-03-18,,
2011-03-20,,
2011-03-21,,
2011-03-24,,
2011-03-25,,
2011-03-26,,
2011-03-28,119.04,96.18
2011-03-29,,
2011-04-02,,
2011-04-03,,
2011-04-04,,
2011-04-05,,
2011-04-07,,
2011-04-09,,
2011-04-11,119.18,96.42
2011-04-12,,
2011-04-13,,
2011-04-14,,
2011-04-16,,
2011-04-18,,
2011-04-19,,
2011-04-21,,
2011-04-23,,
2011-04-25,,
2011-04-26,118.59,94.74
2011-04-27,,
2011-04-28,,
2011-04-30,,
2011-05-01,,
2011-05-02,,
2011-05-03,,
2011-05-05,,
2011-05-06,,
2011-05-07,,
2011-05-09,120.71,94.15
2011-05-10,,
2011-05-12,,
2011-05-13,,
2011-05-14,,
2011-05-16,,
2011-05-19,,
2011-05-20,,
2011-05-23,122.67,94.52
2011-05-24,,
2011-05-26,,
2011-05-27,,
2011-05-30,,
2011-06-01,,
2011-06-04,,
2011-06-05,,
2011-06-06,118.37,92.28
2011-06-07,,
2011-06-08,,
2011-06-09,,
2011-06-11,,
2011-06-13,,
2011-06-14,,
2011-06-15,,
2011-06-16,,
2011-06-18,,
2011-06-20,116.76,89.73
2011-06-21,,
2011-06-22,,
2011-06-23,,
2011-06-24,,
2011-06-25,,
2011-06-27,,
2011-06-28,,
2011-06-30,,
2011-07-01,,
2011-07-04,120.48,93.32
2011-07-05,,
2011-07-07,,
2011-07-08,,
2011-07-11,,
2011-07-14,,
2011-07-15,,
2011-07-16,,
2011-07-18,119.83,92.75
2011-07-19,,
2011-07-21,,
2011-07-22,,
2011-07-25,,
2011-07-26,,
2011-07-28,,
2011-07-29,,
2011-07-30,,
2011-08-01,117.14,90.28
2011-08-02,,
2011-08-04,,
2011-08-05,,
2011-08-06,,
2011-08-08,,
2011-08-11,,
2011-08-12,,
2011-08-13,,
2011-08-15,,
2011-08-16,107.2,81.01
2011-08-17,,
2011-08-18,,
2011-08-19,,
2011-08-21,,
2011-08-22,,
2011-08-24,,
2011-08-25,,
2011-08-26,,
2011-08-29,102.79,77.12
2011-08-30,,
2011-09-03,,
2011-09-04,,
2011-09-05,,
2011-09-06,,
2011-09-08,,
2011-09-10,,
2011-09-12,104.23,78.12
2011-09-14,,
2011-09-17,,
2011-09-19,,
2011-09-20,,
2011-09-21,,
2011-09-22,,
2011-09-24,,
2011-09-25,,
2011-09-26,101.29,73.87
2011-09-28,,
2011-10-01,,
2011-10-03,,
2011-10-04,,
2011-10-06,,
2011-10-07,,
2011-10-10,106.81,76.12
2011-10-11,,
2011-10-14,,
2011-10-17,,
2011-10-20,,
2011-10-21,,
2011-10-23,,
2011-10-24,107.9,79.03
2011-10-25,,
2011-10-28,,
2011-10-30,,
2011-11-01,,
2011-11-03,,
2011-11-05,,
2011-11-06,,
2011-11-07,106.57,81.47
2011-11-09,,
2011-11-12,,
2011-11-14,,
2011-11-15,,
2011-11-17,,
2011-11-19,,
2011-11-21,104.33,78.41
2011-11-23,,
2011-11-26,,
2011-11-27,,
2011-11-28,,
2011-11-29,,
2011-11-30,,
2011-12-01,,
2011-12-02,,
2011-12-03,,
2011-12-04,,
2011-12-05,107.46,80.98
2011-12-06,,
2011-12-09,,
2011-12-12,,
2011-12-15,,
2011-12-16,,
2011-12-17,,
2011-12-19,106.14,77.92
2011-12-20,,
2011-12-23,,
2011-12-26,,
2011-12-27,,
2011-12-28,,
2011-12-29,,
2011-12-30,,
2012-01-02,109.47,81.19
2012-01-03,,
2012-01-06,,
2012-01-07,,
2012-01-09,,
2012-01-12,,
2012-01-13,,
2012-01-16,112.97,84.48
2012-01-17,,
2012-01-20,,
2012-01-21,,
2012-01-23,,
2012-01-24,,
2012-01-26,,
2012-01-27,,
2012-01-30,112.64,86.36
2012-02-02,,
2012-02-05,,
2012-02-06,,
2012-02-07,,
2012-02-08,,
2012-02-09,,
2012-02-12,,
2012-02-13,114.68,87.9
2012-02-16,,
2012-02-19,,
2012-02-20,,
2012-02-21,,
2012-02-22,,
2012-02-23,,
2012-02-26,,
2012-02-27,114.96,90.03
2012-03-01,,
2012-03-02,,
2012-03-05,,
2012-03-08,,
2012-03-09,,
2012-03-10,,
2012-03-11,,
2012-03-12,114.79,90.11
2012-03-13,,
2012-03-16,,
2012-03-19,,
2012-03-20,,
2012-03-22,,
2012-03-23,,
2012-03-26,115.21,88.7
2012-03-27,,
2012-03-30,,
2012-04-01,,
2012-04-02,,
2012-04-05,,
2012-04-07,,
2012-04-08,,
2012-04-09,,
2012-04-10,112.83,86.54
2012-04-11,,
2012-04-12,,
2012-04-14,,
2012-04-15,,
2012-04-16,,
2012-04-17,,
2012-04-19,,
2012-04-21,,
2012-04-22,,
2012-04-23,112.44,83.96
2012-04-24,,
2012-04-25,,
2012-04-26,,
2012-04-27,,
2012-04-28,,
2012-04-29,,
2012-04-30,,
2012-05-01,,
2012-05-04,,
2012-05-05,,
2012-05-06,,
2012-05-07,111.54,82.07
2012-05-08,,
2012-05-10,,
2012-05-11,,
2012-05-14,,
2012-05-17,,
2012-05-18,,
2012-05-21,106.81,76.9
2012-05-22,,
2012-05-24,,
2012-05-25,,
2012-05-28,,
2012-05-29,,
2012-05-30,,
2012-06-01,,
2012-06-02,,
2012-06-04,106.99,77.31
2012-06-05,,
2012-06-06,,
2012-06-07,,
2012-06-09,,
2012-06-11,,
2012-06-12,,
2012-06-14,,
2012-06-16,,
2012-06-18,109.32,79.61
2012-06-19,,
2012-06-20,,
2012-06-21,,
2012-06-23,,
2012-06-25,,
2012-06-26,,
2012-06-28,,
2012-06-30,,
2012-07-02,112.79,80.63
2012-07-03,,
2012-07-05,,
2012-07-06,,
2012-07-07,,
2012-07-09,,
2012-07-12,,
2012-07-13,,
2012-07-16,115.25,82.09
2012-07-17,,
2012-07-19,,
2012-07-20,,
2012-07-23,,
2012-07-24,,
2012-07-26,,
2012-07-27,,
2012-07-28,,
2012-07-30,117.12,84.01
2012-07-31,,
2012-08-02,,
2012-08-03,,
2012-08-04,,
2012-08-06,,
2012-08-07,,
2012-08-09,,
2012-08-10,,
2012-08-13,121.23,87.49
2012-08-14,,
2012-08-16,,
2012-08-17,,
2012-08-20,,
2012-08-23,,
2012-08-24,,
2012-08-27,119.99,85.68
2012-08-28,,
2012-08-30,,
2012-09-01,,
2012-09-03,,
2012-09-04,,
2012-09-05,,
2012-09-06,,
2012-09-08,,
2012-09-10,119.07,85.52
2012-09-11,,
2012-09-12,,
2012-09-13,,
2012-09-15,,
2012-09-17,,
2012-09-18,,
2012-09-20,,
2012-09-22,,
2012-09-23,,
2012-09-24,119.2,85.81
2012-09-25,,
2012-09-26,,
2012-09-27,,
2012-09-28,,
2012-09-29,,
2012-09-30,,
2012-10-01,,
2012-10-04,,
2012-10-05,,
2012-10-08,117.63,83.73
2012-10-09,,
2012-10-11,,
2012-10-12,,
2012-10-14,,
2012-10-15,,
2012-10-18,,
2012-10-19,,
2012-10-22,116.78,84.53
2012-10-23,,
2012-10-25,,
2012-10-26,,
2012-10-28,,
2012-10-29,,
2012-10-30,,
2012-11-01,,
2012-11-03,,
2012-11-05,117.17,84.57
2012-11-06,,
2012-11-07,,
2012-11-08,,
2012-11-10,,
2012-11-12,,
2012-11-13,,
2012-11-14,,
2012-11-15,,
2012-11-17,,
2012-11-18,,
2012-11-19,112.65,81.83
2012-11-20,,
2012-11-21,,
2012-11-23,,
2012-11-24,,
2012-11-26,,
2012-11-27,,
2012-11-28,,
2012-11-29,,
2012-12-01,,
2012-12-02,,
2012-12-03,115.56,83.69
2012-12-04,,
2012-12-06,,
2012-12-07,,
2012-12-10,,
2012-12-13,,
2012-12-14,,
2012-12-15,,
2012-12-17,116.53,84.2
2012-12-18,,
2012-12-20,,
2012-12-21,,
2012-12-22,,
2012-12-24,,
2012-12-26,,
2012-12-27,,
2012-12-28,,
2012-12-31,,
2013-01-01,,
2013-01-02,116.41,85.4
2013-01-04,,
2013-01-07,,
2013-01-11,,
2013-01-12,,
2013-01-13,,
2013-01-14,118.31,87.44
2013-01-15,,
2013-01-17,,
2013-01-18,,
2013-01-19,,
2013-01-21,,
2013-01-22,,
2013-01-25,,
2013-01-28,120.5,87.73
2013-01-31,,
2013-02-01,,
2013-02-04,,
2013-02-11,121.79,89.45
2013-02-12,,
2013-02-14,,
2013-02-15,,
2013-02-18,,
2013-02-19,,
2013-02-21,,
2013-02-25,123.02,88.77
2013-02-28,,
2013-03-01,,
2013-03-02,,
2013-03-04,,
2013-03-08,,
2013-03-11,127.47,91.64
2013-03-12,,
2013-03-14,,
2013-03-15,,
2013-03-18,,
2013-03-19,,
2013-03-22,,
2013-03-25,127.54,91.15
2013-03-26,,
2013-03-28,,
2013-03-29,,
2013-04-01,,
2013-04-02,,
2013-04-06,,
2013-04-07,,
2013-04-08,125.93,90.08
2013-04-09,,
2013-04-10,,
2013-04-11,,
2013-04-13,,
2013-04-15,,
2013-04-17,,
2013-04-20,,
2013-04-21,,
2013-04-22,125.57,89.01
2013-04-23,,
2013-04-24,,
2013-04-25,,
2013-04-27,,
2013-04-28,,
2013-04-29,,
2013-05-01,,
2013-05-02,,
2013-05-03,,
2013-05-04,,
2013-05-06,131.37,93.49
2013-05-07,,
2013-05-09,,
2013-05-10,,
2013-05-13,,
2013-05-17,,
2013-05-20,,
2013-05-21,136.23,97.63
2013-05-23,,
2013-05-24,,
2013-05-26,,
2013-05-27,,
2013-05-28,,
2013-06-01,,
2013-06-03,132.62,93.32
2013-06-04,,
2013-06-05,,
2013-06-06,,
2013-06-08,,
2013-06-09,,
2013-06-10,,
2013-06-15,,
2013-06-17,128.75,89.11
2013-06-18,,
2013-06-19,,
2013-06-20,,
2013-06-22,,
2013-06-24,,
2013-06-26,,
2013-06-29,,
2013-06-30,,
2013-07-01,128.43,89.39
2013-07-02,,
2013-07-04,,
2013-07-05,,
2013-07-06,,
2013-07-08,,
2013-07-09,,
2013-07-12,,
2013-07-14,,
2013-07-15,133.39,92.39
2013-07-16,,
2013-07-18,,
2013-07-19,,
2013-07-22,,
2013-07-26,,
2013-07-27,,
2013-07-29,133.71,92.36
2013-07-30,,
2013-08-01,,
2013-08-02,,
2013-08-03,,
2013-08-05,,
2013-08-06,,
2013-08-09,,
2013-08-10,,
2013-08-12,135.06,93.09
2013-08-13,,
2013-08-14,,
2013-08-15,,
2013-08-16,,
2013-08-17,,
2013-08-19,,
2013-08-23,,
2013-08-24,,
2013-08-26,134.21,91.79
2013-08-27,,
2013-08-29,,
2013-08-30,,
2013-09-02,,
2013-09-03,,
2013-09-07,,
2013-09-08,,
2013-09-09,134.79,94.29
2013-09-10,,
2013-09-11,,
2013-09-12,,
2013-09-14,,
2013-09-15,,
2013-09-16,,
2013-09-21,,
2013-09-23,136.68,95.43
2013-09-24,,
2013-09-25,,
2013-09-26,,
2013-09-28,,
2013-09-29,,
2013-09-30,,
2013-10-02,,
2013-10-04,,
2013-10-05,,
2013-10-07,134.44,94.24
2013-10-08,,
2013-10-10,,
2013-10-11,,
2013-10-12,,
2013-10-14,,
2013-10-15,,
2013-10-16,,
2013-10-18,,
2013-10-20,,
2013-10-21,137.7,96.59
2013-10-22,,
2013-10-24,,
2013-10-25,,
2013-10-26,,
2013-10-28,,
2013-10-29,,
2013-11-02,,
2013-11-04,138.65,97.24
2013-11-05,,
2013-11-06,,
2013-11-07,,
2013-11-09,,
2013-11-11,,
2013-11-12,,
2013-11-16,,
2013-11-18,141.25,98.37
2013-11-19,,
2013-11-20,,
2013-11-21,,
2013-11-23,,
2013-11-25,,
2013-11-30,,
2013-12-01,,
2013-12-02,141.99,97.95
2013-12-05,,
2013-12-06,,
2013-12-07,,
2013-12-09,,
2013-12-10,,
2013-12-11,,
2013-12-13,,
2013-12-16,135.63,92.81
2013-12-17,,
2013-12-19,,
2013-12-20,,
2013-12-21,,
2013-12-23,,
2013-12-27,,
2013-12-29,,
2013-12-30,140.83,96.32
2013-12-31,,
2014-01-01,,
2014-01-03,,
2014-01-04,,
2014-01-06,,
2014-01-07,,
2014-01-10,,
2014-01-11,,
2014-01-13,142.29,96.62
2014-01-14,,
2014-01-16,,
2014-01-17,,
2014-01-18,,
2014-01-20,,
2014-01-21,,
2014-01-24,,
2014-01-27,140.17,94.19
2014-01-28,,
2014-01-30,,
2014-02-03,,
2014-02-04,,
2014-02-05,,
2014-02-06,,
2014-02-10,140.02,93.87
2014-02-13,,
2014-02-14,,
2014-02-17,,
2014-02-18,,
2014-02-24,145.06,96.01
2014-02-27,,
2014-02-28,,
2014-03-03,,
2014-03-07,,
2014-03-10,145.66,95.85
2014-03-11,,
2014-03-13,,
2014-03-14,,
2014-03-17,,
2014-03-18,,
2014-03-21,,
2014-03-22,,
2014-03-23,,
2014-03-24,143.96,94.97
2014-03-25,,
2014-03-27,,
2014-03-28,,
2014-03-29,,
2014-04-02,,
2014-04-03,,
2014-04-05,,
2014-04-06,,
2014-04-07,148.78,97.19
2014-04-08,,
2014-04-09,,
2014-04-10,,
2014-04-12,,
2014-04-14,,
2014-04-19,,
2014-04-21,,
2014-04-22,147.0,95.58
2014-04-23,,
2014-04-24,,
2014-04-26,,
2014-04-27,,
2014-04-28,,
2014-05-02,,
2014-05-03,,
2014-05-05,148.58,96.39
2014-05-06,,
2014-05-07,,
2014-05-08,,
2014-05-09,,
2014-05-10,,
2014-05-12,,
2014-05-16,,
2014-05-19,149.49,97.16
2014-05-20,,
2014-05-22,,
2014-05-23,,
2014-05-24,,
2014-05-26,,
2014-05-27,,
2014-05-30,,
2014-06-02,152.55,99.65
2014-06-03,,
2014-06-04,,
2014-06-05,,
2014-06-07,,
2014-06-08,,
2014-06-09,,
2014-06-10,,
2014-06-14,,
2014-06-15,,
2014-06-16,155.68,101.31
2014-06-17,,
2014-06-18,,
2014-06-19,,
2014-06-21,,
2014-06-22,,
2014-06-23,,
2014-06-24,,
2014-06-28,,
2014-06-30,153.35,101.14
2014-07-01,,
2014-07-04,,
2014-07-05,,
2014-07-07,,
2014-07-08,,
2014-07-11,,
2014-07-14,151.98,100.57
2014-07-15,,
2014-07-17,,
2014-07-18,,
2014-07-21,,
2014-07-22,,
2014-07-25,,
2014-07-26,,
2014-07-28,154.04,102.3
2014-07-29,,
2014-08-01,,
2014-08-02,,
2014-08-03,,
2014-08-04,,
2014-08-05,,
2014-08-08,,
2014-08-09,,
2014-08-11,147.39,99.06
2014-08-12,,
2014-08-14,,
2014-08-15,,
2014-08-18,,
2014-08-22,,
2014-08-23,,
2014-08-25,152.88,102.39
2014-08-26,,
2014-08-28,,
2014-08-29,,
2014-09-01,,
2014-09-02,,
2014-09-04,,
2014-09-06,,
2014-09-08,156.99,105.45
2014-09-09,,
2014-09-10,,
2014-09-11,,
2014-09-13,,
2014-09-14,,
2014-09-15,,
2014-09-16,,
2014-09-20,,
2014-09-22,157.21,105.42
2014-09-23,,
2014-09-24,,
2014-09-25,,
2014-09-27,,
2014-09-28,,
2014-09-29,,
2014-10-01,,
2014-10-03,,
2014-10-05,,
2014-10-06,153.33,103.9
2014-10-07,,
2014-10-09,,
2014-10-10,,
2014-10-13,,
2014-10-14,,
2014-10-15,,
2014-10-17,,
2014-10-20,145.65,98.36
2014-10-21,,
2014-10-23,,
2014-10-24,,
2014-10-27,,
2014-10-28,,
2014-11-01,,
2014-11-03,156.32,105.65
2014-11-04,,
2014-11-05,,
2014-11-06,,
2014-11-07,,
2014-11-08,,
2014-11-09,,
2014-11-10,,
2014-11-11,,
2014-11-15,,
2014-11-16,,
2014-11-17,159.63,106.71
2014-11-18,,
2014-11-19,,
2014-11-20,,
2014-11-22,,
2014-11-24,,
2014-11-29,,
2014-11-30,,
2014-12-01,162.67,108.55
2014-12-03,,
2014-12-04,,
2014-12-05,,
2014-12-08,,
2014-12-09,,
2014-12-12,,
2014-12-15,157.16,104.76
2014-12-16,,
2014-12-18,,
2014-12-19,,
2014-12-20,,
2014-12-22,,
2014-12-26,,
2014-12-29,165.36,110.2
2014-12-30,,
2015-01-01,,
2015-01-02,,
2015-01-03,,
2015-01-05,,
2015-01-08,,
2015-01-09,,
2015-01-12,165.45,109.7
2015-01-13,,
2015-01-15,,
2015-01-16,,
2015-01-17,,
2015-01-18,,
2015-01-19,,
2015-01-20,,
2015-01-23,,
2015-01-24,,
2015-01-25,,
2015-01-26,179.59,117.45
2015-01-27,,
2015-01-29,,
2015-02-02,,
2015-02-03,,
2015-02-09,181.53,117.61
2015-02-12,,
2015-02-13,,
2015-02-16,,
2015-02-17,,
2015-02-18,,
2015-02-23,185.93,120.51
2015-02-25,,
2015-02-26,,
2015-02-27,,
2015-03-02,,
2015-03-06,,
2015-03-07,,
2015-03-08,,
2015-03-09,192.76,124.21
2015-03-10,,
2015-03-12,,
2015-03-13,,
2015-03-14,,
2015-03-15,,
2015-03-16,,
2015-03-20,,
2015-03-23,197.78,126.87
2015-03-24,,
2015-03-26,,
2015-03-27,,
2015-03-30,,
2015-04-02,,
2015-04-04,,
2015-04-05,,
2015-04-06,,
2015-04-07,194.49,123.28
2015-04-08,,
2015-04-09,,
2015-04-11,,
2015-04-13,,
2015-04-15,,
2015-04-18,,
2015-04-20,199.77,126.32
2015-04-21,,
2015-04-22,,
2015-04-23,,
2015-04-25,,
2015-04-26,,
2015-04-27,,
2015-05-01,,
2015-05-02,,
2015-05-04,195.45,123.03
2015-05-05,,
2015-05-07,,
2015-05-08,,
2015-05-11,,
2015-05-15,,
2015-05-18,194.48,121.77
2015-05-19,,
2015-05-21,,
2015-05-22,,
2015-05-23,,
2015-05-25,,
2015-05-26,,
2015-05-29,,
2015-05-30,,
2015-06-01,196.78,124.45
2015-06-02,,
2015-06-03,,
2015-06-04,,
2015-06-06,,
2015-06-07,,
2015-06-08,,
2015-06-13,,
2015-06-15,191.12,120.41
2015-06-16,,
2015-06-17,,
2015-06-18,,
2015-06-20,,
2015-06-22,,
2015-06-23,,
2015-06-27,,
2015-06-29,193.12,122.01
2015-06-30,,
2015-07-01,,
2015-07-03,,
2015-07-04,,
2015-07-06,,
2015-07-07,,
2015-07-10,,
2015-07-13,187.79,119.54
2015-07-14,,
2015-07-16,,
2015-07-17,,
2015-07-20,,
2015-07-22,,
2015-07-24,,
2015-07-27,190.02,121.37
2015-07-28,,
2015-07-30,,
2015-07-31,,
2015-08-01,,
2015-08-03,,
2015-08-04,,
2015-08-07,,
2015-08-08,,
2015-08-09,,
2015-08-10,191.3,121.69
2015-08-11,,
2015-08-13,,
2015-08-14,,
2015-08-17,,
2015-08-20,,
2015-08-21,,
2015-08-22,,
2015-08-23,,
2015-08-24,174.12,111.69
2015-08-25,,
2015-08-27,,
2015-08-28,,
2015-08-29,,
2015-08-31,,
2015-09-01,,
2015-09-05,,
2015-09-07,171.06,109.95
2015-09-08,,
2015-09-09,,
2015-09-10,,
2015-09-12,,
2015-09-13,,
2015-09-14,,
2015-09-16,,
2015-09-19,,
2015-09-21,172.06,109.58
2015-09-22,,
2015-09-23,,
2015-09-24,,
2015-09-25,,
2015-09-26,,
2015-09-27,,
2015-09-28,,
2015-09-29,,
2015-09-30,,
2015-10-01,,
2015-10-02,,
2015-10-03,,
2015-10-04,,
2015-10-05,171.49,108.99
2015-10-06,,
2015-10-08,,
2015-10-09,,
2015-10-12,,
2015-10-13,,
2015-10-16,,
2015-10-19,176.78,112.96
2015-10-20,,
2015-10-22,,
2015-10-23,,
2015-10-24,,
2015-10-26,,
2015-10-27,,
2015-10-30,,
2015-11-02,183.73,118.0
2015-11-03,,
2015-11-04,,
2015-11-05,,
2015-11-07,,
2015-11-09,,
2015-11-10,,
2015-11-14,,
2015-11-16,182.67,118.59
2015-11-17,,
2015-11-18,,
2015-11-19,,
2015-11-21,,
2015-11-23,,
2015-11-24,,
2015-11-28,,
2015-11-29,,
2015-11-30,189.3,124.16
2015-12-01,,
2015-12-03,,
2015-12-04,,
2015-12-05,,
2015-12-06,,
2015-12-07,,
2015-12-08,,
2015-12-11,,
2015-12-12,,
2015-12-13,,
2015-12-14,176.73,115.53
2015-12-15,,
2015-12-17,,
2015-12-18,,
2015-12-19,,
2015-12-21,,
2015-12-22,,
2015-12-25,,
2015-12-26,,
2015-12-28,181.1,118.21
2015-12-29,,
2015-12-30,,
2016-01-01,,
2016-01-02,,
2016-01-04,,
2016-01-05,,
2016-01-08,,
2016-01-09,,
2016-01-10,,
2016-01-11,168.7,110.74
2016-01-12,,
2016-01-13,,
2016-01-14,,
2016-01-15,,
2016-01-16,,
2016-01-17,,
2016-01-18,,
2016-01-19,,
2016-01-22,,
2016-01-25,166.28,109.65
2016-01-26,,
2016-01-28,,
2016-01-29,,
2016-02-01,,
2016-02-02,,
2016-02-07,,
2016-02-08,161.81,105.95
2016-02-09,,
2016-02-10,,
2016-02-11,,
2016-02-14,,
2016-02-15,,
2016-02-16,,
2016-02-17,,
2016-02-18,,
2016-02-19,,
2016-02-21,,
2016-02-22,164.46,107.48
2016-02-23,,
2016-02-24,,
2016-02-25,,
2016-02-26,,
2016-02-28,,
2016-02-29,,
2016-03-01,,
2016-03-02,,
2016-03-04,,
2016-03-05,,
2016-03-06,,
2016-03-07,172.51,113.07
2016-03-08,,
2016-03-09,,
2016-03-10,,
2016-03-11,,
2016-03-12,,
2016-03-13,,
2016-03-14,,
2016-03-15,,
2016-03-17,,
2016-03-18,,
2016-03-21,173.05,113.21
2016-03-22,,
2016-03-24,,
2016-03-25,,
2016-03-28,,
2016-03-29,,
2016-04-01,,
2016-04-02,,
2016-04-03,,
2016-04-04,169.35,112.88
2016-04-05,,
2016-04-06,,
2016-04-07,,
2016-04-09,,
2016-04-11,,
2016-04-12,,
2016-04-13,,
2016-04-16,,
2016-04-17,,
2016-04-18,173.46,115.23
2016-04-19,,
2016-04-20,,
2016-04-21,,
2016-04-23,,
2016-04-25,,
2016-04-26,,
2016-04-27,,
2016-04-29,,
2016-04-30,,
2016-05-01,,
2016-05-02,171.6,113.99
2016-05-03,,
2016-05-05,,
2016-05-06,,
2016-05-07,,
2016-05-09,,
2016-05-10,,
2016-05-13,,
2016-05-15,,
2016-05-16,,
2016-05-17,170.96,115.24
2016-05-19,,
2016-05-20,,
2016-05-23,,
2016-05-24,,
2016-05-27,,
2016-05-29,,
2016-05-30,179.46,119.69
2016-06-01,,
2016-06-02,,
2016-06-04,,
2016-06-05,,
2016-06-06,,
2016-06-07,,
2016-06-08,,
2016-06-11,,
2016-06-12,,
2016-06-13,174.88,117.27
2016-06-14,,
2016-06-15,,
2016-06-16,,
2016-06-18,,
2016-06-19,,
2016-06-20,,
2016-06-21,,
2016-06-22,,
2016-06-25,,
2016-06-27,168.65,114.06
2016-06-28,,
2016-06-29,,
2016-06-30,,
2016-07-01,,
2016-07-02,,
2016-07-04,,
2016-07-05,,
2016-07-08,,
2016-07-11,170.3,118.64
2016-07-12,,
2016-07-14,,
2016-07-15,,
2016-07-16,,
2016-07-18,,
2016-07-19,,
2016-07-22,,
2016-07-25,177.53,122.22
2016-07-26,,
2016-07-28,,
2016-07-29,,
2016-07-30,,
2016-07-31,,
2016-08-01,,
2016-08-02,,
2016-08-03,,
2016-08-05,,
2016-08-06,,
2016-08-08,179.3,122.13
2016-08-09,,
2016-08-11,,
2016-08-12,,
2016-08-13,,
2016-08-15,,
2016-08-16,,
2016-08-19,,
2016-08-20,,
2016-08-22,178.51,120.03
2016-08-23,,
2016-08-25,,
2016-08-26,,
2016-08-29,,
2016-08-30,,
2016-09-03,,
2016-09-04,,
2016-09-05,183.28,122.63
2016-09-06,,
2016-09-07,,
2016-09-08,,
2016-09-10,,
2016-09-11,,
2016-09-12,,
2016-09-13,,
2016-09-14,,
2016-09-17,,
2016-09-19,179.13,119.53
2016-09-20,,
2016-09-21,,
2016-09-22,,
2016-09-24,,
2016-09-26,,
2016-09-27,,
2016-09-28,,
2016-10-01,,
2016-10-02,,
2016-10-03,181.6,121.93
2016-10-04,,
2016-10-05,,
2016-10-06,,
2016-10-07,,
2016-10-08,,
2016-10-10,,
2016-10-11,,
2016-10-14,,
2016-10-15,,
2016-10-17,183.24,121.17
2016-10-18,,
2016-10-20,,
2016-10-21,,
2016-10-24,,
2016-10-25,,
2016-10-28,,
2016-10-30,,
2016-11-01,184.64,120.61
2016-11-02,,
2016-11-03,,
2016-11-05,,
2016-11-06,,
2016-11-07,,
2016-11-08,,
2016-11-09,,
2016-11-10,,
2016-11-11,,
2016-11-12,,
2016-11-13,,
2016-11-14,184.17,120.79
2016-11-15,,
2016-11-16,,
2016-11-17,,
2016-11-19,,
2016-11-21,,
2016-11-22,,
2016-11-23,,
2016-11-26,,
2016-11-27,,
2016-11-28,190.69,125.13
2016-11-29,,
2016-11-30,,
2016-12-01,,
2016-12-02,,
2016-12-03,,
2016-12-04,,
2016-12-05,,
2016-12-06,,
2016-12-08,,
2016-12-09,,
2016-12-10,,
2016-12-12,197.48,127.72
2016-12-13,,
2016-12-14,,
2016-12-15,,
2016-12-16,,
2016-12-17,,
2016-12-19,,
2016-12-20,,
2016-12-23,,
2016-12-24,,
2016-12-26,,
2016-12-27,198.16,128.51
2016-12-28,,
2016-12-29,,
2016-12-30,,
2016-12-31,,
2017-01-01,,
2017-01-02,,
2017-01-03,,
2017-01-04,,
2017-01-06,,
2017-01-09,199.45,128.83
2017-01-10,,
2017-01-12,,
2017-01-13,,
2017-01-16,,
2017-01-17,,
2017-01-20,,
2017-01-21,,
2017-01-22,,
2017-01-23,198.24,127.51
2017-01-24,,
2017-01-26,,
2017-01-27,,
2017-01-28,,
2017-01-30,,
2017-01-31,,
2017-02-01,,
2017-02-02,,
2017-02-03,,
2017-02-06,198.6,127.51
2017-02-09,,
2017-02-10,,
2017-02-13,,
2017-02-14,,
2017-02-15,,
2017-02-16,,
2017-02-17,,
2017-02-18,,
2017-02-20,206.42,131.02
2017-02-21,,
2017-02-22,,
2017-02-23,,
2017-02-24,,
2017-02-27,,
2017-02-28,,
2017-03-01,,
2017-03-02,,
2017-03-03,,
2017-03-04,,
2017-03-05,,
2017-03-06,207.38,132.49
2017-03-07,,
2017-03-09,,
2017-03-10,,
2017-03-13,,
2017-03-14,,
2017-03-15,,
2017-03-16,,
2017-03-17,,
2017-03-18,,
2017-03-20,208.85,132.24
2017-03-21,,
2017-03-23,,
2017-03-24,,
2017-03-25,,
2017-03-27,,
2017-03-28,,
2017-04-01,,
2017-04-02,,
2017-04-03,209.57,132.97
2017-04-04,,
2017-04-05,,
2017-04-06,,
2017-04-08,,
2017-04-09,,
2017-04-10,,
2017-04-11,,
2017-04-12,,
2017-04-13,,
2017-04-15,,
2017-04-17,,
2017-04-18,209.12,133.46
2017-04-19,,
2017-04-20,,
2017-04-22,,
2017-04-24,,
2017-04-25,,
2017-04-26,,
2017-04-27,,
2017-04-29,,
2017-04-30,,
2017-05-01,,
2017-05-02,211.98,134.43
2017-05-03,,
2017-05-04,,
2017-05-05,,
2017-05-06,,
2017-05-07,,
2017-05-08,,
2017-05-09,,
2017-05-11,,
2017-05-12,,
2017-05-13,,
2017-05-15,217.47,135.35
2017-05-16,,
2017-05-18,,
2017-05-19,,
2017-05-22,,
2017-05-23,,
2017-05-25,,
2017-05-26,,
2017-05-27,,
2017-05-28,,
2017-05-29,214.63,134.3
2017-05-30,,
2017-06-01,,
2017-06-02,,
2017-06-03,,
2017-06-05,,
2017-06-06,,
2017-06-07,,
2017-06-08,,
2017-06-10,,
2017-06-12,216.96,135.15
2017-06-13,,
2017-06-14,,
2017-06-15,,
2017-06-17,,
2017-06-18,,
2017-06-19,,
2017-06-20,,
2017-06-21,,
2017-06-22,,
2017-06-24,,
2017-06-26,217.27,135.34
2017-06-27,,
2017-06-28,,
2017-06-29,,
2017-07-01,,
2017-07-03,,
2017-07-04,,
2017-07-06,,
2017-07-07,,
2017-07-08,,
2017-07-10,215.0,132.23
2017-07-11,,
2017-07-13,,
2017-07-14,,
2017-07-17,,
2017-07-18,,
2017-07-20,,
2017-07-21,,
2017-07-24,215.55,132.39
2017-07-25,,
2017-07-27,,
2017-07-28,,
2017-07-29,,
2017-07-31,,
2017-08-01,,
2017-08-03,,
2017-08-04,,
2017-08-05,,
2017-08-07,215.07,132.03
2017-08-08,,
2017-08-10,,
2017-08-11,,
2017-08-14,,
2017-08-15,,
2017-08-17,,
2017-08-18,,
2017-08-19,,
2017-08-21,213.53,129.91
2017-08-22,,
2017-08-24,,
2017-08-25,,
2017-08-26,,
2017-08-27,,
2017-08-28,,
2017-08-29,,
2017-08-31,,
2017-09-02,,
2017-09-03,,
2017-09-04,216.81,130.64
2017-09-05,,
2017-09-06,,
2017-09-07,,
2017-09-09,,
2017-09-10,,
2017-09-11,,
2017-09-12,,
2017-09-13,,
2017-09-14,,
2017-09-16,,
2017-09-17,,
2017-09-18,220.08,131.86
2017-09-19,,
2017-09-20,,
2017-09-21,,
2017-09-23,,
2017-09-25,,
2017-09-26,,
2017-09-27,,
2017-09-28,,
2017-09-29,,
2017-09-30,,
2017-10-01,,
2017-10-02,224.19,134.15
2017-10-03,,
2017-10-05,,
2017-10-06,,
2017-10-09,,
2017-10-10,,
2017-10-11,,
2017-10-12,,
2017-10-13,,
2017-10-14,,
2017-10-16,226.73,136.72
2017-10-19,,
2017-10-20,,
2017-10-21,,
2017-10-23,,
2017-10-24,,
2017-10-26,,
2017-10-27,,
2017-10-28,,
2017-10-29,,
2017-10-30,230.85,140.89
2017-11-01,,
2017-11-02,,
2017-11-04,,
2017-11-05,,
2017-11-06,,
2017-11-07,,
2017-11-09,,
2017-11-11,,
2017-11-13,228.34,138.71
2017-11-14,,
2017-11-16,,
2017-11-18,,
2017-11-20,,
2017-11-21,,
2017-11-22,,
2017-11-23,,
2017-11-24,,
2017-11-25,,
2017-11-26,,
2017-11-27,227.43,137.86
2017-11-28,,
2017-11-30,,
2017-12-01,,
2017-12-02,,
2017-12-03,,
2017-12-04,,
2017-12-05,,
2017-12-07,,
2017-12-08,,
2017-12-09,,
2017-12-10,,
2017-12-11,229.62,139.82
2017-12-14,,
2017-12-15,,
2017-12-16,,
2017-12-17,,
2017-12-18,,
2017-12-19,,
2017-12-20,,
2017-12-21,,
2017-12-22,,
2017-12-25,,
2017-12-26,,
2017-12-27,232.48,139.89
2017-12-28,,
2017-12-29,,
2017-12-31,,
2018-01-01,,
2018-01-02,,
2018-01-03,,
2018-01-04,,
2018-01-05,,
2018-01-08,236.68,141.73
2018-01-09,,
2018-01-11,,
2018-01-12,,
2018-01-13,,
2018-01-14,,
2018-01-15,,
2018-01-16,,
2018-01-17,,
2018-01-18,,
2018-01-19,,
2018-01-20,,
2018-01-21,,
2018-01-22,239.47,142.7
2018-01-25,,
2018-01-26,,
2018-01-27,,
2018-01-28,,
2018-01-29,,
2018-01-31,,
2018-02-01,,
2018-02-05,227.94,137.86
2018-02-06,,
2018-02-07,,
2018-02-08,,
2018-02-12,,
2018-02-13,,
2018-02-14,,
2018-02-15,,
2018-02-19,226.49,136.68
2018-02-20,,
2018-02-21,,
2018-02-22,,
2018-02-26,,
2018-02-27,,
2018-02-28,,
2018-03-01,,
2018-03-02,,
2018-03-03,,
2018-03-04,,
2018-03-05,222.5,135.27
2018-03-06,,
2018-03-07,,
2018-03-08,,
2018-03-09,,
2018-03-10,,
2018-03-12,,
2018-03-13,,
2018-03-15,,
2018-03-16,,
2018-03-19,228.01,139.89
2018-03-20,,
2018-03-22,,
2018-03-23,,
2018-03-24,,
2018-03-25,,
2018-03-26,,
2018-03-27,,
2018-03-30,,
2018-04-01,,
2018-04-02,,
2018-04-03,222.93,134.6
2018-04-04,,
2018-04-05,,
2018-04-07,,
2018-04-08,,
2018-04-09,,
2018-04-10,,
2018-04-12,,
2018-04-14,,
2018-04-16,227.36,136.63
2018-04-17,,
2018-04-19,,
2018-04-21,,
2018-04-22,,
2018-04-23,,
2018-04-24,,
2018-04-26,,
2018-04-28,,
2018-04-29,,
2018-04-30,229.52,138.96
2018-05-01,,
2018-05-02,,
2018-05-03,,
2018-05-04,,
2018-05-05,,
2018-05-07,,
2018-05-08,,
2018-05-10,,
2018-05-11,,
2018-05-14,234.88,142.4
2018-05-17,,
2018-05-18,,
2018-05-19,,
2018-05-21,,
2018-05-22,,
2018-05-23,,
2018-05-24,,
2018-05-25,,
2018-05-28,237.59,144.66
2018-05-29,,
2018-06-01,,
2018-06-02,,
2018-06-03,,
2018-06-04,,
2018-06-05,,
2018-06-06,,
2018-06-07,,
2018-06-09,,
2018-06-10,,
2018-06-11,234.63,146.15
2018-06-12,,
2018-06-14,,
2018-06-16,,
2018-06-17,,
2018-06-18,,
2018-06-19,,
2018-06-21,,
2018-06-22,,
2018-06-23,,
2018-06-25,233.7,146.14
2018-06-26,,
2018-06-27,,
2018-06-28,,
2018-06-30,,
2018-07-01,,
2018-07-02,,
2018-07-03,,
2018-07-05,,
2018-07-06,,
2018-07-07,,
2018-07-09,229.74,144.96
2018-07-10,,
2018-07-12,,
2018-07-13,,
2018-07-14,,
2018-07-16,,
2018-07-17,,
2018-07-19,,
2018-07-20,,
2018-07-21,,
2018-07-23,231.88,147.14
2018-07-26,,
2018-07-27,,
2018-07-28,,
2018-07-29,,
2018-07-30,,
2018-07-31,,
2018-08-02,,
2018-08-03,,
2018-08-04,,
2018-08-06,235.18,148.01
2018-08-07,,
2018-08-09,,
2018-08-10,,
2018-08-11,,
2018-08-13,,
2018-08-16,,
2018-08-17,,
2018-08-18,,
2018-08-20,234.09,148.45
2018-08-21,,
2018-08-23,,
2018-08-24,,
2018-08-25,,
2018-08-26,,
2018-08-27,,
2018-08-28,,
2018-08-29,,
2018-08-30,,
2018-09-01,,
2018-09-02,,
2018-09-03,234.05,148.66
2018-09-04,,
2018-09-06,,
2018-09-07,,
2018-09-08,,
2018-09-09,,
2018-09-10,,
2018-09-11,,
2018-09-13,,
2018-09-15,,
2018-09-17,230.57,148.1
2018-09-18,,
2018-09-20,,
2018-09-21,,
2018-09-22,,
2018-09-24,,
2018-09-25,,
2018-09-26,,
2018-09-27,,
2018-09-29,,
2018-09-30,,
2018-10-01,230.81,149.21
2018-10-02,,
2018-10-04,,
2018-10-05,,
2018-10-06,,
2018-10-07,,
2018-10-08,,
2018-10-09,,
2018-10-11,,
2018-10-12,,
2018-10-13,,
2018-10-14,,
2018-10-15,215.83,140.14
2018-10-16,,
2018-10-18,,
2018-10-19,,
2018-10-22,,
2018-10-23,,
2018-10-24,,
2018-10-25,,
2018-10-26,,
2018-10-27,,
2018-10-29,207.24,137.55
2018-10-30,,
2018-11-01,,
2018-11-02,,
2018-11-03,,
2018-11-04,,
2018-11-05,,
2018-11-06,,
2018-11-07,,
2018-11-08,,
2018-11-09,,
2018-11-10,,
2018-11-11,,
2018-11-12,216.78,143.37
2018-11-13,,
2018-11-14,,
2018-11-15,,
2018-11-17,,
2018-11-18,,
2018-11-19,,
2018-11-20,,
2018-11-23,,
2018-11-24,,
2018-11-26,209.76,138.83
2018-11-27,,
2018-11-28,,
2018-11-29,,
2018-12-01,,
2018-12-02,,
2018-12-03,,
2018-12-04,,
2018-12-05,,
2018-12-06,,
2018-12-07,,
2018-12-10,202.67,137.23
2018-12-11,,
2018-12-13,,
2018-12-14,,
2018-12-15,,
2018-12-16,,
2018-12-17,,
2018-12-20,,
2018-12-21,,
2018-12-22,,
2018-12-24,,
2018-12-26,,
2018-12-27,193.31,128.81
2018-12-28,,
2018-12-29,,
2018-12-31,,
2019-01-01,,
2019-01-02,,
2019-01-03,,
2019-01-04,,
2019-01-05,,
2019-01-07,197.26,132.37
2019-01-08,,
2019-01-10,,
2019-01-11,,
2019-01-12,,
2019-01-13,,
2019-01-14,,
2019-01-15,,
2019-01-16,,
2019-01-17,,
2019-01-18,,
2019-01-19,,
2019-01-21,208.26,140.66
2019-01-22,,
2019-01-24,,
2019-01-25,,
2019-01-28,,
2019-01-31,,
2019-02-01,,
2019-02-04,211.1,141.88
2019-02-05,,
2019-02-06,,
2019-02-07,,
2019-02-08,,
2019-02-11,,
2019-02-12,,
2019-02-14,,
2019-02-15,,
2019-02-18,216.08,147.97
2019-02-19,,
2019-02-20,,
2019-02-21,,
2019-02-25,,
2019-02-28,,
2019-03-01,,
2019-03-02,,
2019-03-04,217.51,149.4
2019-03-05,,
2019-03-06,,
2019-03-07,,
2019-03-08,,
2019-03-09,,
2019-03-11,,
2019-03-12,,
2019-03-13,,
2019-03-14,,
2019-03-15,,
2019-03-16,,
2019-03-18,218.02,152.33
2019-03-19,,
2019-03-20,,
2019-03-21,,
2019-03-22,,
2019-03-23,,
2019-03-25,,
2019-03-26,,
2019-03-28,,
2019-03-29,,
2019-04-01,215.8,153.31
2019-04-02,,
2019-04-04,,
2019-04-06,,
2019-04-07,,
2019-04-08,,
2019-04-09,,
2019-04-10,,
2019-04-11,,
2019-04-13,,
2019-04-14,,
2019-04-15,223.69,156.63
2019-04-16,,
2019-04-17,,
2019-04-18,,
2019-04-20,,
2019-04-22,,
2019-04-23,,
2019-04-24,,
2019-04-25,,
2019-04-27,,
2019-04-28,,
2019-04-29,226.52,158.66
2019-04-30,,
2019-05-02,,
2019-05-03,,
2019-05-04,,
2019-05-05,,
2019-05-06,,
2019-05-07,,
2019-05-09,,
2019-05-10,,
2019-05-11,,
2019-05-12,,
2019-05-13,217.87,154.72
2019-05-14,,
2019-05-16,,
2019-05-17,,
2019-05-20,,
2019-05-21,,
2019-05-22,,
2019-05-23,,
2019-05-24,,
2019-05-25,,
2019-05-26,,
2019-05-27,212.32,153.32
2019-05-28,,
2019-05-29,,
2019-05-30,,
2019-06-01,,
2019-06-02,,
2019-06-03,,
2019-06-04,,
2019-06-05,,
2019-06-06,,
2019-06-07,,
2019-06-08,,
2019-06-09,,
2019-06-10,,
2019-06-11,214.75,156.05
2019-06-12,,
2019-06-13,,
2019-06-15,,
2019-06-16,,
2019-06-17,,
2019-06-18,,
2019-06-20,,
2019-06-22,,
2019-06-24,217.79,158.08
2019-06-25,,
2019-06-26,,
2019-06-27,,
2019-06-28,,
2019-06-29,,
2019-06-30,,
2019-07-01,,
2019-07-02,,
2019-07-03,,
2019-07-05,,
2019-07-06,,
2019-07-07,,
2019-07-08,224.19,162.43
2019-07-09,,
2019-07-10,,
2019-07-11,,
2019-07-12,,
2019-07-13,,
2019-07-15,,
2019-07-16,,
2019-07-18,,
2019-07-19,,
2019-07-22,221.4,160.84
2019-07-24,,
2019-07-25,,
2019-07-26,,
2019-07-27,,
2019-07-29,,
2019-07-30,,
2019-08-01,,
2019-08-02,,
2019-08-03,,
2019-08-05,218.5,160.22
2019-08-06,,
2019-08-08,,
2019-08-09,,
2019-08-12,,
2019-08-13,,
2019-08-15,,
2019-08-16,,
2019-08-17,,
2019-08-19,213.61,156.57
2019-08-22,,
2019-08-23,,
2019-08-24,,
2019-08-25,,
2019-08-26,,
2019-08-27,,
2019-08-28,,
2019-08-29,,
2019-08-30,,
2019-09-01,,
2019-09-02,218.23,159.78
2019-09-03,,
2019-09-05,,
2019-09-06,,
2019-09-07,,
2019-09-08,,
2019-09-09,,
2019-09-10,,
2019-09-12,,
2019-09-14,,
2019-09-15,,
2019-09-16,228.73,164.64
2019-09-17,,
2019-09-18,,
2019-09-19,,
2019-09-21,,
2019-09-22,,
2019-09-23,,
2019-09-24,,
2019-09-25,,
2019-09-26,,
2019-09-27,,
2019-09-28,,
2019-09-29,,
2019-09-30,225.0,164.99
2019-10-01,,
2019-10-03,,
2019-10-04,,
2019-10-05,,
2019-10-07,,
2019-10-08,,
2019-10-10,,
2019-10-11,,
2019-10-12,,
2019-10-13,,
2019-10-14,226.12,163.02
2019-10-15,,
2019-10-16,,
2019-10-17,,
2019-10-18,,
2019-10-19,,
2019-10-21,,
2019-10-22,,
2019-10-23,,
2019-10-24,,
2019-10-25,,
2019-10-28,232.33,165.84
2019-10-29,,
2019-10-30,,
2019-11-01,,
2019-11-02,,
2019-11-04,,
2019-11-05,,
2019-11-06,,
2019-11-07,,
2019-11-09,,
2019-11-10,,
2019-11-11,240.32,171.02
2019-11-12,,
2019-11-13,,
2019-11-14,,
2019-11-16,,
2019-11-18,,
2019-11-19,,
2019-11-21,,
2019-11-23,,
2019-11-25,238.64,171.26
2019-11-27,,
2019-11-29,,
2019-11-30,,
2019-12-01,,
2019-12-02,,
2019-12-04,,
2019-12-05,,
2019-12-06,,
2019-12-07,,
2019-12-09,241.41,173.37
2019-12-12,,
2019-12-13,,
2019-12-14,,
2019-12-16,,
2019-12-19,,
2019-12-20,,
2019-12-21,,
2019-12-23,246.74,175.81
2019-12-27,,
2019-12-28,,
2019-12-29,,
2019-12-30,,
2020-01-02,,
2020-01-03,,
2020-01-06,,
2020-01-07,243.53,174.64
2020-01-09,,
2020-01-10,,
2020-01-11,,
2020-01-13,,
2020-01-14,,
2020-01-15,,
2020-01-16,,
2020-01-17,,
2020-01-18,,
2020-01-20,249.15,179.68
2020-01-21,,
2020-01-23,,
2020-01-24,,
2020-01-25,,
2020-01-26,,
2020-01-27,,
2020-01-28,,
2020-01-29,,
2020-01-30,,
2020-02-02,,
2020-02-03,238.77,175.66
2020-02-05,,
2020-02-06,,
2020-02-07,,
2020-02-08,,
2020-02-09,,
2020-02-10,,
2020-02-11,,
2020-02-12,,
2020-02-13,,
2020-02-14,,
2020-02-15,,
2020-02-16,,
2020-02-17,255.97,185.18
2020-02-18,,
2020-02-19,,
2020-02-20,,
2020-02-21,,
2020-02-22,,
2020-02-23,,
2020-02-24,,
2020-02-25,,
2020-02-26,,
2020-02-27,,
2020-02-28,,
2020-02-29,,
2020-03-01,,
2020-03-02,223.06,163.96
2020-03-03,,
2020-03-04,,
2020-03-05,,
2020-03-06,,
2020-03-07,,
2020-03-08,,
2020-03-09,,
2020-03-10,,
2020-03-11,,
2020-03-12,,
2020-03-13,,
2020-03-14,,
2020-03-15,,
2020-03-16,190.09,142.17
2020-03-17,,
2020-03-18,,
2020-03-19,,
2020-03-20,,
2020-03-21,,
2020-03-22,,
2020-03-23,,
2020-03-24,,
2020-03-25,,
2020-03-26,,
2020-03-27,,
2020-03-28,,
2020-03-29,,
2020-03-30,,
2020-04-01,185.82,142.51
2020-04-02,,
2020-04-03,,
2020-04-04,,
2020-04-05,,
2020-04-06,,
2020-04-07,,
2020-04-08,,
2020-04-09,,
2020-04-10,,
2020-04-11,,
2020-04-12,,
2020-04-13,,
2020-04-14,199.51,152.23
2020-04-15,,
2020-04-16,,
2020-04-17,,
2020-04-18,,
2020-04-19,,
2020-04-20,,
2020-04-21,,
2020-04-22,,
2020-04-23,,
2020-04-24,,
2020-04-25,,
2020-04-26,,
2020-04-27,202.05,154.03
2020-04-28,,
2020-04-29,,
2020-04-30,,
2020-05-01,,
2020-05-02,,
2020-05-03,,
2020-05-04,,
2020-05-05,,
2020-05-06,,
2020-05-07,,
2020-05-08,,
2020-05-09,,
2020-05-10,,
2020-05-11,210.25,158.95
2020-05-12,,
2020-05-13,,
2020-05-14,,
2020-05-15,,
2020-05-16,,
2020-05-17,,
2020-05-18,204.76,154.47
2020-05-19,,
2020-05-20,,
2020-05-21,,
2020-05-22,,
2020-05-23,,
2020-05-24,,
2020-05-25,210.21,158.68
2020-05-26,,
2020-05-27,,
2020-05-28,,
2020-05-29,,
2020-05-30,,
2020-06-01,,
2020-06-02,217.66,163.45
2020-06-03,,
2020-06-04,,
2020-06-05,,
2020-06-06,,
2020-06-07,,
2020-06-08,228.56,168.95
2020-06-09,,
2020-06-10,,
2020-06-11,,
2020-06-12,,
2020-06-13,,
2020-06-14,,
2020-06-15,216.77,160.51
2020-06-16,,
2020-06-17,,
2020-06-18,,
2020-06-19,,
2020-06-20,,
2020-06-21,,
2020-06-22,220.43,164.68
2020-06-23,,
2020-06-24,,
2020-06-25,,
2020-06-26,,
2020-06-27,,
2020-06-28,,
2020-06-29,217.65,161.75
2020-06-30,,
2020-07-01,,
2020-07-02,,
2020-07-03,,
2020-07-04,,
2020-07-05,,
2020-07-06,223.01,164.83
2020-07-07,,
2020-07-08,,
2020-07-09,,
2020-07-10,,
2020-07-11,,
2020-07-12,,
2020-07-13,224.58,165.59
2020-07-14,,
2020-07-15,,
2020-07-16,,
2020-07-17,,
2020-07-18,,
2020-07-19,,
2020-07-20,228.93,168.56
2020-07-21,,
2020-07-22,,
2020-07-23,,
2020-07-24,,
2020-07-25,,
2020-07-26,,
2020-07-27,223.9,165.46
2020-07-28,,
2020-07-29,,
2020-07-30,,
2020-07-31,,
2020-08-01,,
2020-08-02,,
2020-08-03,220.24,162.2
2020-08-04,,
2020-08-05,,
2020-08-06,,
2020-08-07,,
2020-08-08,,
2020-08-09,,
2020-08-10,226.47,166.14
2020-08-11,,
2020-08-12,,
2020-08-13,,
2020-08-14,,
2020-08-15,,
2020-08-16,,
2020-08-17,229.03,168.13
2020-08-18,,
2020-08-19,,
2020-08-20,,
2020-08-21,,
2020-08-22,,
2020-08-23,,
2020-08-24,229.42,168.5
2020-08-25,,
2020-08-26,,
2020-08-27,,
2020-08-28,,
2020-08-29,,
2020-08-30,,
2020-08-31,231.22,172.12
2020-09-01,,
2020-09-02,,
2020-09-03,,
2020-09-04,,
2020-09-05,,
2020-09-06,,
2020-09-07,225.82,169.71
2020-09-08,,
2020-09-09,,
2020-09-10,,
2020-09-11,,
2020-09-12,,
2020-09-13,,
2020-09-14,224.32,169.59
2020-09-15,,
2020-09-16,,
2020-09-17,,
2020-09-18,,
2020-09-19,,
2020-09-20,,
2020-09-21,225.32,171.07
2020-09-22,,
2020-09-23,,
2020-09-24,,
2020-09-25,,
2020-09-26,,
2020-09-27,,
2020-09-28,222.5,168.69
2020-09-29,,
2020-09-30,,
2020-10-01,,
2020-10-02,,
2020-10-03,,
2020-10-04,,
2020-10-05,227.19,172.55
2020-10-06,,
2020-10-07,,
2020-10-08,,
2020-10-09,,
2020-10-10,,
2020-10-11,,
2020-10-12,233.96,176.61
2020-10-13,,
2020-10-14,,
2020-10-15,,
2020-10-16,,
2020-10-17,,
2020-10-18,,
2020-10-19,234.7,176.95
2020-10-20,,
2020-10-21,,
2020-10-22,,
2020-10-23,,
2020-10-24,,
2020-10-25,,
2020-10-26,,
2020-10-27,227.13,170.96
2020-10-28,,
2020-10-29,,
2020-10-30,,
2020-11-01,,
2020-11-02,220.42,167.24
2020-11-03,,
2020-11-04,,
2020-11-05,,
2020-11-06,,
2020-11-07,,
2020-11-08,,
2020-11-09,234.17,174.65
2020-11-10,,
2020-11-11,,
2020-11-12,,
2020-11-13,,
2020-11-14,,
2020-11-15,,
2020-11-16,243.57,180.63
2020-11-17,,
2020-11-18,,
2020-11-19,,
2020-11-20,,
2020-11-21,,
2020-11-22,,
2020-11-23,243.21,180.84
2020-11-24,,
2020-11-25,,
2020-11-26,,
2020-11-27,,
2020-11-28,,
2020-11-29,,
2020-11-30,247.25,182.97
2020-12-01,,
2020-12-02,,
2020-12-03,,
2020-12-04,,
2020-12-05,,
2020-12-06,,
2020-12-07,247.45,182.16
2020-12-08,,
2020-12-09,,
2020-12-10,,
2020-12-11,,
2020-12-12,,
2020-12-13,,
2020-12-14,245.59,181.47
2020-12-15,,
2020-12-16,,
2020-12-17,,
2020-12-18,,
2020-12-19,,
2020-12-20,,
2020-12-21,249.07,184.01
2020-12-22,,
2020-12-23,,
2020-12-24,,
2020-12-25,,
2020-12-26,,
2020-12-27,,
2020-12-28,250.23,183.84
2020-12-29,,
2020-12-30,,
2020-12-31,,
2021-01-01,,
2021-01-02,,
2021-01-03,,
2021-01-04,252.54,185.17
2021-01-05,,
2021-01-06,,
2021-01-07,,
2021-01-08,,
2021-01-09,,
2021-01-10,,
2021-01-11,260.27,189.46
2021-01-12,,
2021-01-13,,
2021-01-14,,
2021-01-15,,
2021-01-16,,
2021-01-17,,
2021-01-18,262.29,189.18
2021-01-19,,
2021-01-20,,
2021-01-21,,
2021-01-22,,
2021-01-23,,
2021-01-24,,
2021-01-25,262.29,189.62
2021-01-26,,
2021-01-27,,
2021-01-28,,
2021-01-29,,
2021-01-30,,
2021-01-31,,
2021-02-01,253.54,184.63
2021-02-02,,
2021-02-03,,
2021-02-04,,
2021-02-05,,
2021-02-08,265.01,193.26
2021-02-09,,
2021-02-10,,
2021-02-11,,
2021-02-12,,
2021-02-15,267.08,196.09
2021-02-16,,
2021-02-17,,
2021-02-18,,
2021-02-19,,
2021-02-22,265.83,194.39
2021-02-23,,
2021-02-24,,
2021-02-25,,
2021-02-26,,
2021-03-01,259.49,188.39
2021-03-02,,
2021-03-03,,
2021-03-04,,
2021-03-05,,
2021-03-06,,
2021-03-07,,
2021-03-08,266.08,191.62
2021-03-09,,
2021-03-10,,
2021-03-11,,
2021-03-12,,
2021-03-13,,
2021-03-14,,
2021-03-15,273.34,197.06
2021-03-16,,
2021-03-17,,
2021-03-18,,
2021-03-19,,
2021-03-20,,
2021-03-21,,
2021-03-22,275.05,197.25
2021-03-23,,
2021-03-24,,
2021-03-25,,
2021-03-26,,
2021-03-27,,
2021-03-28,,
2021-03-29,,
2021-03-30,,
2021-04-01,280.63,202.16
2021-04-02,,
2021-04-03,,
2021-04-04,,
2021-04-05,,
2021-04-06,284.73,205.84
2021-04-07,,
2021-04-08,,
2021-04-09,,
2021-04-10,,
2021-04-11,,
2021-04-12,285.17,206.54
2021-04-13,,
2021-04-14,,
2021-04-15,,
2021-04-16,,
2021-04-17,,
2021-04-18,,
2021-04-19,286.43,207.7
2021-04-20,,
2021-04-21,,
2021-04-22,,
2021-04-23,,
2021-04-24,,
2021-04-25,,
2021-04-26,283.28,208.25
2021-04-27,,
2021-04-28,,
2021-04-29,,
2021-04-30,,
2021-05-01,,
2021-05-02,,
2021-05-03,281.41,206.63
2021-05-04,,
2021-05-05,,
2021-05-06,,
2021-05-07,,
2021-05-08,,
2021-05-09,,
2021-05-10,286.02,207.78
2021-05-11,,
2021-05-12,,
2021-05-13,,
2021-05-14,,
2021-05-15,,
2021-05-16,,
2021-05-17,283.6,205.6
2021-05-18,,
2021-05-19,,
2021-05-20,,
2021-05-21,,
2021-05-22,,
2021-05-23,,
2021-05-24,,
2021-05-25,283.94,206.56
2021-05-26,,
2021-05-27,,
2021-05-28,,
2021-05-29,,
2021-05-30,,
2021-06-01,285.23,208.14
2021-06-02,,
2021-06-03,,
2021-06-04,,
2021-06-05,,
2021-06-06,,
2021-06-07,287.58,209.04
2021-06-08,,
2021-06-09,,
2021-06-10,,
2021-06-11,,
2021-06-12,,
2021-06-13,,
2021-06-14,290.75,211.11
2021-06-15,,
2021-06-16,,
2021-06-17,,
2021-06-18,,
2021-06-19,,
2021-06-20,,
2021-06-21,287.58,211.36
2021-06-22,,
2021-06-23,,
2021-06-24,,
2021-06-25,,
2021-06-26,,
2021-06-27,,
2021-06-28,291.74,214.74
2021-06-29,,
2021-06-30,,
2021-07-01,,
2021-07-02,,
2021-07-03,,
2021-07-04,,
2021-07-05,295.16,218.02
2021-07-06,,
2021-07-07,,
2021-07-08,,
2021-07-09,,
2021-07-10,,
2021-07-11,,
2021-07-12,294.59,219.05
2021-07-13,,
2021-07-14,,
2021-07-15,,
2021-07-16,,
2021-07-17,,
2021-07-18,,
2021-07-19,293.84,218.71
2021-07-20,,
2021-07-21,,
2021-07-22,,
2021-07-23,,
2021-07-24,,
2021-07-25,,
2021-07-26,296.56,222.02
2021-07-27,,
2021-07-28,,
2021-07-29,,
2021-07-30,,
2021-07-31,,
2021-08-01,,
2021-08-02,295.79,221.87
2021-08-03,,
2021-08-04,,
2021-08-05,,
2021-08-06,,
2021-08-07,,
2021-08-08,,
2021-08-09,300.25,226.19
2021-08-10,,
2021-08-11,,
2021-08-12,,
2021-08-13,,
2021-08-14,,
2021-08-15,,
2021-08-16,299.78,227.89
2021-08-17,,
2021-08-18,,
2021-08-19,,
2021-08-20,,
2021-08-21,,
2021-08-22,,
2021-08-23,297.31,228.08
2021-08-24,,
2021-08-25,,
2021-08-26,,
2021-08-27,,
2021-08-28,,
2021-08-29,,
2021-08-30,300.53,229.02
2021-08-31,,
2021-09-01,,
2021-09-02,,
2021-09-03,,
2021-09-04,,
2021-09-05,,
2021-09-06,302.04,229.51
2021-09-07,,
2021-09-08,,
2021-09-09,,
2021-09-10,,
2021-09-11,,
2021-09-12,,
2021-09-13,297.43,227.58
2021-09-14,,
2021-09-15,,
2021-09-16,,
2021-09-17,,
2021-09-18,,
2021-09-19,,
2021-09-20,296.49,226.61
2021-09-21,,
2021-09-22,,
2021-09-23,,
2021-09-24,,
2021-09-25,,
2021-09-26,,
2021-09-27,294.85,227.89
2021-09-28,,
2021-09-29,,
2021-09-30,,
2021-10-01,,
2021-10-02,,
2021-10-03,,
2021-10-04,290.39,221.38
2021-10-05,,
2021-10-06,,
2021-10-07,,
2021-10-08,,
2021-10-09,,
2021-10-10,,
2021-10-11,292.17,221.76
2021-10-12,,
2021-10-13,,
2021-10-14,,
2021-10-15,,
2021-10-16,,
2021-10-17,,
2021-10-18,298.37,227.64
2021-10-19,,
2021-10-20,,
2021-10-21,,
2021-10-22,,
2021-10-23,,
2021-10-24,,
2021-10-25,300.45,229.79
2021-10-26,,
2021-10-27,,
2021-10-28,,
2021-10-29,,
2021-10-30,,
2021-11-01,,
2021-11-02,303.56,233.38
2021-11-03,,
2021-11-04,,
2021-11-05,,
2021-11-06,,
2021-11-07,,
2021-11-08,307.31,236.41
2021-11-09,,
2021-11-10,,
2021-11-11,,
2021-11-12,,
2021-11-13,,
2021-11-14,,
2021-11-15,311.48,238.32
2021-11-16,,
2021-11-17,,
2021-11-18,,
2021-11-19,,
2021-11-20,,
2021-11-21,,
2021-11-22,313.33,239.31
2021-11-23,,
2021-11-24,,
2021-11-25,,
2021-11-26,,
2021-11-27,,
2021-11-28,,
2021-11-29,303.44,231.76
2021-11-30,,
2021-12-01,,
2021-12-02,,
2021-12-03,,
2021-12-04,,
2021-12-05,,
2021-12-06,303.28,230.77
2021-12-07,,
2021-12-08,,
2021-12-09,,
2021-12-10,,
2021-12-11,,
2021-12-12,,
2021-12-13,313.51,237.22
2021-12-14,,
2021-12-15,,
2021-12-16,,
2021-12-17,,
2021-12-18,,
2021-12-19,,
2021-12-20,312.3,235.51
2021-12-21,,
2021-12-22,,
2021-12-23,,
2021-12-24,,
2021-12-25,,
2021-12-26,,
2021-12-27,316.08,238.31
2021-12-28,,
2021-12-29,,
2021-12-30,,
2022-01-01,,
2022-01-02,,
2022-01-03,317.6,240.76
2022-01-04,,
2022-01-05,,
2022-01-06,,
2022-01-07,,
2022-01-08,,
2022-01-09,,
2022-01-10,312.97,233.5
2022-01-11,,
2022-01-12,,
2022-01-13,,
2022-01-14,,
2022-01-15,,
2022-01-16,,
2022-01-17,314.08,229.25
2022-01-18,,
2022-01-19,,
2022-01-20,,
2022-01-21,,
2022-01-22,,
2022-01-23,,
2022-01-24,303.37,222.5
2022-01-25,,
2022-01-26,,
2022-01-27,,
2022-01-28,,
2022-01-29,,
2022-01-30,,
2022-01-31,302.74,218.68
2022-02-01,,
2022-02-02,,
2022-02-03,,
2022-02-04,,
2022-02-05,,
2022-02-06,,
2022-02-07,301.28,215.72
2022-02-08,,
2022-02-09,,
2022-02-10,,
2022-02-11,,
2022-02-12,,
2022-02-13,,
2022-02-14,304.07,214.78
2022-02-15,,
2022-02-16,,
2022-02-17,,
2022-02-18,,
2022-02-19,,
2022-02-20,,
2022-02-21,302.77,211.84
2022-02-22,,
2022-02-23,,
2022-02-24,,
2022-02-25,,
2022-02-26,,
2022-02-27,,
2022-02-28,300.51,213.33
2022-03-01,,
2022-03-02,,
2022-03-03,,
2022-03-04,,
2022-03-05,,
2022-03-06,,
2022-03-07,298.28,210.83
2022-03-08,,
2022-03-09,,
2022-03-10,,
2022-03-11,,
2022-03-12,,
2022-03-13,,
2022-03-14,295.93,206.7
2022-03-15,,
2022-03-16,,
2022-03-17,,
2022-03-18,,
2022-03-19,,
2022-03-20,,
2022-03-21,307.49,217.38
2022-03-22,,
2022-03-23,,
2022-03-24,,
2022-03-25,,
2022-03-26,,
2022-03-27,,
2022-03-28,310.23,217.16
2022-04-01,,
2022-04-02,,
2022-04-03,,
2022-04-04,310.68,218.08
2022-04-05,,
2022-04-06,,
2022-04-07,,
2022-04-08,,
2022-04-09,,
2022-04-10,,
2022-04-11,311.17,218.53
2022-04-12,,
2022-04-13,,
2022-04-14,,
2022-04-15,,
2022-04-16,,
2022-04-17,,
2022-04-18,,
2022-04-19,307.81,214.35
2022-04-20,,
2022-04-21,,
2022-04-22,,
2022-04-23,,
2022-04-24,,
2022-04-25,301.4,212.33
2022-04-26,,
2022-04-27,,
2022-04-28,,
2022-04-29,,
2022-04-30,,
2022-05-01,,
2022-05-02,300.67,212.24
2022-05-03,,
2022-05-04,,
2022-05-05,,
2022-05-06,,
2022-05-07,,
2022-05-08,,
2022-05-09,296.41,205.59
2022-05-10,,
2022-05-11,,
2022-05-12,,
2022-05-13,,
2022-05-14,,
2022-05-15,,
2022-05-16,294.94,206.15
2022-05-17,,
2022-05-18,,
2022-05-19,,
2022-05-20,,
2022-05-21,,
2022-05-22,,
2022-05-23,289.65,201.36
2022-05-24,,
2022-05-25,,
2022-05-26,,
2022-05-27,,
2022-05-28,,
2022-05-29,,
2022-05-30,298.49,206.89
2022-06-01,,
2022-06-02,,
2022-06-03,,
2022-06-04,,
2022-06-05,,
2022-06-06,,
2022-06-07,295.96,206.17
2022-06-08,,
2022-06-09,,
2022-06-10,,
2022-06-11,,
2022-06-12,,
2022-06-13,283.8,198.75
2022-06-14,,
2022-06-15,,
2022-06-16,,
2022-06-17,,
2022-06-18,,
2022-06-19,,
2022-06-20,270.11,188.89
2022-06-21,,
2022-06-22,,
2022-06-23,,
2022-06-24,,
2022-06-27,279.37,197.25
2022-06-28,,
2022-06-29,,
2022-06-30,,
2022-07-01,,
2022-07-04,278.05,195.52
2022-07-05,,
2022-07-06,,
2022-07-07,,
2022-07-08,,
2022-07-11,288.62,202.57
2022-07-12,,
2022-07-13,,
2022-07-14,,
2022-07-15,,
2022-07-18,287.07,201.58
2022-07-19,,
2022-07-20,,
2022-07-21,,
2022-07-22,,
2022-07-25,289.86,206.49
2022-07-26,,
2022-07-27,,
2022-07-28,,
2022-07-29,,
2022-08-01,300.73,213.37
2022-08-02,,
2022-08-03,,
2022-08-04,,
2022-08-05,,
2022-08-08,300.31,213.8
2022-08-09,,
2022-08-10,,
2022-08-11,,
2022-08-12,,
2022-08-15,,
2022-08-16,308.22,219.89
2022-08-17,,
2022-08-18,,
2022-08-19,,
2022-08-22,305.49,218.02
2022-08-23,,
2022-08-24,,
2022-08-25,,
2022-08-26,,
2022-08-29,296.33,209.19
2022-08-30,,
2022-08-31,,
2022-09-01,,
2022-09-02,,
2022-09-05,286.19,201.64
2022-09-06,,
2022-09-07,,
2022-09-08,,
2022-09-09,,
2022-09-12,290.66,207.68
2022-09-13,,
2022-09-14,,
2022-09-15,,
2022-09-16,,
2022-09-19,279.62,197.8
2022-09-20,,
2022-09-21,,
2022-09-22,,
2022-09-23,,
2022-09-26,273.04,192.65
2022-09-27,,
2022-09-28,,
2022-09-29,,
2022-09-30,,
2022-10-03,266.19,187.73
2022-10-04,,
2022-10-05,,
2022-10-06,,
2022-10-07,,
2022-10-10,272.05,189.9
2022-10-11,,
2022-10-12,,
2022-10-13,,
2022-10-14,,
2022-10-17,271.9,187.52
2022-10-18,,
2022-10-19,,
2022-10-20,,
2022-10-21,,
2022-10-24,278.91,191.49
2022-10-25,,
2022-10-26,,
2022-10-27,,
2022-10-28,,
2022-11-01,286.28,199.78
2022-11-02,,
2022-11-03,,
2022-11-04,,
2022-11-07,283.26,196.8
2022-11-08,,
2022-11-09,,
2022-11-10,,
2022-11-11,,
2022-11-14,293.78,206.55
2022-11-15,,
2022-11-21,292.42,204.0
2022-11-28,295.69,207.33
2022-12-05,295.68,208.46
2022-12-12,287.94,203.81
2022-12-19,277.34,197.32
2022-12-27,277.57,196.52
2022-12-28,,
2022-12-29,,
2023-01-02,275.07,195.71
2023-01-03,,
2023-01-04,,
2023-01-09,284.12,201.83
2023-01-10,,
2023-01-16,287.07,205.71
2023-01-17,,
2023-01-23,285.09,204.09
2023-01-26,,
2023-01-27,,
2023-01-30,288.9,205.63
2023-02-06,294.64,209.14
2023-02-07,,
2023-02-13,292.57,208.51
2023-02-20,292.71,209.43
2023-02-21,,
2023-02-22,,
2023-02-27,287.77,205.26
2023-03-06,290.83,209.11
2023-03-13,280.17,201.47
2023-03-20,278.83,201.51
2023-03-27,280.13,202.08
2023-04-03,286.19,208.02
2023-04-10,,
2023-04-11,286.05,206.85
2023-04-17,287.44,205.83
2023-04-24,285.41,206.23
2023-05-01,,
2023-05-02,285.85,206.43
2023-05-08,282.64,205.66
2023-05-09,,
2023-05-10,,
2023-05-15,285.94,206.7
2023-05-22,290.87,210.65
2023-05-29,,
2023-05-30,291.02,209.36
2023-06-05,295.71,210.98
2023-06-06,,
2023-06-08,,
2023-06-09,,
2023-06-12,295.98,210.18
2023-06-13,,
2023-06-14,,
2023-06-15,,
2023-06-16,,
2023-06-19,298.12,211.89
2023-06-20,,
2023-06-21,,
2023-06-22,,
2023-06-23,,
2023-06-26,290.77,206.85
2023-06-27,,
2023-06-28,,
2023-06-29,,
2023-06-30,,
2023-07-03,296.43,210.92
2023-07-04,,
2023-07-05,,
2023-07-06,,
2023-07-07,,
2023-07-10,289.66,206.58
2023-07-11,,
2023-07-12,,
2023-07-13,,
2023-07-14,,
2023-07-17,293.24,208.33
2023-07-18,,
2023-07-19,,
2023-07-20,,
2023-07-21,,
2023-07-24,295.89,211.38
2023-07-25,,
2023-07-26,,
2023-07-27,,
2023-07-28,,
2023-08-01,302.41,213.51
2023-08-02,,
2023-08-03,,
2023-08-04,,
2023-08-07,296.94,207.57
2023-08-08,,
2023-08-09,,
2023-08-10,,
2023-08-11,,
2023-08-14,297.16,207.35
2023-08-15,,
2023-08-16,,
2023-08-17,,
2023-08-18,,
2023-08-21,291.84,203.06
2023-08-22,,
2023-08-23,,
2023-08-24,,
2023-08-25,,
2023-08-28,295.72,205.75
2023-08-29,,
2023-08-30,,
2023-08-31,,
2023-09-01,,
2023-09-04,304.21,210.13
2023-09-05,,
2023-09-06,,
2023-09-07,,
2023-09-08,,
2023-09-11,299.75,208.1
2023-09-12,,
2023-09-13,,
2023-09-14,,
2023-09-15,,
2023-09-18,302.44,208.23
2023-09-19,,
2023-09-20,,
2023-09-21,,
2023-09-22,,
2023-09-25,296.15,202.29
2023-09-26,,
2023-09-27,,
2023-09-28,,
2023-09-29,,
2023-10-02,295.2,200.74
2023-10-03,,
2023-10-04,,
2023-10-05,,
2023-10-06,,
2023-10-09,294.31,200.56
2023-10-10,,
2023-10-11,,
2023-10-12,,
2023-10-13,,
2023-10-16,298.81,201.27
2023-10-17,,
2023-10-18,,
2023-10-19,,
2023-10-20,,
2023-10-23,288.62,194.37
2023-10-24,,
2023-10-25,,
2023-10-26,,
2023-10-27,,
2023-10-30,282.09,190.59
2023-11-01,,
2023-11-02,,
2023-11-03,,
2023-11-06,291.92,198.56
2023-11-07,,
2023-11-08,,
2023-11-09,,
2023-11-10,,
2023-11-13,295.37,200.05
2023-11-14,,
2023-11-15,,
2023-11-16,,
2023-11-17,,
2023-11-20,300.23,203.14
2023-11-21,,
2023-11-22,,
2023-11-23,,
2023-11-24,,
2023-11-27,301.48,205.1
2023-11-28,,
2023-11-29,,
2023-11-30,,
2023-12-01,,
2023-12-04,306.01,209.88
2023-12-05,,
2023-12-06,,
2023-12-07,,
2023-12-08,,
2023-12-11,310.06,211.38
2023-12-12,,
2023-12-13,,
2023-12-14,,
2023-12-15,,
2023-12-18,312.94,213.97
2023-12-19,,
2023-12-20,,
2023-12-21,,
2023-12-22,,
2023-12-26,,
2023-12-27,313.8,215.74
2023-12-28,,
2023-12-29,,
2024-01-01,,
2024-01-02,314.23,216.46
2024-01-03,,
2024-01-04,,
2024-01-05,,
2024-01-08,311.61,213.34
2024-01-09,,
2024-01-10,,
2024-01-11,,
2024-01-12,,
2024-01-15,315.94,216.98
2024-01-16,,
2024-01-17,,
2024-01-18,,
2024-01-19,,
2024-01-22,318.81,217.89
2024-01-23,,
2024-01-24,,
2024-01-25,,
2024-01-26,,
2024-01-29,323.53,221.6
2024-01-30,,
2024-01-31,,
2024-02-01,,
2024-02-02,,
2024-02-05,328.01,223.11
2024-02-06,,
2024-02-07,,
2024-02-08,,
2024-02-09,,
2024-02-12,333.28,225.13
2024-02-13,,
2024-02-14,,
2024-02-15,,
2024-02-16,,
2024-02-19,336.67,226.18
2024-02-20,,
2024-02-21,,
2024-02-22,,
2024-02-23,,
2024-02-26,340.19,229.05
2024-02-27,,
2024-02-28,,
2024-02-29,,
2024-03-01,,
2024-03-04,342.78,231.44
2024-03-05,,
2024-03-06,,
2024-03-07,,
2024-03-08,,
2024-03-11,343.58,231.0
2024-03-12,,
2024-03-13,,
2024-03-14,,
2024-03-15,,
2024-03-18,343.19,230.03
2024-03-19,,
2024-03-20,,
2024-03-21,,
2024-03-22,,
2024-03-25,352.58,234.47
2024-03-26,,
2024-03-27,,
2024-03-28,,
2024-03-29,,
2024-04-01,,
2024-04-02,354.14,235.75
2024-04-03,,
2024-04-04,,
2024-04-05,,
2024-04-08,348.28,230.81
2024-04-09,,
2024-04-10,,
2024-04-11,,
2024-04-12,,
2024-04-15,348.78,230.28
2024-04-16,,
2024-04-17,,
2024-04-18,,
2024-04-19,,
2024-04-22,338.7,223.16
2024-04-23,,
2024-04-24,,
2024-04-25,,
2024-04-26,,
2024-04-29,345.87,228.1
2024-04-30,,
2024-05-01,,
2024-05-02,,
2024-05-03,,
2024-05-06,347.04,227.98
2024-05-07,,
2024-05-08,,
2024-05-09,,
2024-05-10,,
2024-05-13,353.47,233.3
2024-05-14,,
2024-05-15,,
2024-05-16,,
2024-05-17,356.67,235.54
2024-05-20,,
2024-05-21,356.73,236.47
2024-05-22,357.87,235.89
2024-05-23,356.84,236.18
2024-05-24,357.47,235.2
2024-05-27,357.62,234.94
2024-05-28,358.48,235.0
2024-05-29,357.79,233.57
2024-05-30,,
2024-06-01,354.98,230.05
2024-06-03,356.67,231.28
2024-06-04,357.69,231.93
2024-06-05,356.87,232.43
2024-06-06,359.92,234.77
2024-06-07,360.79,235.0
2024-06-10,361.97,235.78
2024-06-11,363.26,237.27
2024-06-12,363.23,237.66
2024-06-13,363.65,237.94
2024-06-14,365.37,238.49
2024-06-17,364.89,239.04
2024-06-18,365.37,239.37
2024-06-19,367.31,240.17
2024-06-20,367.61,239.95
2024-06-21,368.59,240.44
2024-06-24,367.9,240.86
2024-06-25,366.98,239.64
2024-06-26,369.26,240.55
2024-06-27,369.54,240.37
2024-06-28,368.08,239.89
2024-06-30,,
2024-07-01,368.22,238.75
2024-07-02,367.61,238.47
2024-07-03,369.01,238.82
2024-07-04,370.09,239.05
2024-07-05,370.89,239.43
2024-07-08,370.98,239.91
2024-07-09,371.54,240.09
2024-07-10,372.26,239.52
2024-07-11,375.36,241.53
2024-07-12,373.95,240.66
2024-07-15,374.54,242.01
2024-07-16,375.17,241.39
2024-07-17,377.25,242.68
2024-07-18,372.4,238.74
2024-07-19,369.44,237.2
2024-07-22,367.26,236.36
2024-07-23,369.87,238.86
2024-07-24,370.67,239.78
2024-07-25,364.73,236.38
2024-07-26,360.54,234.86
2024-07-29,363.19,237.03
2024-07-30,364.5,238.03
2024-08-01,370.98,240.15
2024-08-02,364.81,238.38
2024-08-05,352.0,231.87
2024-08-06,336.89,223.81
2024-08-07,342.53,227.1
2024-08-08,342.06,227.05
2024-08-09,347.73,230.86
2024-08-12,349.69,231.55
2024-08-13,349.12,230.84
2024-08-14,354.25,234.04
2024-08-15,,
2024-08-16,360.67,237.58
2024-08-19,363.64,238.04
2024-08-20,364.09,238.52
2024-08-21,363.42,238.02
2024-08-22,365.23,238.69
2024-08-23,364.83,237.54
2024-08-26,367.69,238.99
2024-08-27,366.36,238.33
2024-08-28,367.54,239.16
2024-08-29,367.84,239.04
2024-08-30,369.5,240.16
2024-09-02,372.65,241.87
2024-09-03,371.61,241.87
2024-09-04,366.9,238.28
2024-09-05,363.09,236.2
2024-09-06,360.37,235.35
2024-09-09,355.97,232.01
2024-09-10,359.08,234.99
2024-09-11,359.17,236.29
2024-09-12,361.61,238.21
2024-09-13,365.03,239.5
2024-09-16,365.42,240.11
2024-09-17,364.72,239.95
2024-09-18,363.92,239.59
2024-09-19,363.02,238.69
2024-09-20,368.45,241.64
2024-09-23,366.51,240.39
2024-09-24,368.1,240.98
2024-09-25,369.32,241.56
2024-09-26,367.81,241.08
2024-09-27,372.21,243.33
2024-09-30,373.51,243.21
2024-10-01,371.9,243.2
2024-10-02,371.14,242.44
2024-10-03,369.48,242.66
2024-10-04,369.7,242.09
2024-10-07,373.07,243.57
2024-10-08,372.48,242.84
2024-10-09,373.91,244.77
2024-10-10,376.56,246.66
2024-10-11,377.17,246.56
2024-10-14,378.61,247.47
2024-10-15,382.2,249.84
2024-10-16,380.64,248.12
2024-10-17,381.75,248.46
2024-10-18,382.62,249.69
2024-10-21,380.95,249.92
2024-10-22,379.34,249.39
2024-10-23,378.18,248.7
2024-10-24,376.56,247.31
2024-10-25,374.89,246.28
2024-10-28,374.65,245.46
2024-10-29,376.77,246.46
2024-10-30,378.46,246.92
2024-11-01,374.98,244.41
2024-11-04,371.74,241.62
2024-11-05,370.37,240.66
2024-11-06,373.02,242.16
2024-11-07,384.24,246.84
2024-11-08,385.71,247.94
2024-11-11,388.25,249.44
2024-11-12,390.9,251.69
2024-11-13,389.85,251.1
2024-11-14,389.27,251.24
2024-11-15,388.11,250.76
2024-11-18,384.72,248.0
2024-11-19,384.18,247.47
2024-11-20,385.67,248.38
2024-11-21,385.6,249.39
2024-11-22,389.32,251.58
2024-11-25,392.71,254.98
2024-11-26,392.72,254.75
2024-11-27,392.91,255.2
2024-11-28,388.63,252.52
2024-11-29,389.8,253.03
2024-12-02,391.36,253.98
2024-12-03,395.32,256.94
2024-12-04,395.16,256.14
2024-12-05,396.78,258.06
2024-12-06,395.24,256.61
2024-12-09,394.51,257.67
2024-12-10,392.08,256.02
2024-12-11,392.13,256.33
2024-12-12,394.33,258.11
2024-12-13,392.15,257.47
2024-12-16,390.26,256.3
2024-12-17,389.48,256.59
2024-12-18,388.54,255.78
2024-12-19,383.49,250.78
2024-12-20,384.69,251.12
2024-12-23,386.46,251.87
2024-12-24,,
2024-12-26,,
2024-12-27,391.86,254.8
2024-12-30,390.06,253.25
2025-01-01,,251.65
2025-01-02,388.16,251.63
2025-01-03,390.28,253.3
2025-01-06,,
2025-01-07,392.42,254.07
2025-01-08,390.89,252.8
2025-01-09,393.15,254.46
2025-01-10,393.47,254.64
2025-01-13,389.23,251.68
2025-01-14,388.54,252.2
2025-01-15,386.65,250.22
2025-01-16,392.64,253.52
2025-01-17,392.42,254.44
2025-01-20,394.67,255.83
2025-01-21,392.72,254.15
2025-01-22,394.67,256.14
2025-01-23,397.27,257.87
2025-01-24,399.25,259.44
2025-01-27,395.2,256.77
2025-01-28,390.31,253.25
2025-01-29,395.07,257.06
2025-01-30,395.98,256.41
2025-01-31,400.39,258.01
2025-02-03,398.9,257.81
2025-02-04,397.83,257.26
2025-02-05,398.57,257.1
2025-02-06,400.51,257.95
2025-02-07,403.53,259.78
2025-02-10,402.89,258.34
2025-02-11,405.37,260.39
2025-02-12,404.39,260.04
2025-02-13,400.85,258.37
2025-02-14,405.26,259.42
2025-02-17,403.5,257.13
2025-02-18,405.64,257.89
2025-02-19,409.04,259.17
2025-02-20,408.72,259.7
2025-02-21,404.49,258.08
2025-02-24,399.24,255.81
2025-02-25,397.08,254.74
2025-02-26,395.61,253.58
2025-02-27,397.85,253.71
2025-02-28,394.24,251.75
2025-03-03,396.43,253.99
2025-03-04,390.55,249.56
2025-03-05,383.56,246.23
2025-03-06,380.75,244.01
2025-03-07,377.41,239.86
2025-03-10,375.85,239.43
2025-03-11,368.01,234.74
2025-03-12,361.09,230.1
2025-03-13,363.38,231.44
2025-03-14,360.61,230.29
2025-03-17,365.76,233.93
2025-03-18,367.91,235.16
2025-03-19,366.23,233.67
2025-03-20,371.07,236.32
2025-03-21,370.59,236.14
2025-03-24,370.13,236.36
2025-03-25,375.65,238.91
2025-03-26,375.85,239.28
2025-03-27,374.39,236.77
2025-03-28,371.68,235.59
2025-04-01,363.1,231.36
2025-04-02,365.32,232.54
2025-04-03,365.79,232.36
2025-04-04,345.33,219.63
2025-04-07,327.39,209.83
2025-04-08,321.51,207.22
2025-04-09,321.96,206.5
2025-04-10,335.75,216.68
2025-04-11,330.9,211.46
2025-04-14,331.28,211.82
2025-04-15,335.91,214.26
2025-04-16,339.44,215.65
2025-04-17,331.67,211.1
2025-04-18,,211.91
2025-04-21,,
2025-04-22,327.0,206.23
2025-04-23,333.55,209.96
2025-04-24,341.14,215.22
2025-04-25,345.03,218.59
2025-04-28,347.28,220.08
2025-04-29,346.74,220.24
2025-04-30,348.81,221.65
2025-05-01,,
2025-05-02,352.18,225.54
2025-05-05,357.44,227.38
2025-05-06,357.05,227.34
2025-05-07,353.57,225.6
2025-05-08,353.76,225.37
2025-05-09,357.13,227.6
2025-05-12,356.43,228.02
2025-05-13,369.04,236.21
2025-05-14,368.87,236.98
2025-05-15,369.97,236.53
2025-05-16,372.25,238.48
