date,DE0005933931,DE0006289390,DE000A0F5UF5,DE000A0F5UG3,DE000ETFL474,IE0005042456,IE000NBRE3P7,IE00B53SZB19,IE00B5BMR087,IE00B6X2VY59,IE00BCRY6557,IE00BFY0GT14,IE00BJK55C48,IE00BJQRDN15,IE00BKWQ0G16,IE00BM67HX07,IE00BZ02LR44,IE00BZ048462,LU0274211480,LU0340285161,LU1109942653,LU1109943388,LU1681040900,LU1829219390,LU1900066033
2000-04-27,,,,,,10.0,,,,,,,,,,,,,,,,,,,
2000-05-08,,,,,,10.06,,,,,,,,,,,,,,,,,,,
2000-05-22,,,,,,9.78,,,,,,,,,,,,,,,,,,,
2000-06-05,,,,,,10.61,,,,,,,,,,,,,,,,,,,
2000-06-19,,,,,,10.52,,,,,,,,,,,,,,,,,,,
2000-07-03,,,,,,10.49,,,,,,,,,,,,,,,,,,,
2000-07-17,,,,,,10.58,,,,,,,,,,,,,,,,,,,
2000-08-01,,,,,,10.32,,,,,,,,,,,,,,,,,,,
2000-08-14,,,,,,10.45,,,,,,,,,,,,,,,,,,,
2000-08-29,,,,,,10.7,,,,,,,,,,,,,,,,,,,
2000-09-11,,,,,,10.7,,,,,,,,,,,,,,,,,,,
2000-09-25,,,,,,10.18,,,,,,,,,,,,,,,,,,,
2000-10-09,,,,,,10.19,,,,,,,,,,,,,,,,,,,
2000-10-23,,,,,,10.28,,,,,,,,,,,,,,,,,,,
2000-11-06,,,,,,10.46,,,,,,,,,,,,,,,,,,,
2000-11-20,,,,,,10.33,,,,,,,,,,,,,,,,,,,
2000-12-04,,,,,,10.02,,,,,,,,,,,,,,,,,,,
2000-12-18,,,,,,10.17,,,,,,,,,,,,,,,,,,,
2000-12-27,63.01,,,,,,,,,,,,,,,,,,,,,,,,
2001-01-02,63.82,,,,,10.06,,,,,,,,,,,,,,,,,,,
2001-01-15,65.36,,,,,10.06,,,,,,,,,,,,,,,,,,,
2001-01-29,66.98,,,,,10.3,,,,,,,,,,,,,,,,,,,
2001-02-12,65.19,,,,,10.17,,,,,,,,,,,,,,,,,,,
2001-02-26,61.76,,,,,9.66,,,,,,,,,,,,,,,,,,,
2001-03-12,60.89,,,,,9.53,,,,,,,,,,,,,,,,,,,
2001-03-26,57.27,,,,,9.15,,,,,,,,,,,,,,,,,,,
2001-04-09,57.9,,,,,9.3,,,,,,,,,,,,,,,,,,,
2001-04-23,60.58,,,,,9.64,,,,,,,,,,,,,,,,,,,
2001-05-07,61.36,,,,,,,,,,,,,,,,,,,,,,,,
2001-05-08,,,,,,9.68,,,,,,,,,,,,,,,,,,,
2001-05-21,61.75,,,,,9.77,,,,,,,,,,,,,,,,,,,
2001-06-04,61.81,,,,,9.6,,,,,,,,,,,,,,,,,,,
2001-06-18,59.15,,,,,9.3,,,,,,,,,,,,,,,,,,,
2001-07-02,60.76,,,,,9.38,,,,,,,,,,,,,,,,,,,
2001-07-16,59.23,,,,,9.05,,,,,,,,,,,,,,,,,,,
2001-07-30,58.29,,,,,8.94,,,,,,,,,,,,,,,,,,,
2001-08-13,55.08,,,,,8.92,,,,,,,,,,,,,,,,,,,
2001-08-27,54.47,,,,,,,,,,,,,,,,,,,,,,,,
2001-08-28,,,,,,8.96,,,,,,,,,,,,,,,,,,,
2001-09-10,46.5,,,,,8.29,,,,,,,,,,,,,,,,,,,
2001-09-19,,88.9,,,,,,,,,,,,,,,,,,,,,,,
2001-09-24,39.43,84.6,,,,7.6,,,,,,,,,,,,,,,,,,,
2001-10-08,44.61,90.67,,,,8.3,,,,,,,,,,,,,,,,,,,
2001-10-22,45.71,92.58,,,,8.41,,,,,,,,,,,,,,,,,,,
2001-11-05,47.36,94.42,,,,8.65,,,,,,,,,,,,,,,,,,,
2001-11-19,52.04,99.67,,,,8.87,,,,,,,,,,,,,,,,,,,
2001-12-03,49.28,97.66,,,,8.59,,,,,,,,,,,,,,,,,,,
2001-12-17,50.38,98.68,,,,8.54,,,,,,,,,,,,,,,,,,,
2002-01-01,,,,,,8.68,,,,,,,,,,,,,,,,,,,
2002-01-02,51.67,100.23,,,,,,,,,,,,,,,,,,,,,,,
2002-01-14,51.32,99.88,,,,8.5,,,,,,,,,,,,,,,,,,,
2002-01-28,52.07,99.14,,,,8.69,,,,,,,,,,,,,,,,,,,
2002-02-11,49.1,98.11,,,,8.58,,,,,,,,,,,,,,,,,,,
2002-02-25,48.23,101.01,,,,8.5,,,,,,,,,,,,,,,,,,,
2002-03-11,53.25,105.96,,,,8.79,,,,,,,,,,,,,,,,,,,
2002-03-25,53.69,104.85,,,,8.73,,,,,,,,,,,,,,,,,,,
2002-04-08,51.58,102.07,,,,8.69,,,,,,,,,,,,,,,,,,,
2002-04-22,51.97,102.82,,,,8.77,,,,,,,,,,,,,,,,,,,
2002-05-06,49.12,100.67,,,,,,,,,,,,,,,,,,,,,,,
2002-05-07,,,,,,8.61,,,,,,,,,,,,,,,,,,,
2002-05-20,50.39,103.53,,,,8.77,,,,,,,,,,,,,,,,,,,
2002-06-03,48.35,100.24,,,,,,,,,,,,,,,,,,,,,,,
2002-06-05,,,,,,8.41,,,,,,,,,,,,,,,,,,,
2002-06-17,44.09,96.09,,,,8.02,,,,,,,,,,,,,,,,,,,
2002-07-01,44.08,93.91,,,,7.9,,,,,,,,,,,,,,,,,,,
2002-07-15,40.24,86.27,,,,6.74,,,,,,,,,,,,,,,,,,,
2002-07-29,37.13,85.16,,,,7.09,,,,,,,,,,,,,,,,,,,
2002-08-12,36.64,87.01,,,,7.13,,,,,,,,,,,,,,,,,,,
2002-08-26,38.7,89.74,,,,,,,,,,,,,,,,,,,,,,,
2002-08-27,,,,,,7.55,,,,,,,,,,,,,,,,,,,
2002-09-09,34.0,84.52,,,,6.9,,,,,,,,,,,,,,,,,,,
2002-09-23,29.65,79.84,,,,6.36,,,,,,,,,,,,,,,,,,,
2002-10-07,26.65,76.31,,,,6.43,,,,,,,,,,,,,,,,,,,
2002-10-21,31.47,83.73,,,,7.03,,,,,,,,,,,,,,,,,,,
2002-11-04,32.84,87.5,,,,7.05,,,,,,,,,,,,,,,,,,,
2002-11-18,32.16,86.87,,,,7.02,,,,,,,,,,,,,,,,,,,
2002-12-02,34.73,91.9,,,,7.09,,,,,,,,,,,,,,,,,,,
2002-12-16,31.33,86.48,,,,6.8,,,,,,,,,,,,,,,,,,,
2002-12-30,28.89,84.31,,,,6.66,,,,,,,,,,,,,,,,,,,
2003-01-13,30.97,90.07,,,,6.74,,,,,,,,,,,,,,,,,,,
2003-01-27,27.1,82.85,,,,5.95,,,,,,,,,,,,,,,,,,,
2003-02-10,25.59,80.26,,,,6.11,,,,,,,,,,,,,,,,,,,
2003-02-24,25.87,81.05,,,,6.33,,,,,,,,,,,,,,,,,,,
2003-03-10,23.46,78.1,,,,5.91,,,,,,,,,,,,,,,,,,,
2003-03-24,25.99,85.01,,,,6.47,,,,,,,,,,,,,,,,,,,
2003-04-07,27.92,86.71,,,,6.81,,,,,,,,,,,,,,,,,,,
2003-04-22,28.52,84.62,,,,6.78,,,,,,,,,,,,,,,,,,,
2003-05-05,30.12,87.61,,,,,,,,,,,,,,,,,,,,,,,
2003-05-06,,,,,,6.94,,,,,,,,,,,,,,,,,,,
2003-05-19,28.92,87.89,,,,6.84,,,,,,,,,,,,,,,,,,,
2003-06-02,30.29,91.28,,,,7.16,,,,,,,,,,,,,,,,,,,
2003-06-16,32.07,93.85,,,,7.21,,,,,,,,,,,,,,,,,,,
2003-06-30,32.46,92.61,,,,7.01,,,,,,,,,,,,,,,,,,,
2003-07-14,33.73,94.66,,,,7.18,,,,,,,,,,,,,,,,,,,
2003-07-28,33.9,94.73,,,,7.21,,,,,,,,,,,,,,,,,,,
2003-08-11,33.19,94.52,,,,7.27,,,,,,,,,,,,,,,,,,,
2003-08-25,34.93,95.56,,,,,,,,,,,,,,,,,,,,,,,
2003-08-26,,,,,,7.32,,,,,,,,,,,,,,,,,,,
2003-09-08,36.33,98.31,,,,7.52,,,,,,,,,,,,,,,,,,,
2003-09-22,34.52,97.89,,,,7.41,,,,,,,,,,,,,,,,,,,
2003-10-06,33.87,98.41,,,,7.49,,,,,,,,,,,,,,,,,,,
2003-10-20,35.23,100.4,,,,7.63,,,,,,,,,,,,,,,,,,,
2003-11-03,37.16,101.51,,,,7.6,,,,,,,,,,,,,,,,,,,
2003-11-17,36.88,100.0,,,,7.62,,,,,,,,,,,,,,,,,,,
2003-12-01,37.83,101.3,,,,7.76,,,,,,,,,,,,,,,,,,,
2003-12-15,38.63,104.16,,,,7.65,,,,,,,,,,,,,,,,,,,
2003-12-29,39.14,106.93,,,,7.85,,,,,,,,,,,,,,,,,,,
2004-01-12,39.7,107.85,,,,7.83,,,,,,,,,,,,,,,,,,,
2004-01-26,41.08,109.2,,,,7.83,,,,,,,,,,,,,,,,,,,
2004-02-09,40.67,109.13,,,,7.81,,,,,,,,,,,,,,,,,,,
2004-02-23,40.63,109.84,,,,7.98,,,,,,,,,,,,,,,,,,,
2004-03-08,41.29,109.77,,,,8.05,,,,,,,,,,,,,,,,,,,
2004-03-22,36.9,104.14,,,,7.7,,,,,,,,,,,,,,,,,,,
2004-04-05,40.04,108.3,,,,7.97,,,,,,,,,,,,,,,,,,,
2004-04-19,39.8,107.9,,,,8.09,,,,,,,,,,,,,,,,,,,
2004-05-03,39.63,106.43,,,,,,,,,,,,,,,,,,,,,,,
2004-05-04,,,,,,8.11,,,,,,,,,,,,,,,,,,,
2004-05-17,37.03,102.6,,,,7.86,,,,,,,,,,,,,,,,,,,
2004-06-01,38.9,105.6,,,,7.9,,,,,,,,,,,,,,,,,,,
2004-06-14,39.16,107.35,,,,7.93,,,,,,,,,,,,,,,,,,,
2004-06-28,40.34,108.19,,,,8.09,,,,,,,,,,,,,,,,,,,
2004-07-12,38.63,105.84,,,,7.81,,,,,,,,,,,,,,,,,,,
2004-07-26,37.57,103.65,,,,7.68,,,,,,,,,,,,,,,,,,,
2004-08-09,36.52,102.04,,,,7.74,,,,,,,,,,,,,,,,,,,
2004-08-23,37.29,104.96,,,,7.94,,,,,,,,,,,,,,,,,,,
2004-09-06,38.5,106.66,,,,8.23,,,,,,,,,,,,,,,,,,,
2004-09-20,39.21,106.24,,,,8.27,,,,,,,,,,,,,,,,,,,
2004-10-04,40.16,106.7,,,,8.45,,,,,,,,,,,,,,,,,,,
2004-10-18,38.84,103.0,,,,8.35,,,,,,,,,,,,,,,,,,,
2004-11-01,39.55,104.43,,,,8.44,,,,,,,,,,,,,,,,,,,
2004-11-15,41.02,109.74,,,,8.69,,,,,,,,,,,,,,,,,,,
2004-11-29,41.58,109.83,,,,8.61,,,,,,,,,,,,,,,,,,,
2004-12-13,41.81,110.42,,,,8.59,,,,,,,,,,,,,,,,,,,
2004-12-27,42.15,113.25,,,,,,,,,,,,,,,,,,,,,,,
2004-12-29,,,,,,8.74,,,,,,,,,,,,,,,,,,,
2005-01-10,42.56,110.63,,,,8.78,,,,,,,,,,,,,,,,,,,
2005-01-24,41.35,108.54,,,,8.73,,,,,,,,,,,,,,,,,,,
2005-02-07,43.24,111.88,,,,9.03,,,,,,,,,,,,,,,,,,,
2005-02-21,43.11,112.74,,,,9.2,,,,,,,,,,,,,,,,,,,
2005-03-07,43.76,114.58,,,,9.16,,,,,,,,,,,,,,,,,,,
2005-03-21,42.82,111.03,,,,9.04,,,,,,,,,,,,,,,,,,,
2005-04-04,42.85,108.65,,,,8.98,,,,,,,,,,,,,,,,,,,
2005-04-18,41.68,105.5,,,,8.85,,,,,,,,,,,,,,,,,,,
2005-05-02,41.88,107.43,,,,8.81,,,,,,,,,,,,,,,,,,,
2005-05-16,42.07,106.7,,,,8.98,,,,,,,,,,,,,,,,,,,
2005-05-30,44.23,110.64,,,,9.18,,,,,,,,,,,,,,,,,,,
2005-06-13,45.21,110.13,,,,9.32,,,,,,,,,,,,,,,,,,,
2005-06-27,44.8,108.29,,,,9.31,,,,,,,,,,,,,,,,,,,
2005-07-11,45.92,110.19,,,,9.68,,,,,,,,,,,,,,,,,,,
2005-07-25,47.71,111.97,,,,9.73,,,,,,,,,,,,,,,,,,,
2005-08-08,47.97,111.43,,,,9.89,,,,,,,,,,,,,,,,,,,
2005-08-22,48.89,111.9,,,,9.88,,,,,,,,,,,,,,,,,,,
2005-09-05,48.29,110.06,,,,9.92,,,,,,,,,,,,,,,,,,,
2005-09-19,48.8,111.77,,,,10.09,,,,,,,,,,,,,,,,,,,
2005-10-03,50.17,111.72,,,,10.23,,,,,,,,,,,,,,,,,,,
2005-10-17,49.25,108.71,,,,9.83,,,,,,,,,,,,,,,,,,,
2005-11-01,48.5,110.43,,,,9.89,,,,,,,,,,,,,,,,,,,
2005-11-14,50.32,112.96,,,,10.19,,,,,,,,,,,,,,,,,,,
2005-11-28,51.14,115.53,,,,10.23,,,,,,,,,,,,,,,,,,,
2005-12-12,52.37,114.13,,,,10.27,,,,,,,,,,,,,,,,,,,
2005-12-26,,,,,,10.45,,,,,,,,,,,,,,,,,,,
2005-12-27,53.78,115.01,,,,,,,,,,,,,,,,,,,,,,,
2006-01-09,54.69,116.26,,,,10.71,,,,,,,,,,,,,,,,,,,
2006-01-23,52.83,113.62,,,,10.58,,,,,,,,,,,,,,,,,,,
2006-02-06,55.96,114.48,,,,10.78,,,,,,,,,,,,,,,,,,,
2006-02-20,57.22,117.85,,,,10.97,,,,,,,,,,,,,,,,,,,
2006-03-06,56.83,117.03,,,,11.06,,,,,,,,,,,,,,,,,,,
2006-03-20,58.29,119.73,,,,11.28,,,,,,,,,,,,,,,,,,,
2006-03-27,,,16.77,12.44,,,,,,,,,,,,,,,,,,,,,
2006-04-03,59.48,119.19,17.2,12.58,,11.36,,,,,,,,,,,,,,,,,,,
2006-04-17,,,,,,11.38,,,,,,,,,,,,,,,,,,,
2006-04-18,58.28,118.75,17.06,12.23,,,,,,,,,,,,,,,,,,,,,
2006-05-01,,,,,,11.38,,,,,,,,,,,,,,,,,,,
2006-05-02,59.59,121.12,16.89,12.57,,,,,,,,,,,,,,,,,,,,,
2006-05-15,57.69,121.16,16.33,12.12,,11.05,,,,,,,,,,,,,,,,,,,
2006-05-29,56.67,120.07,16.07,11.94,,10.97,,,,,,,,,,,,,,,,,,,
2006-06-12,53.14,116.0,15.43,11.3,,10.68,,,,,,,,,,,,,,,,,,,
2006-06-26,54.3,117.35,15.57,11.56,,10.79,,,,,,,,,,,,,,,,,,,
2006-07-10,56.19,118.96,15.31,11.95,,11.2,,,,,,,,,,,,,,,,,,,
2006-07-24,54.92,117.56,14.76,11.85,,11.08,,,,,,,,,,,,,,,,,,,
2006-08-07,55.4,119.61,14.95,12.0,,11.09,,,,,,,,,,,,,,,,,,,
2006-08-21,57.05,121.1,15.6,12.41,,11.3,,,,,,,,,,,,,,,,,,,
2006-09-04,58.18,122.58,15.9,12.74,,11.44,,,,,,,,,,,,,,,,,,,
2006-09-18,58.34,123.73,16.41,12.75,,11.27,,,,,,,,,,,,,,,,,,,
2006-10-02,59.06,125.35,16.55,13.09,,11.4,,,,,,,,,,,,,,,,,,,
2006-10-16,60.89,128.12,17.3,13.47,,11.81,,,,,,,,,,,,,,,,,,,
2006-10-30,61.6,129.42,17.26,13.54,,11.73,,,,,,,,,,,,,,,,,,,
2006-11-13,62.92,130.2,17.65,13.87,,11.88,,,,,,,,,,,,,,,,,,,
2006-11-27,61.98,130.34,17.87,13.56,,11.62,,,,,,,,,,,,,,,,,,,
2006-12-11,63.66,132.36,18.01,13.76,,11.83,,,,,,,,,,,,,,,,,,,
2006-12-27,65.04,134.08,17.64,14.01,,12.0,,,,,,,,,,,,,,,,,,,
2007-01-08,65.01,133.05,17.89,13.99,,11.9,,,,,,,,,,,,,,,,,,,
2007-01-10,,,,,,,,,,,,,,,,,,,65.67,,,,,,
2007-01-22,65.8,134.0,17.76,14.19,,11.95,,,,,,,,,,,,,66.92,,,,,,
2007-02-05,67.63,136.1,17.99,14.45,,12.14,,,,,,,,,,,,,68.79,,,,,,
2007-02-19,68.75,137.34,18.23,14.71,,12.4,,,,,,,,,,,,,69.61,,,,,,
2007-03-05,64.29,130.73,17.3,13.78,,11.67,,,,,,,,,,,,,65.38,,,,,,
2007-03-19,65.63,131.71,17.6,14.14,,11.99,,,,,,,,,,,,,66.75,,,,,,
2007-04-02,68.23,133.28,17.71,14.68,,12.25,,,,,,,,,,,,,69.4,,,,,,
2007-04-16,72.18,137.08,18.35,15.2,,12.65,,,,,,,,,,,,,73.41,,,,,,
2007-04-30,72.87,141.43,18.86,15.27,,12.54,,,,,,,,,,,,,74.11,,,,,,
2007-05-14,72.93,144.07,18.96,15.44,,12.76,,,,,,,,,,,,,74.62,,,,,,
2007-05-29,76.06,146.06,19.03,15.86,,12.87,,,,,,,,,,,,,77.83,,,,,,
2007-06-11,75.33,145.01,19.12,15.69,,12.82,,,,,,,,,,,,,77.08,,,,,,
2007-06-25,77.51,145.2,19.3,15.96,,12.88,,,,,,,,,,,,,79.32,,,,,,
2007-07-09,78.94,147.36,19.9,16.26,,13.11,,,,,,,,,,,,,80.78,,,,,,
2007-07-23,77.64,150.85,20.44,15.99,,12.94,,,,,,,,,,,,,79.44,,,,,,
2007-08-06,72.75,142.97,19.23,14.85,,12.11,,,,,,,,,,,,,74.44,,,,,,
2007-08-20,72.38,141.69,18.94,14.65,,12.34,,,,,,,,,,,,,74.07,,,,,,
2007-09-03,74.73,144.63,19.91,15.2,,12.42,,,,,,,,,,,,,76.48,,,,,,
2007-09-17,73.08,145.11,19.8,14.76,,12.17,,,,,,,,,,,,,74.78,,,,,,
2007-10-01,77.4,151.8,21.04,15.57,,12.81,,,,,,,,,,,,,79.21,,,,,,
2007-10-15,77.86,151.51,21.66,15.66,,13.08,,,,,,,,,,,,,79.67,,,,,,
2007-10-29,78.25,150.11,22.03,15.79,,13.21,,,,,,,,,,,,,80.08,,,,,,
2007-11-12,76.26,142.34,20.32,15.15,,12.51,,,,,,,,,,,,,78.05,,,,,,
2007-11-26,73.92,140.72,20.23,14.81,,12.22,,,,,,,,,,,,,75.65,,,,,,
2007-12-10,78.46,149.13,21.41,15.63,,12.98,,,,,,,,,,,,,80.31,,,,,,
2007-12-24,,,,,,12.81,,,,,,,,,,,,,,,,,,,
2007-12-27,78.51,146.15,21.27,15.41,,,,,,,,,,,,,,,80.36,,,,,,
2008-01-07,76.34,139.89,19.76,14.93,,12.52,,,,,,,,,,,,,78.14,,,,,,
2008-01-21,66.32,131.89,18.48,12.97,,11.03,,,,,,,,,,,,,67.87,,,,,,
2008-02-04,68.37,138.18,18.46,13.7,,11.92,,,,,,,,,,,,,69.97,,,,,,
2008-02-18,68.04,134.75,17.85,13.42,,11.78,,,,,,,,,,,,,69.64,,,,,,
2008-03-03,65.32,133.43,17.38,12.96,,11.55,,,,,,,,,,,,,66.86,,,,,,
2008-03-17,60.36,129.36,16.84,12.13,,10.81,,,,,,,,,,,,,61.78,,,,,,
2008-04-02,63.81,134.2,17.85,12.8,,11.42,,,,,,,,,,,,,65.31,,,,,,
2008-04-14,63.99,134.6,17.99,12.85,,11.68,,,,,,,,,,,,,65.5,,,,,,
2008-04-28,67.61,140.96,19.32,13.35,,12.21,,,,,,,,,,,,,69.2,,,,,,
2008-05-12,68.29,140.46,19.84,13.41,,12.49,,,,,,,,,,,,,,,,,,,
2008-05-13,,,,,,,,,,,,,,,,,,,70.55,,,,,,
2008-05-26,67.49,136.86,19.64,13.2,,,,,,,,,,,,,,,69.48,,,,,,
2008-05-27,,,,,,12.2,,,,,,,,,,,,,,,,,,,
2008-06-09,66.14,135.04,19.81,12.85,,11.87,,,,,,,,,,,,,68.1,,,,,,
2008-06-23,63.95,129.94,19.23,12.07,,11.44,,,,,,,,,,,,,,,,,,,
2008-06-24,,,,,,,,,,,,,,,,,,,65.3,,,,,,
2008-06-25,,,,,,,,,,,,,,,,,,,,142.84,,,,,
2008-07-07,62.06,124.61,18.4,11.64,,11.13,,,,,,,,,,,,,63.9,136.62,,,,,
2008-07-21,62.35,126.03,18.22,11.72,,10.92,,,,,,,,,,,,,64.18,137.04,,,,,
2008-08-04,61.61,124.4,18.26,11.33,,10.75,,,,,,,,,,,,,63.43,134.28,,,,,
2008-08-18,62.42,127.84,19.57,11.81,,11.05,,,,,,,,,,,,,64.26,134.0,,,,,
2008-09-01,62.3,127.23,18.78,11.78,,11.39,,,,,,,,,,,,,64.14,,,,,,
2008-09-02,,,,,,,,,,,,,,,,,,,,133.18,,,,,
2008-09-15,58.84,122.83,17.46,11.18,,10.6,,,,,,,,,,,,,60.57,124.34,,,,,
2008-09-29,56.33,119.73,15.83,10.51,,9.82,,,,,,,,,,,,,58.0,117.38,,,,,
2008-10-13,49.1,99.3,13.58,9.49,,8.67,,,,,,,,,,,,,50.56,100.78,,,,,
2008-10-27,42.04,93.68,12.1,8.16,,7.85,,,,,,,,,,,,,43.28,84.28,,,,,
2008-11-10,48.75,99.74,12.73,9.26,,9.0,,,,,,,,,,,,,50.18,95.01,,,,,
2008-11-24,44.17,92.83,11.36,8.47,,8.53,,,,,,,,,,,,,45.47,86.08,,,,,
2008-12-08,45.74,98.88,12.19,8.77,,8.83,,,,,,,,,,,,,47.08,90.69,,,,,
2008-12-22,44.99,94.64,11.92,8.56,,8.73,,,,,,,,,,,,,46.32,90.63,,,,,
2009-01-05,48.33,99.96,12.66,9.14,,9.42,,,,,,,,,,,,,49.76,95.94,,,,,
2009-01-19,41.85,92.56,12.03,8.13,,8.45,,,,,,,,,,,,,43.09,87.42,,,,,
2009-02-02,41.42,88.28,11.92,7.93,,8.39,,,,,,,,,,,,,42.63,84.22,,,,,
2009-02-16,42.34,87.71,12.42,8.0,,8.53,,,,,,,,,,,,,43.59,84.52,,,,,
2009-03-02,35.97,76.75,10.96,6.93,,7.51,,,,,,,,,,,,,37.03,72.59,,,,,
2009-03-16,39.21,82.4,11.75,7.43,,8.02,,,,,,,,,,,,,40.37,77.89,,,,,
2009-04-02,38.68,83.93,12.16,7.36,,7.83,,,,,,,,,,,,,39.81,80.77,,,,,
2009-04-14,44.17,89.52,13.33,8.33,,8.3,,,,,,,,,,,,,45.48,87.83,,,,,
2009-04-27,45.5,90.8,13.87,8.5,,8.69,,,,,,,,,,,,,46.84,89.43,,,,,
2009-05-11,47.16,94.82,14.03,8.97,,9.28,,,,,,,,,,,,,48.56,96.46,,,,,
2009-05-25,47.66,93.0,13.7,9.07,,,,,,,,,,,,,,,49.08,96.62,,,,,
2009-05-26,,,,,,9.27,,,,,,,,,,,,,,,,,,,
2009-06-08,48.49,97.39,14.79,9.14,,9.29,,,,,,,,,,,,,49.94,100.06,,,,,
2009-06-22,45.47,94.11,14.38,8.7,,8.93,,,,,,,,,,,,,46.83,96.39,,,,,
2009-07-06,45.06,92.73,14.36,8.73,,8.85,,,,,,,,,,,,,46.41,96.64,,,,,
2009-07-20,48.72,98.9,15.45,9.31,,9.38,,,,,,,,,,,,,50.19,102.3,,,,,
2009-08-03,52.56,104.14,16.24,10.01,,9.88,,,,,,,,,,,,,54.14,109.54,,,,,
2009-08-17,50.38,103.17,15.81,9.61,,9.84,,,,,,,,,,,,,51.89,106.39,,,,,
2009-08-31,52.92,106.7,16.29,10.12,,,,,,,,,,,,,,,54.51,111.77,,,,,
2009-09-01,,,,,,10.23,,,,,,,,,,,,,,,,,,,
2009-09-14,54.42,108.13,16.94,10.39,,10.67,,,,,,,,,,,,,56.06,115.21,,,,,
2009-09-28,55.54,110.51,17.39,10.59,,10.98,,,,,,,,,,,,,57.21,116.27,,,,,
2009-10-12,55.99,111.78,17.46,10.69,,11.08,,,,,,,,,,,,,57.68,118.13,,,,,
2009-10-26,54.63,111.56,17.55,10.36,,11.04,,,,,,,,,,,,,56.27,117.55,,,,,
2009-11-09,54.4,114.84,17.68,10.4,,11.15,,,,,,,,,,,,,56.04,119.42,,,,,
2009-11-23,56.16,118.26,18.03,10.51,,11.45,,,,,,,,,,,,,57.85,120.4,,,,,
2009-12-07,55.99,117.75,18.0,10.47,,11.36,,,,,,,,,,,,,57.68,120.4,,,,,
2009-12-21,57.4,118.12,18.4,10.56,,11.32,,,,,,,,,,,,,59.13,119.44,,,,,
2010-01-04,58.53,119.82,18.98,10.85,,11.76,,,,,,,,,,,,,60.3,122.98,,,,,
2010-01-18,57.28,120.07,18.73,10.76,,11.75,,,,,,,,,,,,,59.0,123.88,,,,,
2010-01-26,,,,,,,,95.0,,,,,,,,,,,,,,,,,
2010-02-01,54.72,115.05,17.6,10.32,,11.23,,92.73,,,,,,,,,,,56.37,116.76,,,,,
2010-02-15,53.33,114.48,17.88,9.87,,11.09,,,,,,,,,,,,,54.94,114.56,,,,,
2010-02-16,,,,,,,,94.95,,,,,,,,,,,,,,,,,
2010-03-01,55.29,117.94,18.52,10.19,,11.62,,97.32,,,,,,,,,,,56.95,118.07,,,,,
2010-03-15,57.12,120.33,19.2,10.61,,12.05,,101.2,,,,,,,,,,,58.84,122.47,,,,,
2010-04-01,59.56,123.72,19.76,10.92,,12.32,,103.35,,,,,,,,,,,61.36,124.55,,,,,
2010-04-12,60.48,125.09,20.06,11.13,,12.47,,105.17,,,,,,,,,,,62.3,127.56,,,,,
2010-04-26,61.25,127.56,20.62,11.14,,12.43,,107.98,,,,,,,,,,,63.1,127.55,,,,,
2010-05-10,58.21,122.61,19.46,10.56,,11.68,,102.39,,,,,,,,,,,59.97,120.03,,,,,
2010-05-18,,,,,,,,,95.0,,,,,,,,,,,,,,,,
2010-05-24,56.15,115.6,18.43,9.96,,11.01,,95.71,91.02,,,,,,,,,,,,,,,,
2010-05-25,,,,,,,,,,,,,,,,,,,56.5,109.28,,,,,
2010-06-07,57.11,113.14,18.35,10.01,,11.04,,94.86,89.12,,,,,,,,,,58.84,108.58,,,,,
2010-06-21,60.85,120.14,19.35,10.84,,11.52,,99.98,94.49,,,,,,,,,,62.7,116.89,,,,,
2010-07-05,56.24,110.34,17.39,9.88,,10.49,,,,,,,,,,,,,57.94,107.86,,,,,
2010-07-06,,,,,,,,91.49,87.31,,,,,,,,,,,,,,,,
2010-07-19,58.1,115.22,18.16,10.27,,11.2,,95.95,91.02,,,,,,,,,,59.86,113.67,,,,,
2010-08-02,60.84,121.45,19.1,10.92,,11.75,,100.15,95.68,,,,,,,,,,62.68,120.25,,,,,
2010-08-16,59.07,117.61,18.38,10.46,,11.53,,96.09,91.83,,,,,,,,,,60.87,115.53,,,,,
2010-08-30,57.16,115.15,17.95,10.15,,,,93.53,89.32,,,,,,,,,,58.89,113.25,,,,,
2010-08-31,,,,,,11.43,,,,,,,,,,,,,,,,,,,
2010-09-13,60.53,120.27,19.31,10.82,,12.19,,101.41,95.59,,,,,,,,,,62.36,120.73,,,,,
2010-09-27,60.69,123.71,20.26,10.76,,12.21,,106.11,97.34,,,,,,,,,,62.53,123.49,,,,,
2010-10-11,60.99,125.93,20.45,10.73,,12.43,,106.95,99.38,,,,,,,,,,62.83,126.75,,,,,
2010-10-25,64.17,128.08,21.33,11.06,,12.61,,111.5,101.13,,,,,,,,,,66.11,128.8,,,,,
2010-11-08,65.24,130.23,22.01,11.09,,12.84,,115.5,104.41,,,,,,,,,,67.22,132.21,,,,,
2010-11-22,65.93,127.37,21.53,11.03,,12.5,,113.62,102.34,,,,,,,,,,67.93,129.19,,,,,
2010-12-06,67.2,130.09,22.01,11.02,,12.7,,115.68,104.57,,,,,,,,,,69.24,130.62,,,,,
2010-12-20,67.82,131.31,22.33,11.22,,12.96,,117.44,106.66,,,,,,,,,,69.88,132.19,,,,,
2011-01-03,67.54,134.06,22.81,11.28,,,,119.07,108.82,,,,,,,,,,69.59,135.19,,,,,
2011-01-04,,,,,,13.23,,,,,,,,,,,,,,,,,,,
2011-01-17,68.38,135.1,23.4,11.43,,13.17,,,,,,,,,,,,,70.46,137.25,,,,,
2011-01-18,,,,,,,,123.01,110.85,,,,,,,,,,,,,,,,
2011-01-31,68.37,135.92,22.92,11.47,,12.91,,120.53,110.11,,,,,,,,,,70.45,137.37,,,,,
2011-02-14,71.45,140.63,24.03,11.86,,13.38,,126.03,114.17,,,,,,,,,,73.62,141.29,,,,,
2011-02-28,70.24,140.1,23.68,11.77,,13.24,,124.25,113.82,,,,,,,,,,72.38,142.11,,,,,
2011-03-14,66.33,137.15,22.98,11.2,,12.79,,121.07,111.26,,,,,,,,,,68.34,136.95,,,,,
2011-03-28,67.02,140.61,23.32,11.44,,13.1,,121.71,112.45,,,,,,,,,,69.05,139.1,,,,,
2011-04-11,69.59,142.93,23.37,11.69,,13.44,,122.32,113.76,,,,,,,,,,71.7,142.21,,,,,
2011-04-26,71.02,144.64,24.17,11.63,,13.49,,126.61,115.73,,,,,,,,,,73.2,144.24,,,,,
2011-05-09,71.49,145.41,24.08,11.63,,13.22,,126.38,115.7,,,,,,,,,,73.73,143.13,,,,,
2011-05-23,68.7,142.22,23.36,11.42,,13.02,,122.53,113.34,,,,,,,,,,70.85,139.18,,,,,
2011-06-06,68.34,139.83,23.23,11.31,,13.12,,120.34,110.71,,,,,,,,,,70.48,138.88,,,,,
2011-06-20,68.96,139.45,22.27,11.16,,12.74,,116.63,110.12,,,,,,,,,,71.13,135.96,,,,,
2011-07-04,71.79,145.08,23.89,11.6,,13.47,,124.92,115.45,,,,,,,,,,74.04,143.05,,,,,
2011-07-18,68.54,141.98,23.54,10.66,,12.87,,124.02,112.55,,,,,,,,,,70.7,137.62,,,,,
2011-08-01,67.06,138.58,23.64,10.69,,12.93,,124.54,110.98,,,,,,,,,,69.16,137.65,,,,,
2011-08-15,58.08,131.3,22.16,9.89,,12.03,,117.2,103.98,,,,,,,,,,,,,,,,
2011-08-16,,,,,,,,,,,,,,,,,,,59.61,127.13,,,,,
2011-08-29,54.67,132.45,22.35,9.6,,,,117.81,104.54,,,,,,,,,,56.38,126.61,,,,,
2011-08-30,,,,,,11.87,,,,,,,,,,,,,,,,,,,
2011-09-12,48.9,126.55,22.01,8.82,,11.57,,116.11,100.48,,,,,,,,,,50.43,119.4,,,,,
2011-09-26,51.54,126.67,22.47,9.08,,11.48,,118.35,100.6,,,,,,,,,,53.14,118.07,,,,,
2011-10-10,56.37,131.84,23.01,9.96,,12.18,,120.72,103.46,,,,,,,,,,58.12,123.27,,,,,
2011-10-24,58.37,137.88,24.13,10.2,,12.52,,126.31,108.62,,,,,,,,,,60.19,129.2,,,,,
2011-11-07,57.15,138.16,23.7,9.86,,12.47,,125.64,109.26,,,,,,,,,,58.92,128.52,,,,,
2011-11-21,54.04,132.92,22.22,9.33,,11.84,,117.33,103.5,,,,,,,,,,55.71,120.76,,,,,
2011-12-05,58.85,141.12,23.72,10.11,,12.64,,123.46,109.14,,,,,,,,,,60.68,128.12,,,,,
2011-12-19,54.65,137.08,22.58,9.49,,12.18,,117.54,104.72,,,,,,,,,,56.34,121.36,,,,,
2012-01-02,58.55,141.86,23.11,10.14,,,,120.83,109.32,,,,,,,,,,60.36,126.74,,,,,
2012-01-03,,,,,,12.94,,,,,,,,,,,,,,,,,,,
2012-01-16,59.94,144.28,24.05,10.09,,12.84,,125.83,112.12,,,,,,,,,,61.79,128.62,,,,,
2012-01-30,62.09,146.04,24.91,10.26,,12.88,,130.77,114.23,,,,,,,,,,64.01,132.57,,,,,
2012-02-13,64.93,149.42,25.98,10.57,,13.41,,136.36,117.7,,,,,,,,,,66.93,136.93,,,,,
2012-02-27,65.99,151.24,26.46,10.68,,13.49,,138.42,119.19,,,,,,,,,,68.03,139.1,,,,,
2012-03-12,66.48,150.81,26.82,10.7,,13.48,,140.57,119.59,,,,,,,,,,68.54,138.35,,,,,
2012-03-26,68.19,153.82,27.98,10.84,,13.52,,147.53,123.58,,,,,,,,,,70.31,142.03,,,,,
2012-04-10,63.63,149.5,27.67,9.99,,12.83,,143.15,118.63,,,,,,,,,,65.6,135.4,,,,,
2012-04-23,62.82,150.12,26.79,9.72,,13.0,,140.93,119.38,,,,,,,,,,64.76,136.07,,,,,
2012-05-07,63.28,151.43,26.73,9.88,,,,140.22,119.67,,,,,,,,,,65.2,135.94,,,,,
2012-05-08,,,,,,12.76,,,,,,,,,,,,,,,,,,,
2012-05-21,60.97,145.36,25.53,9.46,,12.24,,135.33,115.14,,,,,,,,,,62.82,128.76,,,,,
2012-06-04,57.57,141.13,24.92,9.14,,,,131.77,111.89,,,,,,,,,,59.31,124.55,,,,,
2012-06-06,,,,,,12.47,,,,,,,,,,,,,,,,,,,
2012-06-18,60.17,148.81,26.21,9.51,,12.71,,137.89,117.81,,,,,,,,,,61.99,131.19,,,,,
2012-07-02,62.56,149.8,26.56,10.01,,13.06,,139.64,119.69,,,,,,,,,,64.45,134.4,,,,,
2012-07-16,63.22,148.9,26.23,9.89,,13.11,,137.09,118.72,,,,,,,,,,65.13,132.81,,,,,
2012-07-30,65.22,152.55,26.8,10.3,,13.19,,140.54,121.52,,,,,,,,,,67.2,135.96,,,,,
2012-08-13,66.52,153.65,27.61,10.58,,13.57,,145.3,123.31,,,,,,,,,,68.54,138.54,,,,,
2012-08-27,67.85,154.22,28.38,10.81,,,,148.24,123.94,,,,,,,,,,69.9,139.78,,,,,
2012-08-28,,,,,,13.47,,,,,,,,,,,,,,,,,,,
2012-09-10,69.44,156.02,28.6,11.12,,13.53,,148.56,125.67,,,,,,,,,,71.55,142.03,,,,,
2012-09-24,71.35,158.82,28.88,11.27,,13.64,,151.55,128.17,,,,,,,,,,73.52,144.83,,,,,
2012-10-08,70.18,159.07,28.34,11.06,,13.65,,148.64,128.19,,,,,,,,,,72.31,144.41,,,,,
2012-10-22,70.53,156.38,27.36,11.17,,13.75,,143.69,126.3,99.64,,,,,,,,,72.67,143.87,,,,,
2012-11-05,70.5,153.48,27.13,11.19,,13.66,,142.58,124.87,99.57,,,,,,,,,72.65,141.97,,,,,
2012-11-19,68.56,149.69,26.28,11.08,,13.46,,138.68,122.39,99.62,,,,,,,,,70.63,139.68,,,,,
2012-12-03,71.55,152.85,27.37,11.48,,13.79,,142.79,124.47,100.0,,,,,,,,,73.72,143.36,,,,,
2012-12-17,73.17,155.57,27.05,11.71,,13.89,,142.42,126.43,100.29,,,,,,,,,75.4,145.75,,,,,
2013-01-01,,,,,,13.86,,142.26,126.13,,,,,,,,,,,146.16,,,,,
2013-01-02,74.84,156.84,27.75,12.09,,,,,,100.8,,,,,,,,,77.12,,,,,,
2013-01-14,74.36,158.76,27.83,12.08,,14.35,,146.24,130.13,101.26,,,,,,,,,76.62,150.73,,,,,
2013-01-28,75.36,163.5,28.06,12.33,,14.8,,146.59,132.76,100.95,,,,,,,,,77.63,153.27,,,,,
2013-02-11,73.44,164.49,28.32,11.8,,14.76,,148.47,134.37,100.61,,,,,,,,,75.65,153.57,,,,,
2013-02-25,74.78,164.81,28.01,12.0,,15.0,,144.62,131.92,101.0,,,,,,,,,77.03,152.19,,,,,
2013-03-11,76.79,170.08,28.61,12.29,,15.37,,150.58,138.09,100.94,,,,,,,,,79.12,157.11,,,,,
2013-03-25,75.7,170.39,28.48,12.0,,15.12,,149.38,137.73,100.77,,,,,,,,,77.99,156.37,,,,,
2013-04-08,73.69,171.41,28.28,11.69,,14.89,,149.27,138.85,100.64,,,,,,,,,75.92,156.54,,,,,
2013-04-22,71.92,171.12,28.56,11.63,,14.91,,150.53,138.83,101.13,,,,,,,,,74.07,156.75,,,,,
2013-05-06,78.0,176.56,30.15,12.42,,,,158.34,143.76,,,,,,,,,,80.26,163.02,,,,,
2013-05-07,,,,,,15.59,,,,102.07,,,,,,,,,,,,,,,
2013-05-20,81.3,181.73,30.99,12.77,,16.11,,162.08,148.29,102.33,,,,,,,,,,,,,,,
2013-05-21,,,,,,,,,,,,,,,,,,,83.78,167.62,,,,,
2013-06-03,79.66,179.3,30.23,12.52,,15.58,,160.49,146.08,102.13,,,,,,,,,81.92,162.51,,,,,
2013-06-17,78.99,180.17,30.53,12.3,,15.16,,159.49,146.05,101.63,,,,,,,,,81.22,163.09,,,,,
2013-07-01,76.76,178.19,30.12,11.99,,15.11,,157.19,143.98,101.35,,,,,,,,,78.92,159.55,,,,,
2013-07-15,79.17,183.18,31.48,12.3,,15.78,,165.37,150.08,101.46,,,,,,,,,81.4,165.84,,,,,
2013-07-29,79.4,183.35,31.35,12.52,,15.72,,164.79,150.37,101.7,,,,,,,,,81.63,166.74,,,,,
2013-08-12,80.36,182.78,32.02,12.87,,15.79,,168.02,150.88,102.23,,,,,,,,,82.62,168.51,,,,,
2013-08-26,81.08,177.27,31.99,12.93,,,,167.95,148.08,,,,,,,,,,83.36,166.49,,,,,
2013-08-27,,,,,,15.54,,,,102.2,,,,,,,,,,,,,,,
2013-09-09,79.55,178.73,32.47,12.87,,15.77,,170.52,149.51,102.17,,,,,,,,,81.79,167.89,,,,,
2013-09-23,82.99,182.75,32.98,13.37,,15.83,,173.17,152.28,102.4,,,,,,,,,85.33,172.59,,,,,
2013-10-07,82.57,177.23,32.95,13.4,,15.55,,173.03,150.06,102.3,,,,,,,,,84.9,170.39,,,,,
2013-10-16,,,,,,,,,,,99.95,,,,,,,,,,,,,,
2013-10-21,85.21,182.72,34.43,13.91,,16.08,,180.85,156.29,102.71,99.96,,,,,,,,87.62,177.44,,,,,
2013-11-04,86.85,185.62,34.67,14.0,,16.35,,182.12,158.4,102.82,99.98,,,,,,,,89.29,177.91,,,,,
2013-11-18,88.65,189.84,34.75,14.13,,16.3,,182.56,160.71,102.87,100.01,,,,,,,,91.15,180.24,,,,,
2013-12-02,90.34,190.36,35.72,14.13,,16.0,,187.69,161.66,103.07,100.01,,,,,,,,92.89,180.16,,,,,
2013-12-16,88.04,189.02,35.67,13.64,,15.83,,187.4,160.48,103.25,100.01,,,,,,,,90.52,177.67,,,,,
2013-12-30,91.77,196.36,36.63,14.23,,16.34,,192.5,165.47,103.55,100.03,,,,,,,,94.36,184.17,,,,,
2014-01-13,91.36,193.49,36.05,14.34,,16.4,,189.43,163.6,103.7,100.07,,,,,,,,93.94,183.01,,,,,
2014-01-27,89.81,188.53,36.0,13.87,,15.91,,189.21,160.24,103.36,100.08,,,,,,,,92.34,178.53,,,,,
2014-02-10,89.24,188.17,36.78,14.0,,16.01,,193.32,162.02,103.44,100.12,,,,,,,,91.74,179.92,,,,,
2014-02-24,93.26,193.23,37.86,14.59,,16.73,,199.05,166.48,103.68,100.17,,,,,,,,95.87,185.85,,,,,
2014-03-10,88.99,195.84,38.07,14.38,,16.32,,200.18,169.27,103.94,100.18,,,,,,,,91.48,186.96,,,,,
2014-03-24,88.25,194.19,37.18,14.24,,15.96,,195.38,167.55,103.86,100.19,,,,,,,,90.73,183.71,,,,,
2014-04-07,91.34,193.82,36.06,14.89,,16.23,,189.51,166.52,104.03,100.21,,,,,,,,93.9,185.47,,,,,
2014-04-22,92.18,197.07,36.89,14.95,,16.38,,193.88,169.72,104.21,100.24,,,,,,,,94.75,188.16,,,,,
2014-05-05,91.51,197.28,37.05,14.91,,,,,,,,,,,,,,,93.94,189.25,,,,,
2014-05-06,,,,,,16.7,,192.19,168.71,104.58,100.27,,,,,,,,,,,,,,
2014-05-19,92.75,197.34,37.21,14.95,,16.86,,195.63,170.51,104.55,100.3,,,,,,,,95.18,189.24,,,,,
2014-06-02,95.54,200.23,38.41,15.47,,16.92,,202.02,174.22,104.54,100.31,,,,,,,,98.02,192.94,,,,,
2014-06-16,94.88,200.75,38.89,15.6,,16.68,,204.59,175.51,104.81,100.36,,,,,,,,97.38,194.13,,,,,
2014-06-30,94.41,201.27,39.61,15.47,,16.66,,208.37,177.62,104.64,100.38,,,,,,,,96.89,196.1,,,,,
2014-07-14,93.91,204.05,40.44,15.22,,16.67,,212.74,179.26,104.59,100.4,,,,,,,,96.4,196.59,,,,,
2014-07-28,92.13,203.22,40.82,15.31,,16.78,,214.76,179.48,104.76,100.42,,,,,,,,94.57,196.74,,,,,
2014-08-11,88.12,198.44,40.27,14.56,,16.43,,211.87,175.83,104.57,100.45,,,,,,,,90.45,191.58,,,,,
2014-08-25,91.28,204.68,41.9,15.12,,,,,,,,,,,,,,,93.7,196.67,,,,,
2014-08-26,,,,,,16.97,,220.73,181.7,104.89,100.5,,,,,,,,,,,,,,
2014-09-08,93.65,205.2,42.19,15.56,,17.02,,222.04,181.98,105.17,100.54,,,,,,,,96.14,196.69,,,,,
2014-09-22,93.57,205.97,41.84,15.36,,16.87,,220.18,181.41,105.18,100.56,,,,,,,,96.06,194.75,,,,,
2014-10-06,88.38,203.81,41.38,14.79,,16.35,,217.79,178.82,104.98,100.57,,,,,,,,90.73,189.63,,,,,
2014-10-20,83.65,196.78,39.87,13.8,,15.61,,209.85,173.38,104.75,100.58,,,,,,,,85.88,183.64,,,,,
2014-11-03,88.77,208.34,42.95,14.55,,16.18,,226.06,183.79,105.1,100.58,,,,,,,,91.14,191.92,,,,,
2014-11-17,89.29,211.96,43.43,14.54,,16.68,,228.67,186.15,105.24,100.58,,,,,,,,91.67,193.91,,,,,
2014-12-01,95.59,213.66,44.21,15.03,,16.66,,232.81,187.39,105.07,100.59,,,,,,,,98.15,195.71,,,,,
2014-12-05,,,,,,,,,,,,,,,49.91,,,,,,,,,,
2014-12-15,89.55,206.69,42.87,13.94,,15.48,,225.74,181.69,104.93,100.58,,,,45.8,,,,91.94,187.25,,,,,
2014-12-29,95.23,216.92,44.46,14.86,,16.61,,234.16,191.01,104.89,100.59,,,,48.48,,,,97.78,196.03,,,,,
2015-01-08,,,,,,,,,,,,,,,,,,,,,17.03,,,,
2015-01-12,93.84,212.22,43.0,14.32,,16.27,,226.46,185.41,104.91,100.6,,,,46.55,,,,96.35,189.86,17.05,,,,
2015-01-26,103.58,212.71,44.08,15.82,,17.17,,232.17,188.09,104.89,100.62,,,,50.96,,,,106.37,193.94,17.16,,,,
2015-02-09,102.27,213.39,43.49,15.64,,17.13,,229.1,187.31,105.03,100.62,,,,50.53,,,,105.01,194.25,17.18,,,,
2015-02-23,106.76,218.31,45.91,16.41,,17.37,,241.92,193.26,105.24,100.64,,,,53.01,,,,109.61,200.75,17.34,,,,
2015-02-27,,,,,,,,,,,,,,,,34.86,,,,,,,,,
2015-03-09,111.08,216.93,45.54,16.8,,17.32,,239.98,190.64,105.32,100.67,,,,54.43,34.44,,,114.04,197.71,17.46,,,,
2015-03-23,114.07,218.45,45.87,17.27,,17.78,,241.75,193.01,104.58,100.67,,,,56.32,34.87,,,117.13,201.96,17.36,,,,
2015-04-07,116.25,215.57,44.85,17.67,,17.61,,236.29,190.54,104.71,100.69,,,,57.33,34.4,,,119.33,200.64,17.47,,,,
2015-04-20,114.02,217.5,45.59,17.45,,17.85,,240.27,192.83,104.47,100.7,,,,56.91,34.81,,,117.05,202.43,17.47,,,,
2015-05-04,111.4,217.93,46.27,17.2,,,,,,,,,,,,,,,114.31,203.85,17.51,,,,
2015-05-05,,,,,,17.58,,239.9,191.9,104.99,100.71,,,,54.95,34.63,,,,,,,,,
2015-05-18,111.15,221.02,46.61,17.12,,17.73,,245.68,195.78,105.1,100.72,,,,56.68,35.33,,,113.97,206.33,17.51,,,,
2015-06-01,109.62,218.08,46.73,17.1,,17.71,,246.31,194.32,104.65,100.72,,,,56.87,35.08,,,112.38,203.02,17.51,,,,
2015-06-15,105.29,215.2,45.82,16.42,,17.12,,241.51,191.96,104.26,100.71,,,,55.04,34.67,,,107.98,200.75,17.31,,,,
2015-06-29,106.22,212.81,45.27,16.5,,16.9,,238.64,189.59,103.58,100.69,,,,55.46,34.25,,,108.94,198.6,17.24,,,,
2015-07-13,110.06,217.44,46.45,17.02,,17.2,,244.91,193.52,103.85,100.68,,,,57.51,34.97,,,112.87,201.08,17.32,,,,
2015-07-27,105.95,210.98,46.7,16.62,,16.61,,246.25,190.62,104.04,100.7,,,,56.47,34.44,,,108.66,198.24,17.39,,,,
2015-08-04,,,,,14.43,,,,,,,,,,,,,,,,,,,,
2015-08-10,111.2,213.26,47.29,17.21,14.69,17.23,,249.37,194.14,104.12,100.73,,,,57.94,35.08,,,114.04,202.12,17.31,,,,
2015-08-24,92.46,192.44,41.78,14.53,12.4,15.18,,220.35,174.84,103.25,100.73,,,,49.51,31.62,,,94.82,182.06,17.13,,,,
2015-09-07,96.86,195.32,43.31,15.0,12.89,15.63,,,,103.42,100.73,,,,50.89,32.04,,,99.34,183.19,17.19,,,,
2015-09-08,,,,,,,,234.84,182.03,,,,,,,,,,,,,,,,
2015-09-21,95.32,200.33,44.87,15.06,12.73,15.74,,236.65,181.92,103.02,100.73,,,,50.93,32.84,,,97.79,186.74,17.08,,,,
2015-10-05,94.03,203.55,44.83,15.23,12.63,16.23,,236.46,183.88,102.06,100.62,,,,51.36,33.17,,,96.45,187.91,16.89,,,,
2015-10-19,97.37,209.06,46.18,15.69,12.94,16.38,,243.58,188.29,102.6,100.64,,,,52.2,33.92,,,99.88,192.8,17.12,,,,
2015-11-02,104.9,216.35,48.68,16.26,13.7,16.43,,256.77,194.87,103.08,100.67,,,,53.18,35.09,,,107.61,196.93,17.28,,,,
2015-11-16,102.61,212.47,47.28,15.84,13.49,15.91,,249.46,190.41,103.1,100.69,,,,51.99,34.28,,,105.27,191.63,17.32,,,,
2015-11-30,109.02,215.52,48.34,16.53,14.15,16.48,,255.02,193.09,103.25,100.72,,,,53.79,34.77,,,111.84,194.82,17.32,,,,
2015-12-14,97.11,211.43,47.35,14.88,12.73,15.23,,249.89,187.81,102.97,100.72,,,,48.57,33.82,,,99.63,187.76,16.96,,,,
2015-12-28,102.03,213.33,47.88,15.45,13.27,,,,,,,,,,,,,,104.68,192.2,17.03,,,,
2015-12-29,,,,,,16.38,,256.5,193.17,103.12,100.73,,,,51.8,34.77,,,,,,,,,
2016-01-11,94.08,199.64,44.39,14.41,12.35,15.24,,234.28,178.9,102.65,100.74,,,,47.03,32.15,,,96.53,179.31,16.83,,,,
2016-01-25,93.23,193.43,43.49,14.16,12.05,15.26,,229.5,174.61,101.79,100.74,,,,44.28,31.3,,,95.66,175.13,16.63,,,,
2016-02-08,85.98,195.25,41.08,13.17,11.08,14.78,,216.77,172.55,101.33,100.76,,,,40.16,30.97,,,88.17,172.59,16.63,,,,
2016-02-22,91.66,202.81,43.9,13.92,11.67,15.75,,231.75,181.34,101.37,100.75,,,,42.11,32.53,,,94.0,179.61,16.66,,,,
2016-03-07,93.63,208.4,44.65,14.43,12.04,16.18,,235.72,186.72,102.02,100.77,,,,44.26,33.47,,,96.01,185.48,16.9,,,,
2016-03-21,95.24,215.24,45.93,14.59,12.23,16.22,,242.55,191.5,103.05,100.8,,,,44.75,34.28,,,97.68,189.81,17.14,,,,
2016-04-04,94.03,216.62,46.83,14.19,11.97,16.18,,247.26,192.96,103.31,100.82,,,,42.35,34.54,,,96.43,189.71,17.22,,,,
2016-04-18,96.88,219.93,47.38,14.74,12.39,16.71,,250.19,195.71,103.37,100.85,,,,44.39,35.03,,,99.29,193.9,17.38,,,,
2016-05-02,96.89,218.55,45.47,14.74,12.29,,,,,,,,,,,,,,99.19,194.16,17.47,,,,
2016-05-03,,,,,,16.29,,237.93,192.86,103.78,100.87,,,,43.4,34.52,,,,,,,,,
2016-05-16,,,,,,16.23,,240.29,193.4,103.34,100.86,,,,42.74,34.61,,,,,,,,,
2016-05-17,94.65,214.5,44.93,14.38,11.99,,,,,,,,,,,,,,96.77,190.62,17.39,,,,
2016-05-30,98.88,218.84,46.9,15.36,12.81,,,,,,,,,,,,,,101.1,194.88,17.48,,,,
2016-06-01,,,,,,16.49,,248.34,196.41,103.53,100.88,,,,46.03,35.15,,,,,,,,,
2016-06-13,92.41,217.27,45.98,14.21,11.76,16.03,,242.8,194.88,103.56,100.9,,,,41.51,34.86,,,94.47,191.44,17.52,,,,
2016-06-27,88.68,210.02,43.67,13.39,10.86,15.88,,230.62,187.58,102.64,100.84,,,,37.02,33.37,,,90.66,182.9,17.27,,,,
2016-07-11,94.08,223.42,47.35,14.4,11.61,17.74,,250.11,200.57,103.7,100.89,,,,39.21,35.88,,,96.18,195.17,17.55,,,,
2016-07-25,97.57,226.72,48.51,14.9,12.17,17.82,,256.18,203.57,104.76,100.91,,,,41.05,36.41,,,99.75,198.41,17.74,,,,
2016-08-08,99.8,227.26,49.77,15.01,12.5,18.11,,262.89,204.88,104.86,100.93,,,,41.96,36.64,,,102.03,200.36,17.83,,,,
2016-08-22,100.39,227.63,50.04,14.99,12.55,18.28,,264.37,205.28,104.93,100.95,,,,41.64,36.69,,,102.63,202.06,17.93,,,,
2016-09-05,102.08,227.26,49.95,15.65,13.03,18.42,,,,104.98,100.96,,,,44.83,,,,104.37,,18.04,,,,
2016-09-06,,,,,,,,265.58,205.77,,,,,,,36.75,,,,203.71,,,,,
2016-09-19,99.22,222.8,49.92,15.09,12.64,18.25,,263.78,201.47,104.77,100.94,,,,43.26,35.97,,,101.45,198.83,17.89,,,,
2016-10-03,,,,,,18.71,,267.73,203.63,104.5,100.89,,,,43.17,36.34,,,,201.31,17.94,,,,
2016-10-04,101.62,223.39,50.59,15.43,12.9,,,,,,,,,,,,,,103.85,,,,,,
2016-10-17,100.51,222.4,49.93,15.31,12.81,18.62,,263.83,200.49,104.75,100.92,,,,43.65,35.74,,,102.71,197.26,18.01,,,,
2016-11-01,102.05,223.13,49.98,15.65,13.13,18.67,,264.09,200.51,104.9,100.93,,,,45.81,35.74,,,104.29,197.66,18.06,,,,
2016-11-14,102.31,232.29,48.97,15.51,13.23,18.19,,258.84,204.34,104.59,100.92,,,,48.31,36.38,,,104.56,198.0,17.92,,,,
2016-11-28,101.24,235.3,50.62,15.5,13.09,18.34,,267.58,208.05,103.9,100.93,,,,47.31,37.03,,,103.48,200.5,17.93,,,,
2016-12-12,107.06,244.16,50.8,16.33,13.84,18.59,,268.56,213.44,104.12,100.93,,,,51.11,37.94,,,109.42,206.14,18.1,,,,
2016-12-27,109.75,245.97,51.76,16.69,14.15,,,,,,,,,,,,,,,206.24,,,,,
2016-12-28,,,,,,19.17,,271.45,212.94,104.07,100.95,,,,51.36,37.87,,,112.2,,18.22,,,,
2017-01-09,110.61,245.32,52.38,16.78,14.29,19.54,,276.94,214.85,104.11,100.94,,,,51.87,38.18,,,113.07,208.26,18.31,,,,
2017-01-23,110.43,244.27,52.8,16.6,14.06,19.31,,279.15,214.56,104.03,100.95,,,,51.15,38.09,,,112.89,208.84,18.33,,,,
2017-02-06,110.08,247.38,53.87,16.59,14.04,19.36,,284.83,217.24,104.02,100.97,,,,51.97,38.55,,,112.48,210.86,18.37,,,,
2017-02-20,113.11,254.85,55.54,16.9,14.19,19.79,,,,103.98,100.99,,,,52.63,39.57,,,115.58,,18.43,,,,
2017-02-21,,,,,,,,295.22,224.4,,,,,,,,,,,216.28,,,,,
2017-03-06,114.36,259.03,55.92,17.28,14.52,20.0,,295.81,225.52,103.98,100.99,,,,52.61,40.0,,,116.85,216.79,18.48,,,,
2017-03-15,,,,,,,,,,,,,,,,,,,,,,18.51,,,
2017-03-20,115.25,258.59,56.48,17.61,14.83,20.26,,298.81,225.52,104.11,100.98,,,,53.64,39.98,,,117.77,218.71,18.41,18.55,,,
2017-04-03,117.21,255.37,56.7,17.88,14.98,19.87,,299.87,224.19,104.03,100.96,,,,53.47,39.73,,,119.7,217.63,18.43,18.57,,,
2017-04-18,114.75,253.85,56.27,17.63,14.56,19.54,,297.66,222.75,103.87,100.97,,,,52.23,39.47,,,117.19,216.43,18.48,18.61,,,
2017-05-01,,,,,,,,,,,,,,,55.57,,,,,,,,,,
2017-05-02,119.6,259.16,58.9,18.6,15.46,19.85,,311.57,227.47,104.53,100.97,,,,,40.27,,,122.06,222.37,18.6,18.73,,,
2017-05-15,122.44,259.86,59.56,19.06,15.83,20.45,,315.11,228.77,104.87,100.97,,,,57.41,40.48,,,124.75,224.56,18.67,18.81,,,
2017-05-29,120.74,261.26,60.46,18.84,15.56,,,,,,,,,,56.1,,,,,,,,,,
2017-05-30,,,,,,20.71,,320.3,229.98,104.6,100.97,,,,,40.68,,,122.7,225.83,18.71,18.85,,,
2017-06-12,121.31,263.34,59.63,18.78,15.53,20.71,,315.55,231.67,104.51,100.98,,,,55.95,40.97,,,123.61,227.04,18.76,18.9,,,
2017-06-26,122.08,265.55,60.36,18.83,15.49,20.55,,319.4,232.72,104.75,100.98,,,,55.68,41.14,,,124.39,228.15,18.82,18.96,,,
2017-07-10,118.96,265.63,59.5,18.56,15.47,20.35,,314.87,231.8,105.25,100.99,,,,57.67,40.94,,5.0,121.21,227.09,18.72,18.86,,,
2017-07-24,116.69,266.96,62.07,18.39,15.29,20.37,,328.49,235.91,105.46,100.99,,,,56.92,41.64,,5.0,118.9,231.59,18.84,18.98,,,
2017-08-07,117.15,274.47,62.01,18.77,15.68,20.82,,328.18,237.07,105.59,100.99,,,,58.36,41.82,,5.01,119.36,233.69,18.95,19.09,,,
2017-08-21,115.31,269.7,60.52,18.33,15.2,20.37,,320.34,232.3,105.25,100.97,,,,55.99,40.94,,5.01,117.5,229.25,18.91,19.05,,,
2017-09-04,115.64,273.54,62.62,18.33,15.16,20.64,,,,105.03,100.97,,,,55.5,,,,117.85,,18.94,19.08,,,
2017-09-05,,,,,,,,328.45,235.29,,,,,,,41.46,,5.01,,232.06,,,,,
2017-09-18,120.0,277.89,62.56,18.8,15.71,20.22,,331.18,239.86,105.18,100.98,,,,56.54,42.21,,5.01,122.29,236.44,18.98,19.12,,,
2017-10-02,123.28,280.63,62.57,19.17,16.12,20.74,,331.21,242.36,105.22,100.97,,,,58.08,42.63,,5.02,125.63,238.31,19.02,19.16,,,
2017-10-16,124.24,285.61,63.96,19.12,15.98,21.01,,338.6,245.24,105.35,100.98,,,,57.59,43.12,,5.03,126.61,241.37,19.09,19.23,,,
2017-10-30,126.39,290.49,65.14,19.45,16.37,20.91,,344.85,246.78,105.65,100.99,,,,58.16,43.37,,5.03,128.81,241.99,19.16,19.3,,,
2017-11-13,124.9,291.87,66.09,19.08,15.95,20.74,,349.93,248.13,105.69,100.97,,,,56.88,43.59,,5.03,127.29,242.28,19.1,19.24,,,
2017-11-27,124.18,293.85,67.07,19.03,15.88,20.71,,355.14,249.94,105.59,100.96,,,,56.4,43.88,,5.03,126.56,244.82,19.1,19.24,,,
2017-12-11,125.35,304.17,66.95,19.21,16.01,20.91,,354.52,255.77,105.57,100.96,,,,57.73,44.87,,5.03,127.76,247.96,19.05,19.19,,,
2017-12-27,124.84,308.97,67.38,19.1,15.9,21.38,,356.84,258.07,105.62,100.94,,,,57.61,45.26,,5.04,127.24,250.69,19.07,19.21,,,
2018-01-08,127.67,315.33,69.92,19.49,16.32,21.61,,370.29,264.45,105.85,100.93,,,,58.62,46.31,,5.04,130.13,257.27,19.15,19.29,,,
2018-01-22,128.58,327.01,72.31,19.82,16.82,21.67,,382.99,272.77,106.09,100.93,,,,61.08,47.66,,5.05,131.06,264.86,19.14,19.28,,,
2018-02-05,121.11,303.67,68.01,18.96,16.03,20.6,,360.23,255.14,106.39,100.93,,,,58.7,44.48,,5.05,123.44,250.91,19.04,19.18,,,
2018-02-19,118.22,315.02,70.95,18.67,15.72,20.43,,,,106.13,100.91,,,,58.03,45.93,,,120.5,,18.99,19.13,,,
2018-02-20,,,,,,,,376.37,261.94,,,,,,,,,5.05,,253.81,,,,,
2018-03-05,115.41,310.86,72.11,18.33,15.42,20.14,,382.04,262.56,105.67,100.88,,,,56.27,45.72,,5.06,117.63,251.64,18.95,19.09,,,
2018-03-19,116.6,307.75,71.95,18.52,15.57,19.96,,381.21,261.97,105.17,100.86,,,,56.68,45.59,,5.06,118.86,252.33,18.99,19.13,,,
2018-04-03,114.55,300.48,67.71,18.26,15.17,19.95,,358.72,252.55,104.82,100.82,,,,54.98,43.94,,5.06,116.76,245.27,18.94,19.08,,,
2018-04-05,,,,,,,,,,,,,,,,,,,,,,,104.84,,
2018-04-16,118.17,307.27,69.98,18.76,15.55,20.46,,370.77,258.84,105.12,100.82,,,,56.39,44.98,,5.07,120.47,251.58,19.08,19.22,104.99,,
2018-04-24,,,,,,,,,,,,,,,,,20.64,,,,,,,,
2018-04-30,120.23,302.18,69.25,19.41,15.92,21.39,,366.87,256.02,105.11,100.81,,,,57.69,44.49,20.68,5.08,122.56,250.23,19.05,19.2,105.29,,
2018-05-14,123.51,311.66,73.04,19.7,16.3,22.04,,387.05,264.19,105.03,100.8,,,,58.11,45.89,21.05,5.08,125.92,256.6,19.05,19.19,105.36,,
2018-05-28,122.3,310.06,73.04,19.36,15.91,,,,,,,,,,56.33,,,,,,,,105.37,,
2018-05-29,,,,,,21.84,,385.19,260.5,103.38,100.72,,,,,45.2,20.53,5.08,122.82,250.55,18.8,18.94,,,
2018-06-11,122.11,317.35,75.22,19.45,15.84,22.19,,398.68,269.61,103.78,100.68,,,,55.43,46.75,21.12,5.09,124.52,258.12,18.88,19.02,105.32,,
2018-06-25,116.66,304.04,73.85,18.82,15.19,21.55,,391.45,263.46,103.65,100.69,,,,53.3,45.65,20.55,5.09,118.97,251.14,18.87,19.01,105.38,,
2018-07-09,119.26,310.7,76.36,19.34,15.53,22.08,,404.76,270.16,103.5,100.68,,,,54.36,46.77,21.03,5.1,121.62,256.78,18.9,19.04,105.49,,
2018-07-23,119.29,314.08,77.35,19.24,15.48,21.99,,410.03,272.44,103.64,100.69,,,,53.84,47.13,21.12,5.1,121.66,257.79,18.97,19.11,105.65,,
2018-08-06,119.76,319.8,78.07,19.51,15.56,22.03,,413.82,276.77,103.96,100.7,,,,54.66,47.85,21.28,5.11,122.14,259.99,19.05,19.19,105.89,,
2018-08-20,117.22,323.43,77.41,19.18,15.11,21.98,,410.42,277.71,103.61,100.69,,,,53.16,47.99,21.2,5.12,119.55,258.83,19.04,19.18,105.97,,
2018-09-03,117.35,326.29,80.38,19.28,15.13,21.74,,,,103.34,100.68,,,,53.06,48.74,21.54,,119.69,,19.01,19.15,106.03,,
2018-09-04,,,,,,,,424.42,281.74,,,,,,,,,5.12,,261.08,,,,,
2018-09-17,114.96,327.59,78.09,19.11,14.92,21.18,,414.05,281.17,103.69,100.68,,,,53.38,48.54,21.42,5.13,117.26,260.94,19.05,19.19,106.14,,
2018-10-01,117.27,334.91,80.3,19.43,15.06,21.74,,425.79,284.73,103.8,100.67,,,,53.64,49.12,21.69,5.13,119.61,264.49,19.06,19.2,106.23,,
2018-10-15,110.37,317.38,74.25,18.22,14.19,20.43,,393.73,267.96,103.63,100.65,,,,50.83,46.22,20.25,5.13,112.58,248.53,18.97,19.12,106.25,,
2018-10-29,107.72,307.26,70.52,17.93,13.97,20.43,,373.93,257.35,102.99,100.62,,,,49.66,44.3,19.53,5.14,109.88,238.96,18.83,18.97,106.17,,
2018-11-08,,,,,,,,,,,,,,,,,,,,,,,,88.98,
2018-11-12,107.62,319.41,71.77,18.18,14.11,20.53,,380.57,265.86,103.06,100.6,,,,50.84,45.72,20.17,,109.78,245.55,18.88,19.02,106.19,86.66,
2018-11-13,,,,,,,,,,,,,,,,,,5.14,,,,,,,
2018-11-26,107.88,310.26,70.22,18.04,14.12,20.55,,372.39,260.94,102.18,100.5,,,,50.62,44.86,20.0,5.13,110.06,242.15,18.55,18.68,105.89,87.03,
2018-12-10,100.91,307.87,70.27,17.15,13.19,19.64,,372.71,257.68,101.45,100.41,,,,46.52,44.25,19.55,5.11,102.95,236.62,18.31,18.44,104.92,79.07,
2018-12-24,,,,,,19.54,,329.07,229.81,,,,,,45.93,,,5.12,,218.5,,,105.05,76.14,
2018-12-27,98.63,291.67,66.15,16.67,12.78,,,,,101.75,100.4,,,,,41.7,18.71,,100.62,,18.37,18.51,,,
2019-01-07,102.09,296.66,68.26,17.26,13.27,19.92,,362.02,249.36,101.28,100.38,,,,47.51,42.7,19.33,5.11,104.16,232.77,18.33,18.47,104.99,80.64,
2019-01-21,105.78,311.55,71.37,17.94,13.79,20.4,,,,101.85,100.43,,,,49.98,44.69,20.14,,107.92,,18.67,18.81,105.76,83.25,
2019-01-22,,,,,,,,370.82,257.64,,,,,,,,,5.14,,240.06,,,,,
2019-02-04,106.11,318.23,73.22,17.99,13.77,20.58,,388.3,266.76,102.43,100.5,,,,49.06,45.57,20.44,5.16,108.25,247.31,18.75,18.89,106.34,79.15,
2019-02-18,107.27,326.86,74.25,18.5,14.18,21.18,,,,102.76,100.55,,,,50.4,46.45,20.81,,109.44,,18.87,19.01,106.56,83.05,
2019-02-19,,,,,,,,394.49,272.41,,,,,,,,,5.17,,252.11,,,,,
2019-02-21,,,,,,,,,,,,,,,,,,,,,,,,,12.7
2019-02-28,,,,,,,,,,,,20.0,,,,,,,,,,,,,
2019-03-04,110.03,326.22,75.29,18.86,14.6,21.03,,399.39,273.91,103.21,100.58,20.0,,,51.77,46.73,21.06,5.18,112.27,254.12,19.09,19.23,106.88,86.65,12.73
2019-03-18,110.64,327.63,77.15,19.22,14.83,21.57,,409.27,278.06,103.52,100.61,20.28,,,52.59,47.4,21.37,5.18,112.89,257.71,19.18,19.32,107.06,87.35,12.92
2019-04-01,110.87,331.92,78.76,19.16,14.78,21.65,,417.84,281.53,103.62,100.61,20.45,,,51.75,47.96,21.47,5.19,113.13,259.79,19.27,19.41,107.21,85.19,13.31
2019-04-15,114.06,333.58,80.35,19.61,15.33,22.06,,426.32,285.5,104.1,100.64,20.75,,,54.14,48.61,21.8,5.2,116.39,263.63,19.43,19.58,107.51,90.65,13.54
2019-04-29,116.92,335.76,82.56,19.92,15.55,22.1,,438.0,289.23,104.4,100.65,20.9,,,54.81,49.23,22.01,5.21,119.31,265.57,19.46,19.6,107.78,90.88,13.84
2019-05-13,112.46,320.53,77.17,19.08,14.58,21.32,,409.46,276.58,103.85,100.63,20.08,,,51.5,47.02,21.08,5.22,114.75,255.06,19.27,19.41,107.87,82.97,13.19
2019-05-27,114.15,324.1,76.96,19.43,14.74,,,,,,,20.21,,,51.54,,,,,,,,107.91,81.45,12.57
2019-05-28,,,,,,21.71,,407.1,275.88,103.42,100.61,,,,,46.85,21.19,5.22,116.05,255.23,19.28,19.42,,,
2019-06-10,,,,,,22.07,,419.72,284.4,103.66,100.63,20.6,,,51.53,48.2,21.71,5.23,,,,,108.02,80.96,12.81
2019-06-11,114.94,330.2,79.22,19.58,14.86,,,,,,,,,,,,,,117.3,262.15,19.31,19.45,,,
2019-06-24,116.06,338.87,81.43,19.8,14.92,22.21,,432.15,290.34,104.38,100.66,21.03,,,51.58,49.17,22.21,5.23,118.44,266.98,19.51,19.65,108.27,79.56,13.21
2019-07-08,118.59,339.96,82.1,20.2,15.29,22.63,,435.76,293.5,104.66,100.66,21.2,,,53.46,49.68,22.35,5.24,121.03,269.13,19.63,19.78,108.48,83.83,13.45
2019-07-22,116.19,344.67,83.36,19.94,15.19,22.53,,442.39,294.55,104.87,100.69,21.24,,,52.49,49.82,22.33,5.25,118.57,269.56,19.57,19.71,108.66,81.52,13.91
2019-07-30,,,,,,,,,,,,,,40.0,,,,,,,,,,,
2019-08-05,110.21,326.18,78.19,18.95,14.4,21.66,,415.0,280.81,104.71,100.69,20.27,,38.02,49.02,47.45,21.46,5.25,112.48,257.29,19.58,19.73,108.72,76.68,13.05
2019-08-19,110.75,332.07,81.45,19.08,14.36,21.75,,432.38,288.94,104.57,100.68,20.64,,38.56,48.49,48.79,21.88,5.26,113.03,261.86,19.57,19.72,108.74,74.21,13.41
2019-09-02,112.99,335.66,81.16,19.37,14.56,22.05,,,,104.57,100.69,20.7,,38.72,48.69,48.84,21.99,,115.33,,19.79,19.94,108.86,74.71,13.8
2019-09-03,,,,,,,,426.28,287.39,,,,,,,,,5.26,,261.39,,,,,
2019-09-16,117.02,344.41,82.88,19.98,15.41,22.2,,439.99,296.69,104.74,100.66,21.29,,40.03,52.71,50.03,22.51,5.27,119.44,270.04,19.86,20.0,109.08,82.62,14.35
2019-09-30,117.46,342.32,81.8,20.24,15.51,22.46,,434.25,294.7,104.52,100.66,21.16,,39.88,52.71,49.67,22.5,5.28,119.89,268.34,19.73,19.88,109.21,81.37,
2019-10-01,,,,,,,,,,,,,,,,,,,,,,,,,14.67
2019-10-14,118.01,340.74,82.78,20.12,15.55,21.92,,439.52,293.84,104.67,100.64,21.13,,39.58,52.72,49.46,22.48,,120.45,267.86,19.68,19.82,109.31,82.29,14.92
2019-10-15,,,,,,,,,,,,,,,,,,5.28,,,,,,,
2019-10-28,122.3,344.64,85.61,20.66,16.04,22.29,,454.52,301.17,105.2,100.65,21.67,,40.59,54.89,50.62,23.09,5.29,124.84,274.82,19.7,19.85,109.61,86.77,15.19
2019-11-11,124.73,352.58,87.03,21.11,16.3,22.3,,462.12,306.13,105.41,100.64,22.03,,41.49,55.58,51.42,23.43,5.3,127.31,279.3,19.78,19.93,109.73,88.91,15.63
2019-11-12,,,,,,,,,,,,,5.03,,,,,,,,,,,,
2019-11-25,125.17,357.62,88.44,21.19,16.41,22.57,,469.65,311.01,105.01,100.62,22.28,4.99,41.83,55.41,52.22,23.73,5.3,127.77,282.47,19.79,19.93,109.85,88.33,15.83
2019-12-09,123.83,356.01,88.36,21.09,16.38,22.09,,469.23,311.49,105.34,100.62,22.31,5.03,42.05,55.22,52.26,23.86,5.31,126.41,282.86,19.93,20.08,110.0,87.51,15.97
2019-12-23,125.66,364.21,91.88,21.7,16.89,23.29,,487.98,320.39,105.74,100.62,22.89,5.05,43.0,57.3,53.72,24.44,5.31,128.29,290.11,20.06,20.21,110.17,91.3,16.76
2020-01-06,124.02,366.18,93.51,21.61,16.76,23.16,,496.59,322.76,105.71,100.6,23.03,5.06,42.95,57.04,54.07,24.52,5.32,126.61,291.9,20.11,20.25,110.29,90.89,16.48
2020-01-20,127.99,374.44,96.94,21.81,16.94,23.4,,,,105.82,100.61,23.53,5.08,43.91,56.86,55.47,25.13,,130.67,,20.19,20.34,110.43,88.56,16.94
2020-01-21,,,,,,,,514.43,330.33,,,,,,,,,5.33,,297.49,,,,,
2020-02-03,123.23,362.34,96.43,21.12,16.26,22.4,,512.16,323.28,105.61,100.62,22.92,5.06,42.61,55.39,54.1,24.74,5.33,125.81,290.35,20.07,20.22,110.65,85.78,15.79
2020-02-17,130.14,375.58,101.72,22.2,17.31,22.79,,,,105.85,100.63,23.71,5.11,43.84,59.82,56.34,25.61,,132.88,,20.25,20.39,110.79,95.22,16.92
2020-02-18,,,,,,,,540.68,335.67,,,,,,,,,5.34,,299.2,,,,,
2020-03-02,111.95,341.38,93.87,19.39,14.75,20.5,,498.62,307.98,104.21,100.55,21.6,4.97,39.74,49.81,51.42,23.43,5.34,114.3,273.58,19.67,19.82,110.54,76.86,15.48
2020-03-16,82.54,258.46,74.27,14.17,10.46,15.93,,394.47,238.04,100.49,100.06,16.65,4.39,30.94,34.17,39.46,18.09,5.22,84.27,210.77,17.26,17.39,107.59,47.66,13.56
2020-04-01,92.66,285.8,83.46,15.92,11.78,17.24,,443.3,262.17,97.66,99.32,18.31,4.28,33.52,37.79,43.5,20.04,5.13,94.62,231.84,16.92,17.04,104.48,51.17,13.49
2020-04-13,,,,,,,,,,,,,,,,,,,,,,,,,14.31
2020-04-14,100.97,306.9,91.97,16.82,12.53,17.89,,488.55,284.28,100.26,99.71,19.65,4.56,35.97,38.68,47.1,21.47,5.22,103.1,248.86,18.04,18.17,107.49,51.65,
2020-04-27,100.63,309.31,93.5,16.75,12.33,18.1,,496.67,287.58,100.94,99.78,19.81,4.53,35.97,37.82,47.63,21.63,5.24,102.75,250.9,18.04,18.17,108.02,49.91,15.08
2020-05-11,102.02,310.61,98.4,16.79,12.5,18.41,,522.8,292.96,100.73,99.86,20.2,4.52,36.81,38.52,48.51,22.13,5.26,104.18,255.84,18.04,18.17,108.57,49.9,15.73
2020-05-25,107.3,314.07,99.65,17.28,13.04,,,,,,,20.43,,37.05,38.13,,,,,,,,108.93,50.39,15.2
2020-05-26,,,,,,18.84,,528.11,299.41,101.38,100.0,,4.58,,,49.59,22.73,5.28,110.66,262.62,18.3,18.44,,,
2020-06-01,,,,,,,,539.88,,102.02,100.1,21.25,4.66,38.76,40.43,50.66,23.2,5.29,,,,,109.36,55.8,15.22
2020-06-02,,,,18.34,13.88,,,,,,,,,,,,,,115.61,,18.78,18.92,,,
2020-06-08,120.71,354.21,104.83,19.43,14.92,20.1,,556.99,323.68,104.15,100.31,22.48,4.81,40.85,45.92,53.53,24.38,5.3,123.28,284.44,19.23,19.37,109.89,66.67,15.9
2020-06-15,,,,18.12,13.83,,,550.01,,103.12,100.29,21.33,4.73,38.76,41.64,50.85,23.22,5.31,114.55,,18.9,19.04,109.95,58.35,15.54
2020-06-22,115.38,334.44,107.26,18.8,14.27,19.42,,569.92,312.41,103.24,100.34,21.8,4.75,39.71,41.97,51.69,23.79,5.31,117.87,275.84,19.02,19.16,110.2,58.94,16.02
2020-06-29,,,,18.66,14.31,,,560.4,,102.93,100.35,21.4,4.74,39.11,42.21,50.63,23.35,5.32,117.56,,18.97,19.11,110.33,59.76,16.09
2020-07-06,119.8,337.85,112.29,19.33,14.92,19.57,,596.65,318.75,103.41,100.41,22.26,4.78,40.41,44.17,52.7,24.31,5.32,122.38,281.81,19.07,19.21,110.42,63.38,16.96
2020-07-13,120.4,335.27,112.26,19.32,14.93,19.24,,596.52,316.37,103.5,100.43,22.17,4.77,40.37,43.77,52.31,24.15,5.33,123.0,280.6,19.07,19.21,110.54,62.3,17.12
2020-07-20,122.72,342.95,115.96,19.65,15.05,19.51,,616.17,326.12,104.02,100.48,22.75,4.8,41.52,44.17,53.87,24.81,5.33,125.36,287.99,19.18,19.32,110.64,63.21,17.09
2020-07-27,120.76,341.73,113.01,19.33,14.64,19.03,,600.52,324.91,104.38,100.53,22.75,4.83,41.53,42.71,53.67,24.78,5.33,123.36,287.84,19.31,19.45,110.82,60.08,17.52
2020-08-03,118.94,342.74,117.04,19.06,14.38,18.8,,621.96,330.54,104.24,100.54,22.87,4.81,42.02,41.77,54.57,24.74,5.34,121.52,289.42,19.27,19.42,110.92,56.77,17.38
2020-08-10,119.32,357.37,117.39,19.1,14.48,18.89,,623.86,337.24,104.6,100.57,23.23,4.84,42.52,42.43,55.67,25.01,5.34,121.9,294.08,19.41,19.55,111.04,58.66,17.9
2020-08-17,121.51,358.16,119.56,19.3,14.76,19.19,,635.33,339.54,104.94,100.6,23.58,4.86,43.16,42.66,56.04,25.46,5.34,124.14,298.31,19.47,19.61,111.1,58.97,17.79
2020-08-24,122.87,364.38,123.14,19.43,14.84,19.14,,654.48,344.64,104.95,100.61,23.81,4.87,43.54,42.84,56.87,25.66,5.34,125.54,301.3,19.5,19.64,111.11,59.0,17.36
2020-08-31,121.7,366.11,128.28,19.16,14.63,,,,,105.01,100.61,24.2,,43.95,42.47,,,,,306.17,,,111.22,58.48,17.0
2020-09-01,,,,,,18.38,,692.0,354.31,,,,4.89,,,58.44,26.22,5.35,124.62,,19.56,19.7,,,
2020-09-07,123.15,362.34,123.11,19.44,14.67,18.64,,654.31,344.37,105.01,100.63,23.74,4.9,43.0,42.31,56.77,25.6,5.35,125.83,,19.61,19.75,111.27,59.44,17.25
2020-09-08,,,,,,,,,,,,,,,,,,,,293.65,,,,,
2020-09-14,124.02,360.69,119.48,19.47,14.73,18.92,,634.97,340.16,104.98,100.64,23.64,4.9,42.75,41.95,56.05,25.54,5.35,126.73,298.94,19.63,19.77,111.29,58.51,17.56
2020-09-21,117.9,349.77,116.33,18.71,13.99,18.22,,618.24,329.89,104.96,100.66,22.97,4.89,41.6,38.84,54.28,24.9,5.35,120.47,290.61,19.57,19.72,111.3,51.89,17.84
2020-09-28,120.99,355.35,120.39,19.09,14.24,18.61,,639.83,337.02,104.68,100.64,23.34,4.85,42.26,39.68,55.49,25.21,5.35,123.62,295.24,19.39,19.53,111.17,52.45,17.59
2020-10-05,120.56,362.66,121.93,19.12,14.33,18.67,,648.02,342.86,105.03,100.67,23.72,4.88,43.13,40.01,56.44,25.62,5.35,123.2,300.1,19.53,19.68,111.21,52.27,17.59
2020-10-12,123.47,371.57,128.07,19.55,14.75,18.86,,680.64,355.61,105.28,100.69,24.46,4.91,44.4,40.79,58.51,26.36,5.35,126.17,309.45,19.66,19.8,111.24,54.41,18.38
2020-10-19,120.8,363.25,123.25,19.07,14.48,18.5,,655.05,344.85,105.2,100.71,23.86,4.9,43.5,39.99,56.75,25.74,5.35,123.45,301.9,19.64,19.78,111.34,52.93,18.22
2020-10-26,114.42,356.75,121.87,18.09,14.01,18.21,,647.71,342.28,105.3,100.71,23.6,4.9,42.79,39.69,56.33,25.35,5.35,116.94,298.53,19.66,19.8,111.35,53.37,18.23
2020-11-02,110.77,346.92,117.44,17.45,13.68,17.78,,624.11,333.21,104.99,100.69,22.93,4.86,41.56,38.8,54.85,24.74,5.35,113.2,290.06,19.49,19.63,111.35,52.32,18.09
2020-11-09,123.05,375.79,125.35,19.55,15.55,19.47,,666.28,357.51,106.0,100.72,24.71,4.97,44.16,44.44,58.77,26.72,5.36,125.76,312.64,19.94,20.09,111.47,61.37,18.67
2020-11-16,123.45,386.14,127.3,20.02,15.79,20.24,,676.64,365.35,106.19,100.73,25.31,4.99,45.08,46.8,60.03,27.21,5.36,126.16,320.17,20.05,20.19,111.48,66.86,19.28
2020-11-23,123.34,381.75,126.19,19.95,15.88,19.96,,670.75,360.53,106.26,100.74,25.17,5.03,44.78,47.46,59.24,27.11,5.36,126.05,318.45,20.15,20.3,111.53,68.37,19.78
2020-11-30,124.88,382.47,130.03,20.25,16.02,19.76,,691.16,365.06,106.39,100.74,25.53,5.05,45.53,47.54,59.96,27.51,5.36,127.62,323.07,20.26,20.41,111.58,69.78,19.2
2020-12-07,124.68,388.25,133.5,20.52,16.31,20.68,,709.68,372.26,106.52,100.74,26.06,5.08,46.23,48.48,61.14,27.97,5.36,127.43,329.73,20.39,20.54,111.63,72.8,20.03
2020-12-14,124.23,385.65,132.08,20.25,16.09,20.6,,702.15,367.88,106.5,100.74,25.9,5.08,45.95,47.6,60.4,27.82,5.36,126.97,327.71,20.38,20.53,111.65,70.71,20.03
2020-12-21,124.44,390.18,134.5,19.99,15.81,20.27,,715.0,372.73,106.51,100.73,26.16,5.08,46.74,46.36,61.19,28.1,5.36,127.19,330.95,20.36,20.51,111.7,67.36,20.15
2020-12-28,129.55,392.55,136.07,20.82,16.48,,,,,,,,,47.23,,,,,,334.97,,,111.71,70.69,20.31
2020-12-29,,,,,,20.86,,723.6,376.03,106.58,100.72,26.53,5.08,,48.38,61.72,28.52,5.36,132.13,,20.38,20.53,,,
2021-01-04,128.94,390.22,134.54,20.84,16.39,20.76,,715.28,373.44,106.6,100.71,26.41,5.1,47.28,48.02,61.28,28.51,5.37,131.8,334.18,20.43,20.58,111.74,69.6,20.84
2021-01-11,130.91,400.42,136.75,21.34,16.8,21.48,,727.01,383.57,106.85,100.71,27.01,5.12,48.57,49.75,62.93,29.17,5.37,133.81,341.76,20.48,20.63,111.82,73.4,22.29
2021-01-18,130.08,397.88,135.7,21.31,16.79,21.23,,721.41,380.45,106.63,100.7,26.85,5.1,48.64,49.77,62.41,28.94,5.37,132.96,,20.46,20.61,111.83,72.74,22.58
2021-01-19,,,,,,,,,,,,,,,,,,,,342.09,,,,,
2021-01-25,128.16,399.82,142.89,21.15,16.5,20.97,,759.64,389.28,106.66,100.7,27.28,5.12,49.6,47.85,63.84,29.45,5.37,130.99,345.17,20.51,20.67,111.91,67.32,23.19
2021-02-01,127.95,390.13,140.41,21.01,16.43,20.43,,746.44,381.13,106.55,100.7,26.7,5.11,48.46,47.29,62.54,28.93,5.37,130.78,337.77,20.49,20.64,111.93,66.96,22.5
2021-02-08,132.01,405.27,145.16,21.6,17.16,20.61,,771.74,395.54,106.87,100.69,27.68,5.15,50.09,50.03,64.9,30.0,5.37,134.93,350.09,20.62,20.77,111.95,74.3,23.12
2021-02-15,132.47,406.48,146.36,22.01,17.62,21.35,,778.12,397.63,106.92,100.69,28.02,5.15,50.54,51.73,65.23,30.34,5.38,135.41,,20.64,20.79,112.0,77.4,
2021-02-16,,,,,,,,,,,,,,,,,,,,354.22,,,,,
2021-02-17,,,,,,,,,,,,,,,,,,,,,,,,,24.01
2021-02-22,130.97,407.45,140.19,21.71,17.5,20.93,,745.37,391.89,106.92,100.69,27.62,5.15,49.96,51.98,64.31,29.91,5.38,133.87,349.27,20.65,20.8,112.04,78.2,23.75
2021-03-01,131.54,407.86,140.82,21.89,17.7,20.89,,748.71,394.55,106.78,100.68,27.59,5.14,49.79,52.76,64.78,29.81,5.37,134.47,348.85,20.6,20.75,111.95,80.14,
2021-03-02,,,,,,,,,,,,,,,,,,,,,,,,,23.24
2021-03-08,135.0,411.27,130.4,22.03,17.99,21.36,,693.33,386.5,106.8,100.66,27.01,5.13,49.36,55.05,63.43,29.19,5.37,138.0,341.38,20.59,20.74,111.91,85.07,23.17
2021-03-15,135.76,426.4,138.72,22.39,18.15,21.49,,737.57,401.61,106.71,100.66,28.0,5.15,51.07,54.43,65.95,30.2,5.37,138.77,353.94,20.66,20.81,111.8,82.91,23.63
2021-03-22,137.59,423.52,138.77,22.37,18.13,21.43,,737.83,398.8,106.62,100.66,27.89,5.14,51.5,54.33,65.48,30.07,5.37,140.64,352.5,20.63,20.78,111.77,82.09,23.33
2021-04-01,139.09,429.17,137.48,22.82,18.37,21.49,,731.0,401.92,106.57,100.65,27.92,5.15,51.63,54.5,66.0,30.21,5.37,142.18,352.83,20.66,20.82,111.78,81.9,24.13
2021-04-05,,,,,,,,,,,,,,,,,,,,,,,,,24.15
2021-04-06,142.77,432.58,143.99,23.26,18.84,21.77,,765.66,412.45,106.89,100.64,28.58,5.17,52.67,55.59,67.71,30.99,5.37,145.95,361.25,20.74,20.89,111.79,83.64,
2021-04-12,142.78,436.65,146.54,23.21,18.82,21.99,,779.21,418.01,106.93,100.64,28.9,5.18,53.28,55.62,68.62,31.33,5.37,145.97,365.23,20.78,20.93,110.95,82.83,24.28
2021-04-19,144.22,440.9,147.48,23.57,18.98,22.37,,784.16,421.63,107.06,100.64,29.27,5.19,53.93,56.0,69.21,31.75,5.38,147.43,369.97,20.79,20.94,111.82,84.29,24.83
2021-04-26,143.52,439.73,148.72,23.66,18.92,22.26,,790.79,424.15,107.02,100.63,29.4,5.18,53.89,54.89,69.62,31.91,5.38,146.73,371.56,20.76,20.92,111.84,83.0,25.46
2021-05-03,142.84,441.4,146.32,23.6,19.05,,,,,,,29.33,,53.88,56.05,,,,,370.74,,,111.84,87.27,24.88
2021-05-04,,,,,,22.14,,763.68,421.88,107.06,100.63,,5.19,,,69.24,31.52,5.38,142.38,,20.8,20.95,,,
2021-05-10,144.26,449.67,141.68,23.88,19.41,22.81,,753.39,424.41,107.1,100.62,29.49,5.19,54.78,57.36,69.65,31.95,5.38,147.48,372.6,20.8,20.95,111.87,91.01,24.77
2021-05-17,144.16,444.43,141.2,23.85,19.4,22.53,,750.87,422.0,107.06,100.62,29.24,5.18,54.22,57.15,69.25,31.59,5.38,147.39,369.3,20.76,20.92,111.96,92.33,22.2
2021-05-24,,,,,,22.62,,769.53,425.59,106.92,100.6,29.57,5.18,54.6,57.44,69.83,32.01,5.38,,,,,112.0,92.68,23.39
2021-05-25,144.76,444.48,144.87,23.96,19.49,,,,,,,,,,,,,,148.0,373.42,20.79,20.94,,,
2021-06-01,144.35,447.46,145.18,23.96,19.59,22.53,,772.06,426.39,106.95,100.6,29.67,5.19,54.96,57.86,69.93,32.11,5.38,148.98,375.57,20.85,21.01,112.0,93.73,24.68
2021-06-07,146.74,448.78,146.43,24.38,19.95,22.72,,778.71,428.78,107.05,100.6,29.93,5.21,55.68,58.47,70.36,32.4,5.38,150.02,378.02,20.91,21.06,112.04,95.84,24.54
2021-06-14,146.7,445.79,149.88,24.65,19.99,22.95,,797.1,431.82,107.11,100.6,30.12,5.22,55.58,58.12,70.86,32.63,5.38,149.99,380.46,20.98,21.13,112.03,94.3,24.94
2021-06-21,146.04,439.14,149.98,24.26,19.74,22.68,,797.65,428.79,107.05,100.58,29.74,5.21,54.7,57.21,70.35,32.26,5.38,149.31,375.73,20.94,21.1,112.07,90.5,24.66
2021-06-28,145.57,444.36,154.08,24.29,19.78,22.73,,819.46,435.51,107.07,100.58,30.18,5.22,55.46,56.83,71.48,32.79,5.38,148.84,381.18,20.95,21.1,112.05,89.85,25.28
2021-07-05,146.58,450.95,156.24,24.31,19.89,23.03,,830.96,441.89,107.09,100.58,30.44,5.21,56.06,57.45,72.52,33.12,5.38,149.87,,20.95,21.11,112.0,91.23,25.88
2021-07-06,,,,,,,,,,,,,,,,,,,,383.52,,,,,
2021-07-12,147.78,453.66,157.84,24.35,19.81,22.92,,839.46,445.25,107.07,100.57,30.62,5.22,56.41,56.77,73.07,33.3,5.38,151.1,386.8,20.96,21.11,112.02,88.12,25.64
2021-07-19,141.62,440.28,154.34,23.35,18.91,22.02,,820.86,432.5,107.0,100.56,29.7,5.22,54.78,53.72,70.96,32.42,5.38,144.8,375.15,20.96,21.11,112.0,82.22,25.73
2021-07-26,146.15,455.6,160.46,24.47,20.03,22.6,,853.4,449.2,107.01,100.56,30.74,5.23,56.64,57.1,73.71,33.53,5.38,149.43,388.4,20.98,21.13,112.0,89.28,25.27
2021-08-02,145.67,451.6,158.74,24.67,20.07,22.79,,844.2,445.7,107.0,100.56,30.71,5.24,56.46,56.86,73.14,33.58,5.38,148.95,388.0,21.01,21.17,111.98,88.41,25.56
2021-08-09,147.32,455.09,160.56,25.22,20.64,22.98,,853.9,450.39,107.02,100.54,30.92,5.25,56.64,59.0,73.91,33.87,5.39,150.64,390.6,21.06,21.22,111.91,93.54,26.06
2021-08-16,149.0,462.06,160.66,25.36,20.77,23.13,,854.44,455.34,106.96,100.54,31.18,5.25,57.55,59.3,74.73,34.17,5.39,152.37,393.93,21.07,21.22,111.94,93.44,25.13
2021-08-23,148.32,458.55,162.5,25.25,20.69,23.04,,864.26,455.5,106.9,100.53,31.1,5.25,57.07,58.64,74.75,34.27,5.39,151.67,392.9,21.06,21.22,111.99,91.43,24.91
2021-08-30,148.64,459.4,165.59,25.39,20.83,,,,,,,31.45,,57.72,58.62,,,,,397.26,,,112.0,91.79,26.03
2021-08-31,,,,,,23.1,,879.52,459.98,106.91,100.52,,5.25,,,75.5,34.49,5.39,151.49,,21.08,21.23,,,
2021-09-06,149.05,459.24,166.12,25.71,21.03,23.36,,883.56,461.37,106.91,100.52,31.69,5.25,58.11,58.92,75.72,34.76,5.39,152.42,,21.1,21.26,111.98,93.11,26.4
2021-09-07,,,,,,,,,,,,,,,,,,,,399.0,,,,,
2021-09-13,146.89,452.86,163.79,25.33,20.86,22.98,,871.21,454.66,106.96,100.51,31.26,5.26,57.34,58.4,74.63,34.26,5.39,150.21,394.88,21.12,21.28,111.97,93.16,26.29
2021-09-20,141.57,441.2,159.31,24.63,20.15,22.44,,847.4,443.48,106.98,100.5,30.46,5.25,55.85,55.55,72.78,33.49,5.39,144.76,384.82,21.13,21.29,111.96,88.14,
2021-09-22,,,,,,,,,,,,,,,,,,,,,,,,,25.59
2021-09-27,145.69,452.82,161.36,25.34,20.93,22.96,,858.31,452.22,107.03,100.5,30.97,5.24,56.66,58.81,74.22,33.98,5.39,148.98,391.11,21.1,21.26,111.97,96.4,26.31
2021-10-04,140.66,441.56,153.6,24.16,20.01,22.81,,817.04,437.8,107.01,100.49,29.97,5.23,54.66,58.05,71.8,32.84,5.39,143.84,378.4,21.03,21.19,111.97,94.74,24.96
2021-10-11,142.18,448.04,156.16,24.61,20.37,23.25,,830.69,444.11,106.96,100.48,30.37,5.2,55.14,60.48,72.82,33.32,5.39,145.39,383.36,20.91,21.07,111.96,99.58,
2021-10-12,,,,,,,,,,,,,,,,,,,,,,,,,24.87
2021-10-18,144.75,457.9,162.39,25.21,20.78,23.44,,863.79,456.91,106.88,100.46,31.19,5.2,56.26,61.17,74.87,34.29,5.39,148.02,393.81,20.93,21.09,111.97,100.26,25.22
2021-10-25,145.91,464.24,164.63,25.37,20.77,23.51,,875.79,465.1,106.92,100.46,31.65,5.19,56.87,61.95,76.17,34.88,5.39,149.21,399.65,20.91,21.06,111.95,100.48,25.59
2021-11-01,147.85,466.44,168.79,25.89,21.36,23.73,,897.91,469.98,106.94,100.45,31.96,5.19,57.32,63.05,76.96,35.66,5.39,,,,,111.91,101.78,25.84
2021-11-02,,,,,,,,,,,,,,,,,,,152.61,404.25,20.94,21.1,,,
2021-11-08,150.08,473.07,173.39,26.34,21.76,23.78,,922.4,479.04,106.89,100.45,32.44,5.22,58.15,62.83,78.48,36.27,5.39,153.49,409.62,21.02,21.18,111.93,101.73,26.57
2021-11-15,151.03,468.85,171.85,26.55,21.95,23.97,,914.24,477.28,106.59,100.43,32.34,5.21,58.37,63.26,78.19,36.03,5.39,154.46,408.32,21.02,21.18,111.89,101.95,26.96
2021-11-22,150.72,462.99,173.9,26.18,21.75,23.67,,925.17,477.47,106.22,100.42,32.11,5.2,58.0,62.11,78.22,35.78,5.39,154.14,405.28,21.02,21.17,111.87,98.18,27.95
2021-11-29,142.88,456.71,174.09,24.87,20.51,23.22,,926.18,474.7,105.54,100.39,31.65,5.16,56.98,59.05,77.75,35.24,5.39,146.15,399.52,20.86,21.01,111.82,92.0,27.98
2021-12-06,143.82,458.29,168.24,24.85,20.75,23.63,,895.08,468.39,105.95,100.4,31.28,5.19,56.76,60.27,76.65,34.73,5.38,147.11,394.77,20.92,21.08,111.79,94.69,27.0
2021-12-13,146.08,463.84,170.74,25.0,20.84,23.62,,908.4,476.35,106.13,100.38,31.73,5.2,57.69,59.63,77.95,35.18,5.38,149.41,400.45,21.0,21.16,111.77,93.76,26.91
2021-12-20,142.5,454.49,165.91,24.54,20.5,23.51,,882.7,466.15,106.18,100.39,31.13,5.2,56.81,59.12,76.24,34.35,5.38,145.76,392.71,21.0,21.16,111.76,92.98,26.37
2021-12-27,148.07,472.26,175.9,25.74,21.51,,,,,,,,,59.09,,,,,,410.12,,,111.76,97.88,28.29
2021-12-29,,,,,,24.26,,931.49,489.2,106.3,100.36,32.57,5.2,,62.21,79.98,36.16,5.38,151.61,,21.02,21.17,,,
2022-01-03,149.79,475.89,175.19,25.99,21.71,,,,,,,,,59.27,,,,,,410.68,,,111.79,99.49,28.28
2022-01-04,,,,,,24.53,,919.67,489.34,106.3,100.35,32.62,5.21,,64.18,79.99,36.05,5.39,154.48,,21.05,21.21,,,
2022-01-10,147.43,469.28,165.79,25.42,21.43,24.34,,882.08,476.89,106.25,100.35,31.82,5.2,59.03,64.81,77.97,34.99,5.39,150.8,401.23,21.05,21.21,111.8,104.46,26.72
2022-01-17,148.97,467.18,165.75,25.99,21.89,24.89,,881.86,476.18,106.06,100.34,31.93,5.19,59.32,66.29,77.85,35.0,5.39,152.38,,21.02,21.18,111.81,107.02,27.24
2022-01-18,,,,,,,,,,,,,,,,,,,,395.94,,,,,
2022-01-24,140.33,447.14,154.04,24.3,20.35,23.86,,819.58,450.41,105.88,100.34,30.22,5.17,56.58,61.84,73.66,33.17,5.39,143.56,380.93,20.9,21.06,111.82,98.67,24.75
2022-01-31,144.64,457.08,158.5,24.85,21.05,24.41,,843.34,461.26,105.65,100.32,30.76,5.13,57.11,64.51,75.45,33.72,5.39,147.96,387.73,20.73,20.88,111.82,104.1,25.04
2022-02-07,142.15,456.53,154.73,24.58,20.94,24.76,,823.28,458.11,104.8,100.26,30.77,5.02,57.45,65.55,74.92,33.68,5.39,145.42,387.81,20.37,20.52,111.82,109.13,24.42
2022-02-14,141.24,449.9,151.52,24.27,20.72,24.63,,806.25,449.85,104.6,100.24,30.3,5.01,56.71,64.82,73.58,33.05,5.39,144.48,381.78,20.35,20.5,111.84,107.97,24.28
2022-02-21,137.65,443.82,148.79,23.73,20.13,24.5,,791.73,444.65,104.33,100.24,29.96,5.01,56.39,63.06,72.75,32.58,5.39,140.81,,20.39,20.54,111.82,104.77,24.09
2022-02-22,,,,,,,,,,,,,,,,,,,,374.06,,,,,
2022-02-28,135.13,441.53,151.23,23.37,19.25,24.47,,804.73,447.33,103.53,100.2,29.99,4.97,55.83,59.31,73.2,32.6,5.39,138.23,377.78,20.17,20.32,111.8,91.91,24.61
2022-03-07,119.92,427.63,141.48,20.71,16.94,22.85,,752.9,429.74,102.79,100.15,28.41,4.92,53.09,52.21,70.23,30.75,5.38,122.68,357.74,19.91,20.06,111.62,75.98,23.1
2022-03-14,130.14,429.58,138.6,22.08,18.57,23.71,,737.58,427.08,103.15,100.14,28.5,4.92,53.69,57.58,69.77,30.97,5.37,133.14,358.87,19.88,20.02,111.33,85.79,22.59
2022-03-21,133.85,450.5,152.73,23.05,19.31,24.57,,812.79,456.63,103.6,100.15,30.35,4.96,56.7,59.91,74.7,33.07,5.37,136.94,382.31,20.07,20.22,111.32,89.65,25.07
2022-03-28,134.69,455.7,159.22,22.95,19.19,24.69,,847.28,468.38,103.96,100.16,30.88,4.95,57.25,59.91,76.67,33.63,5.37,137.8,388.95,20.06,20.2,111.42,88.27,25.94
2022-04-04,135.62,455.22,161.04,23.18,19.34,24.98,,857.0,469.18,104.32,100.17,31.1,4.98,57.07,60.77,76.78,33.9,5.38,138.77,391.75,20.18,20.33,111.53,90.14,25.31
2022-04-11,132.58,447.33,148.64,22.53,18.49,25.2,,791.02,451.87,104.25,100.14,30.03,4.94,55.56,60.46,73.93,32.49,5.38,135.65,378.09,20.06,20.21,111.52,87.87,22.69
2022-04-18,,,,,,,,,,,,,,,,,,,,,,,111.53,,
2022-04-19,132.19,455.14,150.96,22.47,18.49,25.15,,803.42,457.05,104.13,100.15,30.17,4.9,56.2,60.12,74.79,32.51,5.37,135.26,379.74,19.91,20.06,,88.11,23.32
2022-04-25,130.03,443.99,143.76,22.16,18.29,24.45,,765.12,440.08,103.49,100.12,29.1,4.88,54.6,58.26,71.92,31.54,5.38,133.05,366.17,19.84,19.99,111.52,87.16,22.47
2022-05-02,129.98,431.06,138.9,21.95,18.07,,,,,,,28.3,,53.28,57.76,,,,,356.01,,,111.48,84.29,22.59
2022-05-03,,,,,,25.07,,740.05,427.77,103.08,100.09,,4.81,,,69.91,30.79,5.37,133.95,,19.54,19.68,,,
2022-05-09,124.66,420.55,129.51,20.91,17.09,23.93,,689.29,409.02,102.32,100.07,27.07,4.71,51.46,54.63,66.8,29.2,5.37,,340.37,,,111.43,80.83,21.19
2022-05-10,,,,,,,,,,,,,,,,,,,129.02,,19.17,19.31,,,
2022-05-16,129.98,420.42,130.12,21.75,17.84,24.76,,692.58,410.93,102.43,100.05,27.31,4.77,51.87,57.2,67.12,29.36,5.37,133.0,343.41,19.33,19.48,111.41,85.37,22.02
2022-05-23,131.88,416.2,127.92,22.29,18.14,24.98,,680.89,407.59,102.27,100.03,27.41,4.75,51.42,58.71,66.58,29.44,5.37,134.94,344.87,19.26,19.4,111.39,90.55,21.5
2022-05-30,135.6,433.6,134.79,23.08,18.86,25.27,,717.53,426.6,102.52,100.03,28.56,4.78,53.8,60.56,69.65,30.68,5.37,138.77,,19.38,19.53,111.45,95.19,22.81
2022-06-01,,,,,,,,,,,,,,,,,,,,356.31,,,,,
2022-06-06,,,,,18.69,25.33,,713.0,422.98,102.64,100.0,28.31,4.77,53.19,59.92,69.06,30.34,5.37,,356.22,,,111.42,94.28,22.56
2022-06-07,135.41,433.46,135.13,22.79,,,,,,,,,,,,,,,138.58,,19.36,19.5,,,
2022-06-13,124.9,398.7,120.0,20.86,16.89,24.0,,638.81,384.88,101.46,99.92,25.84,4.63,48.43,54.85,62.61,27.78,5.37,127.82,324.97,18.81,18.94,111.37,82.92,20.44
2022-06-20,123.46,390.61,119.76,20.77,16.95,23.74,,637.59,377.37,100.94,99.83,25.35,4.56,47.42,56.05,61.3,27.44,5.36,126.29,,18.52,18.66,111.11,87.32,19.56
2022-06-21,,,,,,,,,,,,,,,,,,,,324.82,,,,,
2022-06-27,122.72,410.82,127.66,21.11,17.12,24.2,,679.65,400.55,100.74,99.78,26.65,4.54,49.37,56.0,65.19,29.02,5.36,125.53,335.04,18.46,18.59,111.06,85.74,20.23
2022-07-04,118.87,406.36,123.17,20.26,16.38,24.12,,655.74,392.96,100.08,99.78,26.1,4.47,47.93,55.06,63.85,28.3,5.36,121.6,,18.17,18.31,110.97,81.16,18.48
2022-07-05,,,,,,,,,,,,,,,,,,,,326.3,,,,,
2022-07-11,119.42,407.44,126.1,20.46,16.45,24.02,,671.41,396.09,100.84,99.82,26.15,4.52,47.88,54.89,64.35,28.52,5.35,122.16,328.71,18.32,18.45,110.88,79.57,19.77
2022-07-18,120.6,406.07,126.28,20.64,16.52,24.1,,672.34,393.71,100.72,99.81,26.1,4.53,48.08,54.25,63.93,28.3,5.36,123.37,328.14,18.36,18.5,110.92,77.18,20.59
2022-07-25,122.93,418.14,131.07,21.24,17.07,24.38,,697.82,407.74,101.65,99.85,26.95,4.64,49.58,55.47,66.23,29.16,5.36,125.75,338.82,18.87,19.01,110.99,79.53,21.54
2022-08-01,125.43,428.67,137.58,21.77,17.63,24.75,,732.54,423.43,101.74,99.87,27.94,4.68,50.99,56.96,68.74,30.27,5.36,128.31,351.38,19.07,19.22,111.1,81.16,22.47
2022-08-08,127.36,429.11,139.93,22.13,17.96,25.01,,745.06,425.72,101.8,99.85,28.05,4.71,51.38,58.25,69.1,30.33,5.37,130.29,352.67,19.24,19.38,111.23,84.89,22.65
2022-08-15,128.55,443.4,145.33,22.18,18.15,25.19,,773.93,442.07,101.99,99.91,28.91,4.74,52.83,59.15,71.74,31.26,5.37,,363.54,,,111.36,86.51,23.27
2022-08-16,,,,,,,,,,,,,,,,,,,132.4,,19.39,19.53,,,
2022-08-22,123.11,432.68,137.11,21.24,17.29,25.34,,730.17,425.88,101.21,99.82,27.85,4.65,51.03,56.95,69.03,30.02,5.38,125.93,350.08,19.06,19.21,111.51,80.99,22.11
2022-08-29,119.95,420.01,132.79,20.7,16.74,,,,,,,27.17,,49.71,55.7,,,,,341.5,,,111.57,79.6,21.2
2022-08-30,,,,,,24.78,,699.16,410.32,101.03,99.83,,4.62,,,66.38,28.8,5.39,123.36,,18.95,19.09,,,
2022-09-05,118.72,410.16,128.71,20.34,16.63,24.55,,685.44,404.1,100.65,99.76,26.46,4.56,48.29,55.71,65.33,28.25,5.39,121.46,,18.64,18.78,111.65,80.37,20.13
2022-09-06,,,,,,,,,,,,,,,,,,,,330.98,,,,,
2022-09-12,124.68,424.21,135.52,21.42,17.57,25.18,,721.74,423.37,101.2,99.68,27.7,4.61,50.58,58.84,68.44,29.61,5.4,127.56,348.2,18.91,19.05,111.78,88.74,20.55
2022-09-19,119.1,406.4,127.16,20.6,16.84,,,,,,,26.31,,48.03,57.58,,,,,330.53,,,111.89,88.26,19.58
2022-09-20,,,,,,24.24,,671.48,397.3,100.87,99.6,,4.55,,,64.18,27.72,5.4,120.6,,18.65,18.79,,,
2022-09-26,113.75,383.32,119.74,19.57,16.02,23.66,,637.7,376.65,100.53,99.55,24.56,4.47,44.63,54.21,60.61,26.3,5.4,116.38,308.5,18.34,18.48,111.88,84.08,18.75
2022-10-03,113.58,386.29,119.47,19.42,15.9,23.3,,636.32,379.16,99.71,99.49,24.8,4.43,45.34,52.99,60.96,26.5,5.4,116.2,311.49,18.13,18.26,111.74,81.14,18.37
2022-10-10,114.16,382.61,116.27,19.39,15.97,23.48,,619.29,372.52,100.03,99.5,24.46,4.44,44.95,52.93,59.84,26.03,5.39,116.81,,18.18,18.32,111.8,81.67,18.07
2022-10-11,,,,,,,,,,,,,,,,,,,,304.68,,,,,
2022-10-17,117.66,395.49,117.7,19.62,16.31,23.35,,626.94,379.35,99.59,99.52,24.83,4.41,45.84,54.37,60.9,26.47,5.4,120.38,311.82,18.12,18.25,111.68,84.85,17.26
2022-10-24,120.28,412.78,121.62,20.24,16.99,23.67,,647.75,391.71,99.67,99.56,25.46,4.4,47.3,55.59,62.83,27.01,5.4,123.07,319.69,18.13,18.27,111.72,88.58,18.03
2022-11-01,123.27,428.9,121.35,20.7,17.29,23.95,,646.39,399.47,99.99,99.58,26.02,4.49,48.63,56.4,64.01,27.68,5.4,126.13,326.74,18.47,18.61,111.81,89.83,18.42
2022-11-07,125.87,430.12,116.82,21.2,17.68,24.64,,622.28,392.86,100.52,99.64,25.89,4.5,49.17,58.04,62.87,27.51,5.41,128.79,325.0,18.56,18.7,111.91,93.92,18.67
2022-11-14,133.12,439.6,124.54,22.55,18.8,24.96,,663.46,408.57,101.2,99.69,27.12,4.59,51.25,59.78,65.34,28.91,5.41,136.21,340.56,18.92,19.06,112.09,94.25,20.46
2022-11-21,133.73,442.11,123.0,22.75,18.84,24.96,,655.29,408.03,101.5,99.8,27.01,4.59,51.42,60.38,65.24,28.81,5.42,136.85,338.97,18.9,19.04,112.18,96.12,20.4
2022-11-28,133.76,444.02,123.36,22.88,18.88,25.31,,657.25,409.52,101.99,99.87,27.3,4.65,52.02,60.73,65.46,29.18,5.42,136.88,342.6,19.11,19.25,112.3,96.9,20.24
2022-12-05,134.36,445.81,125.51,23.13,18.91,25.64,,668.69,413.33,102.62,99.96,27.59,4.67,52.48,61.21,65.96,29.62,5.43,137.48,346.3,19.2,19.34,112.41,96.36,20.58
2022-12-12,133.03,446.61,124.64,22.88,18.68,25.22,,664.12,412.56,102.63,99.97,27.46,4.66,52.56,60.69,65.81,29.48,5.44,136.14,344.7,19.12,19.26,112.65,95.67,20.66
2022-12-19,129.58,430.25,118.05,22.33,18.16,24.94,,628.95,394.83,102.8,100.0,26.47,4.64,50.58,59.59,62.99,28.39,5.45,132.6,332.23,19.03,19.17,112.79,95.49,19.53
2022-12-27,130.05,436.56,115.25,22.43,18.27,,,,,,,,,51.01,,,,,,334.21,,,112.95,99.43,18.51
2022-12-28,,,,,,25.42,,605.92,391.36,102.95,100.04,26.37,4.63,,60.84,62.41,28.15,5.45,132.43,,19.01,19.15,,,
2023-01-02,130.74,,,22.68,18.45,,,,,,,,,,,,,,,,,,113.07,100.78,18.63
2023-01-03,,435.13,115.68,,,25.61,,616.37,395.66,102.85,100.0,26.64,4.65,50.98,62.17,63.08,28.52,5.46,134.87,334.29,19.07,19.21,,,
2023-01-09,137.47,440.27,118.31,24.0,19.7,26.19,,630.39,402.83,102.93,100.01,27.29,4.69,52.68,64.41,64.2,29.15,5.47,140.68,342.36,19.27,19.41,113.31,107.16,19.82
2023-01-16,140.63,,,24.53,20.13,26.66,,654.92,413.97,103.33,100.11,28.03,4.74,53.98,65.46,65.94,29.95,5.48,143.92,,19.48,19.62,113.55,108.29,20.54
2023-01-17,,445.37,123.08,,,,,,,,,,,,,,,,,351.78,,,,,
2023-01-23,140.33,441.77,126.42,24.48,20.1,26.41,,673.66,416.16,103.58,100.16,28.23,4.74,54.12,65.63,66.27,30.2,5.49,143.62,354.19,19.5,19.64,113.82,108.85,21.23
2023-01-30,140.54,442.88,126.85,24.62,20.33,26.41,,675.94,416.02,103.81,100.22,28.28,4.76,54.44,66.85,66.24,30.25,5.5,143.84,354.78,19.52,19.67,114.07,112.5,21.25
2023-02-06,142.58,445.14,132.74,24.83,20.92,26.58,,707.33,425.75,104.42,100.29,28.64,4.81,55.28,66.76,67.74,30.75,5.51,145.93,359.16,19.73,19.88,114.3,114.37,22.38
2023-02-13,143.0,449.9,133.17,25.13,20.92,26.96,,709.63,428.66,104.27,100.3,28.82,4.8,55.58,67.88,68.2,30.84,5.52,146.36,361.38,19.68,19.82,114.47,117.0,22.57
2023-02-20,143.73,,,25.2,21.03,27.22,,701.7,422.86,104.22,100.33,28.55,4.79,55.35,68.33,67.24,30.54,5.52,147.11,,19.63,19.78,114.62,119.33,22.16
2023-02-21,,435.62,128.49,,,,,,,,,,,,,,,,,352.56,,,,,
2023-02-27,142.83,432.53,128.48,24.97,20.93,27.02,,684.74,412.91,103.98,100.38,27.93,4.76,54.21,68.7,65.6,29.86,5.53,146.19,350.26,19.55,19.7,114.76,119.78,22.3
2023-03-06,145.34,439.9,131.1,25.3,21.4,27.07,,698.74,419.92,104.0,100.4,28.38,4.76,54.94,69.49,66.71,30.28,5.54,148.77,355.92,19.56,19.71,114.94,122.83,22.58
2023-03-13,138.89,418.92,127.07,23.87,19.97,25.79,,677.23,399.93,103.07,100.49,27.16,4.72,51.89,63.26,63.53,28.97,5.54,142.18,340.51,19.43,19.57,115.02,107.57,21.99
2023-03-20,138.65,424.58,133.88,23.9,19.85,25.33,,713.6,410.16,101.66,100.44,27.53,4.65,51.95,60.78,65.14,29.61,5.52,141.92,345.14,19.21,19.35,114.33,101.84,23.25
2023-03-27,140.44,427.02,135.06,24.12,19.93,25.59,,719.92,412.93,102.52,100.57,27.78,4.69,52.12,61.06,65.57,29.9,5.53,143.77,348.37,19.41,19.55,114.5,100.86,23.3
2023-04-03,144.65,442.36,140.13,25.01,20.62,26.3,,746.92,428.26,103.33,100.64,28.85,4.73,54.31,63.35,67.92,30.94,5.53,148.07,361.72,19.58,19.72,114.72,106.15,23.84
2023-04-11,145.33,443.57,138.18,25.01,20.7,26.7,,736.58,426.81,103.41,100.69,28.8,4.73,54.04,64.71,67.68,30.88,5.54,148.78,361.02,19.59,19.73,114.9,108.13,23.24
2023-04-17,146.58,447.52,139.5,25.07,20.84,27.04,,743.56,431.29,103.91,100.72,29.12,4.75,54.59,65.07,68.39,31.21,5.55,150.05,364.99,19.64,19.78,115.06,110.69,22.97
2023-04-24,147.26,446.14,138.23,25.14,20.98,27.17,,736.82,429.84,104.04,100.8,29.12,4.74,54.48,66.17,68.14,31.16,5.56,150.75,365.06,19.6,19.75,115.24,112.85,22.38
2023-05-01,,,,,,,,,,,,29.21,,54.44,65.74,,,,,366.13,,,,,
2023-05-02,145.84,443.57,139.76,24.7,20.62,26.71,,744.97,428.08,103.9,100.91,,4.75,,,67.84,31.12,5.57,149.31,,19.64,19.79,115.42,106.27,22.37
2023-05-08,147.67,442.71,141.67,25.07,21.06,,,,,,,29.16,,54.23,65.72,,,,,365.53,,,115.55,108.69,22.67
2023-05-09,,,,,,26.71,,750.01,428.14,103.77,100.94,,4.75,,,67.84,31.28,5.58,,,,,,,
2023-05-10,,,,,,,,,,,,,,,,,,,150.65,,19.66,19.81,,,
2023-05-15,147.21,439.31,143.0,25.07,20.98,26.8,,762.26,430.13,103.78,100.98,29.11,4.76,54.14,65.83,68.14,31.43,5.58,150.7,364.83,19.69,19.84,115.71,108.59,23.05
2023-05-22,149.98,438.92,147.69,25.69,21.61,26.82,,787.3,436.2,103.85,101.04,29.4,4.77,54.65,66.83,69.09,31.87,5.59,153.55,368.45,19.76,19.91,115.96,111.23,24.62
2023-05-24,,,,,,,5.0,,,,,,,,,,,,,,,,,,
2023-05-29,147.46,,,25.41,21.45,,,,,,,29.25,,54.37,65.82,,,,,,,,116.12,109.2,27.61
2023-05-30,,435.69,153.06,,,25.97,5.0,816.01,437.61,103.98,101.11,,4.77,,,69.3,31.71,5.6,150.57,365.97,19.74,19.89,,,
2023-06-05,147.56,442.91,155.24,25.58,21.65,26.26,5.0,827.61,444.89,104.06,101.13,29.67,4.79,55.05,66.22,70.44,32.2,5.61,151.09,371.84,19.82,19.97,116.35,109.7,27.3
2023-06-12,148.79,449.57,157.66,25.78,21.84,26.19,5.01,840.54,451.74,104.36,101.21,30.05,4.81,56.13,66.35,71.5,32.55,5.62,152.34,376.53,19.94,20.08,116.48,110.93,28.18
2023-06-19,149.74,,,25.92,22.04,26.25,5.01,,,104.61,101.25,30.57,4.82,57.32,66.82,72.63,33.2,,153.33,,19.97,20.12,,113.16,28.45
2023-06-20,,449.52,160.71,,,,,856.82,457.1,,,,,,,,,5.63,,381.01,,,116.67,,
2023-06-26,146.14,445.01,156.65,25.33,21.65,25.79,5.01,835.21,450.93,104.44,101.31,29.95,4.79,56.48,65.18,71.34,32.37,5.63,149.64,375.27,19.85,20.0,116.76,110.3,27.31
2023-07-03,148.6,454.24,162.2,26.0,22.36,26.05,5.02,864.8,464.21,104.66,101.37,30.76,4.8,58.35,67.46,73.38,33.28,5.64,152.16,385.34,19.88,20.02,116.93,116.97,28.45
2023-07-10,144.82,448.12,160.47,25.14,21.68,25.17,5.02,855.57,459.54,104.97,101.46,30.34,4.78,57.81,65.38,72.65,32.83,5.64,148.3,380.08,19.8,19.95,117.05,113.84,27.8
2023-07-17,148.47,456.52,167.58,25.83,22.35,25.65,5.02,893.47,471.41,105.25,101.55,31.29,4.81,59.24,67.32,74.45,33.97,5.65,152.04,391.9,19.92,20.06,117.19,118.19,28.87
2023-07-24,149.6,467.51,164.74,25.93,22.32,26.59,5.03,878.33,474.78,105.4,101.65,31.45,4.82,59.41,69.15,74.98,33.99,5.66,153.2,393.92,19.97,20.12,117.36,120.61,28.07
2023-08-01,151.96,469.42,168.03,26.42,22.72,26.68,5.03,895.93,478.44,105.67,101.73,31.74,4.84,59.76,69.94,75.54,34.26,5.67,155.62,397.44,20.04,20.19,117.59,122.5,29.36
2023-08-07,147.37,468.25,164.31,25.68,22.1,26.21,5.04,876.08,471.16,105.8,101.8,31.12,4.84,58.8,68.88,74.37,33.66,5.67,150.92,389.64,20.04,20.19,117.59,121.72,28.52
2023-08-14,146.93,466.26,162.19,25.61,22.13,26.16,5.04,864.83,468.33,105.78,101.87,30.86,4.84,57.91,68.81,73.92,33.37,5.68,150.48,386.33,20.08,20.22,117.74,120.52,27.72
2023-08-21,144.15,455.45,159.36,25.23,21.8,25.31,5.04,849.78,459.17,105.65,101.93,30.19,4.82,56.73,66.51,72.46,32.73,5.69,147.63,377.86,20.01,20.16,117.87,118.7,28.01
2023-08-28,145.89,456.75,160.59,25.7,22.13,,,,,,,30.45,,57.11,67.43,73.04,33.07,,149.42,381.19,20.07,20.22,118.0,120.67,28.23
2023-08-29,,,,,,26.06,5.05,874.78,469.51,105.64,102.04,,4.84,,,,,5.7,,,,,,,
2023-09-04,146.19,,,25.75,22.15,26.05,5.05,,,105.78,102.09,31.04,4.85,58.13,67.86,74.43,33.74,,149.72,,20.16,20.31,,119.44,29.21
2023-09-05,,458.24,165.48,,,,,882.47,469.62,,,,,,,,,5.7,,386.26,,,118.05,,
2023-09-11,145.96,458.66,164.98,25.6,22.02,26.21,5.06,879.83,468.73,106.0,102.18,30.83,4.86,57.58,67.51,73.96,33.56,5.71,149.49,385.8,20.21,20.36,118.18,117.11,28.04
2023-09-18,145.28,458.18,162.46,25.46,21.91,26.75,5.06,866.43,465.34,106.33,102.24,30.7,4.88,57.42,68.5,73.41,33.22,5.72,148.79,384.16,20.28,20.43,118.29,117.22,27.78
2023-09-25,142.3,449.96,157.6,25.24,21.68,26.65,5.06,840.52,453.25,106.36,102.32,29.91,4.87,56.29,68.49,71.44,32.22,5.72,145.74,374.27,20.23,20.38,118.43,118.55,27.16
2023-10-02,140.83,442.33,158.33,24.97,21.54,26.28,5.07,844.44,448.22,106.35,102.39,29.51,4.86,55.72,67.81,70.6,31.97,5.73,144.25,369.19,20.19,20.34,118.52,119.06,27.99
2023-10-09,139.73,444.72,160.59,24.83,21.44,26.22,5.07,856.51,453.31,105.87,102.47,29.72,4.82,55.74,67.76,71.39,32.29,,143.12,371.85,20.02,20.17,118.6,117.88,28.05
2023-10-10,,,,,,,,,,,,,,,,,,5.74,,,,,,,
2023-10-16,140.74,449.69,161.93,25.09,21.63,26.71,5.07,863.6,457.37,106.1,102.55,30.0,4.84,56.28,68.79,72.01,32.62,5.74,144.16,375.34,20.11,20.25,118.76,119.63,28.56
2023-10-23,136.69,435.93,155.85,24.23,21.02,25.82,5.08,831.24,441.04,106.03,102.63,28.98,4.81,54.35,66.02,69.44,31.33,5.75,140.02,362.54,19.95,20.1,118.88,115.82,26.91
2023-10-30,135.91,435.78,152.99,24.08,21.09,25.66,5.08,815.95,435.83,106.36,102.72,28.68,4.84,53.88,65.34,68.61,30.89,5.75,139.22,358.78,20.06,20.21,,116.33,26.14
2023-11-01,,,,,,,,,,,,,,,,,,,,,,,119.06,,
2023-11-06,139.78,451.18,161.73,24.95,21.75,25.97,5.09,862.62,456.74,106.78,102.81,30.06,4.89,56.55,67.05,71.86,32.55,5.76,143.18,376.0,20.3,20.45,,120.03,28.02
2023-11-07,,,,,,,,,,,,,,,,,,,,,,,119.16,,
2023-11-13,141.71,454.59,165.26,25.45,22.26,26.04,5.09,881.49,461.69,107.02,102.88,30.23,4.9,57.11,67.92,72.63,32.82,5.77,145.16,378.09,20.32,20.47,119.3,121.96,29.28
2023-11-20,146.84,465.75,171.11,26.32,22.96,26.33,5.1,912.77,476.2,107.29,102.97,31.29,4.94,59.04,69.74,74.86,34.11,5.77,150.42,391.38,20.45,20.6,119.47,125.43,30.19
2023-11-27,147.44,468.11,170.42,26.45,23.09,26.24,5.1,909.06,476.56,107.41,103.06,31.33,4.96,59.06,69.97,74.91,34.16,5.78,151.03,391.9,20.54,20.7,119.63,124.87,29.55
2023-12-04,151.49,480.23,169.15,26.93,23.62,26.43,5.1,902.35,478.81,107.82,103.16,31.53,5.02,59.61,71.74,75.24,34.3,5.78,155.18,394.43,20.73,20.89,119.77,128.37,29.33
2023-12-11,155.08,482.96,173.22,27.53,24.22,26.54,5.11,924.1,484.43,107.9,103.25,31.85,5.04,60.71,73.35,76.13,,5.79,158.86,398.38,20.83,20.98,119.91,130.2,30.62
2023-12-12,,,,,,,,,,,,,,,,,34.81,,,,,,,,
2023-12-18,153.75,494.89,178.64,27.54,24.01,26.79,5.11,953.06,496.95,108.34,103.34,32.63,5.11,62.18,72.89,78.08,35.53,5.8,157.5,408.25,21.1,21.26,120.11,128.68,31.92
2023-12-25,,,,,,,,,,,,,,62.72,,,,,,,,,,,
2023-12-26,,,,,,,,,,,,,,,,,,,,,,,,129.39,31.96
2023-12-27,154.58,499.48,180.51,27.71,23.94,27.19,5.12,963.17,501.36,108.47,103.47,33.1,5.13,,73.78,78.76,36.11,5.81,158.36,414.13,21.18,21.34,120.36,,
2024-01-02,154.83,500.21,176.65,27.57,23.83,27.18,5.12,942.58,497.37,108.56,103.54,32.8,5.14,62.77,74.0,78.12,35.77,5.82,158.62,410.27,21.21,21.37,,131.34,31.36
2024-01-03,,,,,,,,,,,,,,,,,,,,,,,120.46,,
2024-01-08,154.34,499.88,177.79,27.42,23.79,27.09,5.13,948.7,499.62,108.26,103.58,32.9,5.11,63.2,74.5,78.47,35.93,5.82,158.12,411.35,21.09,21.25,120.62,133.89,31.75
2024-01-15,153.47,,,27.32,23.65,26.74,5.13,,,108.68,103.67,33.02,5.13,63.6,72.89,78.83,36.19,,157.22,,21.25,21.41,120.81,129.56,32.25
2024-01-16,,495.6,179.71,,,,,958.97,499.99,,,,,,,,,5.83,,410.42,,,,,
2024-01-22,154.02,504.19,185.04,27.63,24.11,26.37,5.13,987.39,508.91,108.96,103.75,33.28,5.13,64.6,73.25,79.94,36.59,5.84,157.8,416.06,21.23,21.39,120.96,129.88,35.04
2024-01-29,156.4,508.53,187.87,28.46,24.82,26.88,5.14,1002.49,517.09,109.36,103.87,33.77,5.15,65.46,73.95,81.23,37.14,5.85,160.24,422.24,21.32,21.47,121.1,129.86,35.99
2024-02-05,156.05,509.1,188.06,28.48,24.88,26.81,5.14,1003.52,518.74,109.38,103.93,33.74,5.13,66.05,73.57,81.48,37.07,5.86,159.88,421.89,21.26,21.42,121.31,129.74,37.33
2024-02-12,157.21,514.74,190.96,28.98,25.34,26.68,5.15,1019.05,527.15,109.49,104.01,34.24,5.14,67.03,73.77,82.8,37.71,5.87,161.07,428.14,21.3,21.46,121.51,129.78,38.5
2024-02-19,157.71,,,29.03,25.32,27.27,5.15,,,109.84,104.08,34.32,5.15,67.26,74.68,82.57,37.74,,161.58,,21.34,21.49,121.72,130.78,38.76
2024-02-20,,512.05,187.4,,,,,1000.08,522.6,,,,,,,,,5.88,,427.43,,,,,
2024-02-26,160.75,518.71,191.55,29.63,25.88,27.17,5.15,1022.23,532.54,110.23,104.17,34.74,5.16,68.8,75.56,83.63,38.21,5.88,164.7,434.23,21.4,21.56,121.92,133.66,40.3
2024-03-04,163.44,518.01,194.72,29.99,26.2,27.03,5.16,1039.26,539.18,110.2,104.25,35.14,5.16,70.2,76.46,84.67,38.73,5.89,167.47,439.13,21.39,21.54,122.1,135.95,42.95
2024-03-11,163.72,515.36,191.79,30.07,26.2,27.24,5.16,1023.64,537.95,110.47,104.34,35.21,5.18,70.35,77.98,84.46,38.74,5.9,167.75,439.95,21.46,21.62,122.23,139.23,42.42
2024-03-18,165.43,515.7,192.14,30.36,26.57,27.45,5.17,1025.58,541.42,110.89,104.43,35.37,5.18,70.72,79.38,84.99,38.96,5.91,169.51,441.89,21.47,21.63,122.38,144.54,42.2
2024-03-25,168.45,522.59,195.29,30.91,27.11,28.16,5.17,1042.34,548.74,110.89,104.5,35.79,5.17,72.29,81.14,86.14,39.49,5.91,172.61,447.18,21.38,21.53,122.56,149.02,44.13
2024-04-01,,,,,,,,,,,,,,,,,,,,,,,,,44.03
2024-04-02,168.65,520.59,193.64,30.82,27.12,28.24,5.18,1033.55,547.52,111.2,104.6,35.64,5.17,71.83,81.63,85.94,39.23,5.92,172.82,445.29,21.35,21.51,122.68,153.08,
2024-04-08,168.97,517.0,193.41,30.96,27.3,28.28,5.18,1032.38,547.25,111.45,104.68,35.7,5.19,71.85,82.04,85.89,39.17,5.93,173.15,446.03,21.37,21.53,122.83,156.09,42.71
2024-04-15,166.28,501.61,189.2,30.69,26.84,28.4,5.18,1009.9,532.6,111.29,104.74,34.77,5.18,69.53,80.72,83.56,38.04,5.94,170.39,434.26,21.36,21.52,122.92,152.0,42.9
2024-04-22,164.7,508.4,183.89,30.16,26.6,28.63,5.19,981.56,527.25,111.39,104.82,34.4,5.18,68.77,81.05,82.7,37.45,5.94,168.78,429.72,21.36,21.52,123.06,156.67,39.5
2024-04-29,166.95,510.29,190.0,30.88,27.17,29.08,5.19,1014.16,538.4,111.58,104.9,35.1,5.18,70.09,81.64,84.47,38.46,5.95,171.09,438.4,21.38,21.54,123.24,160.3,42.42
2024-05-06,167.42,516.45,193.32,30.73,27.17,,,,,,,35.58,,70.77,82.49,85.52,39.03,,171.57,444.33,21.41,21.57,123.37,159.82,42.94
2024-05-07,,,,,,29.69,5.19,1031.83,546.01,111.75,104.98,,5.2,,,,,5.96,,,,,,,
2024-05-13,172.44,524.22,194.47,31.66,28.04,30.08,5.2,1038.09,549.73,111.9,105.04,35.92,5.2,71.29,84.98,86.22,39.26,5.96,176.72,448.62,21.48,21.64,123.53,163.67,42.96
2024-05-20,172.51,529.61,199.6,31.78,28.35,30.19,5.2,1065.52,559.16,112.02,105.12,36.54,5.22,72.22,86.33,87.68,40.06,5.97,176.8,456.26,21.54,21.7,123.66,167.59,44.81
2024-05-27,172.56,,,31.92,28.43,,,,,,,36.46,,72.6,86.22,87.63,40.15,,176.85,,21.54,21.7,123.82,166.44,47.29
2024-05-28,,516.91,201.68,,,29.58,5.21,1076.64,558.99,112.19,105.21,36.43,5.23,,,87.65,,5.98,175.93,454.74,21.56,21.72,,,
2024-05-29,,,,,,,5.21,1069.07,,,105.22,36.07,,,,87.01,,,174.01,,21.54,21.7,,,
2024-05-30,,,,31.46,28.01,,5.21,1057.82,,112.27,105.26,35.97,5.23,71.84,85.93,86.51,39.58,5.98,174.19,,21.54,21.7,123.86,167.18,47.29
2024-06-01,,,,31.39,27.87,,5.21,1057.76,,112.28,105.27,36.24,5.23,72.53,86.26,87.2,39.87,5.99,174.2,,21.54,21.7,123.92,167.31,46.69
2024-06-03,170.99,513.59,198.82,31.57,28.02,29.62,5.21,1061.41,556.75,112.28,105.29,36.33,5.23,72.85,86.58,87.3,40.04,5.99,175.24,453.45,21.56,21.72,123.97,167.65,47.54
2024-06-04,,,,31.26,27.74,,5.21,1064.55,,112.27,105.29,36.34,5.24,72.49,85.35,87.43,40.12,5.99,173.33,,21.58,21.74,123.97,163.4,47.48
2024-06-05,,,,31.87,28.2,,5.21,1086.24,,112.23,105.31,36.65,5.24,72.96,85.55,88.47,40.54,5.99,174.93,,21.59,21.75,124.0,163.02,49.49
2024-06-06,,,,32.11,28.48,,5.21,1085.47,,112.28,105.34,36.72,5.24,73.06,86.4,88.45,40.61,5.99,175.66,,21.61,21.77,124.02,165.71,49.47
2024-06-07,,,,32.02,28.4,,5.21,1084.44,,112.3,105.34,36.61,5.24,72.81,86.31,88.36,40.48,5.99,174.76,,21.61,21.78,124.06,165.84,49.67
2024-06-10,169.94,517.57,203.92,31.89,28.21,29.54,5.21,1088.67,565.07,112.27,105.35,36.65,5.24,73.12,85.71,88.6,40.53,5.99,174.17,457.33,21.6,21.76,124.09,163.42,50.44
2024-06-11,,,,31.49,27.85,,5.21,1096.41,,112.2,105.37,36.62,5.23,72.75,84.37,88.84,40.4,5.99,172.99,,21.59,21.75,124.11,159.09,50.46
2024-06-12,,,,32.02,28.38,,5.22,1110.95,,112.22,105.39,37.0,5.24,73.5,85.34,89.59,40.91,6.0,175.44,,21.61,21.77,124.13,160.59,51.33
2024-06-13,,,,31.32,27.77,,5.22,1117.33,,112.2,105.42,36.88,5.24,73.06,83.58,89.8,40.84,6.0,172.0,,21.61,21.77,124.15,155.85,52.95
2024-06-14,,,,30.71,27.24,,5.22,1122.21,,111.73,105.43,36.76,5.22,72.57,82.75,89.79,40.8,6.0,169.52,,21.56,21.72,124.16,152.46,53.64
2024-06-17,166.01,516.51,212.79,30.93,27.48,29.24,5.22,1136.04,577.11,111.67,105.44,36.93,5.21,72.98,83.37,90.48,40.92,6.0,170.14,460.82,21.55,21.71,124.13,154.34,53.93
2024-06-18,,,,31.25,27.71,,5.22,1136.4,,111.77,105.45,37.08,5.22,73.56,84.14,90.71,41.14,6.0,170.74,,21.57,21.73,124.19,156.13,54.79
2024-06-19,,,,31.05,27.6,,5.22,,,111.8,105.47,37.09,5.23,73.64,84.28,90.71,41.15,,170.14,,21.59,21.75,124.2,155.97,54.93
2024-06-20,,,,31.48,27.97,,5.22,1127.45,,111.85,105.48,37.05,5.23,73.47,85.09,90.48,41.09,6.0,171.89,,21.6,21.76,124.23,157.66,53.97
2024-06-21,,,,31.14,27.7,,5.22,1124.48,,111.85,105.52,36.93,5.23,73.25,84.13,90.34,41.03,6.0,171.04,,21.61,21.77,124.27,155.01,53.02
2024-06-24,168.37,524.89,208.22,31.34,27.98,29.75,5.22,1111.7,574.51,111.88,105.52,36.94,5.23,73.27,85.17,90.06,40.87,6.01,172.56,460.97,21.62,21.78,124.32,158.33,50.82
2024-06-25,,,,31.34,27.91,,5.22,1124.62,,111.91,105.53,37.07,5.23,73.49,84.57,90.42,41.18,6.01,171.17,,21.62,21.78,124.35,157.14,52.06
2024-06-26,,,,31.25,27.8,,5.22,1127.46,,111.97,105.54,37.06,5.24,73.3,84.15,90.56,41.15,6.01,170.96,,21.62,21.78,124.37,156.39,52.27
2024-06-27,,,,31.26,27.74,,5.22,1129.61,,112.03,105.58,37.08,5.23,73.13,83.96,90.64,41.11,6.01,171.48,,21.62,21.78,124.4,155.92,51.7
2024-06-28,,,,31.24,27.71,,5.22,1123.6,,112.08,105.58,36.98,5.23,73.21,83.85,90.28,40.98,6.01,171.71,,21.62,21.78,124.44,155.99,51.96
2024-07-01,168.04,521.61,211.83,31.45,27.97,29.36,5.23,1130.95,577.45,112.42,105.61,37.07,5.24,73.21,84.89,90.52,41.06,6.01,172.23,462.52,21.64,21.8,124.47,160.4,52.0
2024-07-02,,,,31.34,27.78,,5.23,1142.34,,112.48,105.6,37.26,5.24,73.31,84.11,91.08,41.24,6.01,171.04,,21.64,21.8,124.49,158.51,52.0
2024-07-03,,,,31.73,28.15,,5.23,1152.39,,112.66,105.63,37.52,5.25,73.8,84.8,91.54,41.61,6.01,173.02,,21.65,21.81,124.53,161.16,53.14
2024-07-04,,,,31.88,28.28,,5.23,,,112.76,105.66,37.6,,74.03,85.59,91.54,41.68,,173.74,,21.66,21.83,124.55,163.29,53.34
2024-07-05,,,,31.85,28.24,,5.23,1164.19,,112.8,105.69,37.72,5.26,74.02,85.05,92.04,41.82,6.02,173.97,,21.68,21.84,124.6,162.26,53.02
2024-07-08,169.71,524.07,218.55,31.84,28.24,29.46,5.23,1166.89,589.01,112.86,105.69,37.74,5.26,74.23,85.19,92.13,41.89,6.02,173.94,470.79,21.7,21.86,124.62,162.15,53.96
2024-07-09,167.54,523.38,218.69,31.43,27.89,29.27,5.23,1167.65,588.6,112.88,105.7,37.7,5.27,74.14,84.46,92.2,41.92,6.02,171.72,470.34,21.71,21.87,124.64,160.37,54.46
2024-07-10,169.11,529.13,221.07,31.81,28.19,29.46,5.23,1180.35,593.72,112.84,105.71,38.07,5.27,74.79,85.27,93.14,42.36,6.02,173.33,474.87,21.71,21.87,124.61,162.19,55.38
2024-07-11,170.28,529.56,216.11,31.92,28.29,29.57,5.23,1153.85,590.52,112.85,105.76,37.99,5.27,74.84,85.72,92.33,42.17,6.03,174.52,473.91,21.73,21.89,124.63,162.23,53.76
2024-07-12,172.24,532.84,217.39,32.32,28.67,29.67,5.23,1160.7,593.26,112.85,105.76,38.21,5.28,75.25,86.17,92.83,42.49,6.03,176.54,476.73,21.74,21.9,124.65,163.28,53.67
2024-07-15,170.79,535.62,217.98,31.98,28.42,29.42,5.23,1163.83,586.48,112.84,105.77,38.24,5.28,75.28,85.72,93.09,42.48,6.03,175.05,477.02,21.75,21.91,,162.63,53.52
2024-07-16,170.12,545.51,218.1,31.79,28.25,29.36,5.23,1164.5,591.07,112.76,105.79,38.38,5.28,75.87,85.57,93.67,42.54,6.03,174.37,478.75,21.76,21.92,124.75,162.89,53.52
2024-07-17,169.38,548.74,211.69,31.17,27.82,29.44,5.24,1130.26,585.78,112.75,105.8,38.01,5.28,75.01,85.87,92.4,42.04,6.03,173.61,474.16,21.76,21.92,124.78,163.95,49.95
2024-07-18,168.62,541.64,210.68,30.95,27.7,29.5,5.24,1124.89,580.0,112.83,105.85,37.72,5.28,74.68,86.09,91.69,41.71,6.03,172.83,470.49,21.76,21.92,124.8,165.08,50.04
2024-07-19,166.94,536.66,208.73,30.72,27.5,29.32,5.24,1114.46,576.9,112.85,105.85,37.44,5.28,74.02,85.33,91.05,41.34,6.03,171.11,467.05,21.77,21.93,124.84,164.02,48.82
2024-07-22,169.1,538.43,211.93,31.14,27.94,29.48,5.24,1131.56,581.59,112.9,105.85,37.77,5.28,74.83,86.37,92.01,41.89,6.03,173.32,471.12,21.78,21.94,124.88,167.31,50.05
2024-07-23,170.48,537.66,211.2,31.37,28.21,29.36,5.24,1127.65,586.25,112.94,105.88,37.73,5.29,74.57,86.59,91.87,41.81,6.03,174.74,470.62,21.79,21.95,124.9,168.35,50.23
2024-07-24,168.92,530.94,203.48,31.08,27.9,29.32,5.24,1086.43,572.69,112.96,105.89,37.05,5.29,73.36,86.16,89.79,40.85,6.04,173.13,462.11,21.8,21.96,124.91,167.67,47.91
2024-07-25,168.1,532.01,201.32,30.7,27.57,29.44,5.24,1074.9,569.75,112.94,105.93,36.79,5.29,72.71,85.64,89.33,40.45,6.04,172.3,458.81,21.79,21.95,124.96,166.03,46.89
2024-07-26,169.19,540.71,203.39,30.9,27.86,29.8,5.24,1085.96,576.1,112.96,105.94,37.14,5.29,73.7,86.11,90.31,40.83,6.04,173.42,463.19,21.79,21.95,125.04,165.91,47.02
2024-07-29,168.31,540.03,203.77,30.63,27.66,29.82,5.24,1087.98,576.57,112.95,105.95,37.17,5.29,73.72,86.05,90.38,40.94,6.04,172.5,463.51,21.8,21.96,125.09,164.98,47.03
2024-07-30,169.14,542.73,200.96,30.73,27.86,29.76,5.24,1072.96,573.71,112.97,105.97,37.04,5.3,73.37,86.89,89.94,40.67,6.04,173.36,461.93,21.82,21.98,125.12,166.96,45.34
2024-08-01,166.12,537.45,201.97,30.33,27.3,29.81,5.25,1078.39,574.85,112.96,106.03,37.08,5.31,73.04,84.55,90.1,40.77,6.05,170.26,462.46,21.85,22.01,125.16,158.1,46.26
2024-08-02,162.25,529.32,197.16,29.28,26.36,29.42,5.25,1052.71,564.28,112.65,106.04,36.35,5.3,71.21,81.33,88.45,39.96,6.04,166.29,453.34,21.8,21.97,125.19,151.33,43.53
2024-08-05,159.28,515.53,191.33,28.81,25.97,28.82,5.25,1021.53,547.39,112.17,106.01,35.23,5.27,68.91,79.48,85.78,38.66,6.04,163.26,439.4,21.68,21.84,125.13,148.35,41.4
2024-08-06,159.42,519.44,193.28,28.94,26.01,28.89,5.25,1031.97,553.06,112.38,106.02,35.63,5.28,69.87,79.34,86.66,39.17,6.04,163.4,444.4,21.71,21.87,125.11,147.3,42.89
2024-08-07,161.82,516.33,191.03,29.53,26.6,29.39,5.25,1019.97,548.8,112.62,106.03,35.54,5.3,69.55,81.26,85.99,38.88,6.04,165.86,443.31,21.77,21.93,125.15,151.42,42.04
2024-08-08,162.42,525.41,196.88,29.52,26.59,29.38,5.25,1051.17,561.45,112.64,106.07,36.13,5.3,70.76,81.27,87.98,39.61,6.05,166.47,450.62,21.79,21.95,125.16,151.05,43.85
2024-08-09,162.81,526.22,197.94,29.58,26.7,29.46,5.25,1056.88,564.13,112.64,106.07,36.35,5.31,71.28,81.81,88.4,39.87,6.05,166.87,453.28,21.8,21.97,125.23,151.93,44.04
2024-08-12,162.84,524.34,198.27,29.58,26.71,29.62,5.25,1058.62,564.21,112.66,106.1,36.33,5.31,71.13,82.06,88.41,39.85,6.05,166.9,453.12,21.83,21.99,125.24,152.21,44.68
2024-08-13,163.62,529.77,203.23,29.77,26.84,29.71,5.25,1085.12,573.72,112.62,106.11,36.92,5.31,72.39,82.47,89.9,40.64,6.05,167.71,460.43,21.85,22.01,125.28,152.59,46.37
2024-08-14,164.3,533.0,203.4,29.94,27.01,29.87,5.25,1086.03,575.93,112.64,106.13,37.13,5.32,72.87,83.13,90.24,40.85,6.05,168.4,463.14,21.86,22.03,125.29,153.26,46.46
2024-08-15,167.03,540.42,208.43,30.44,27.48,30.21,5.25,1112.9,585.37,112.79,106.14,37.63,5.32,74.04,84.54,91.71,41.41,6.05,171.2,469.28,21.88,22.04,125.33,155.96,48.28
2024-08-16,168.31,541.92,208.65,30.61,27.7,30.08,5.25,1114.12,586.6,112.89,106.17,37.8,5.33,74.53,85.26,91.9,41.64,6.05,172.51,471.43,21.91,22.07,125.41,157.63,48.73
2024-08-19,169.22,545.15,211.4,30.79,27.87,30.24,5.25,1128.83,592.35,112.92,106.18,38.17,5.33,75.27,85.88,92.78,42.16,6.06,173.45,475.94,21.93,22.09,125.46,159.08,49.45
2024-08-20,168.63,544.32,210.9,30.71,27.79,29.94,5.26,1126.16,591.19,112.93,106.2,38.14,5.33,75.17,85.38,92.6,42.19,6.06,172.84,475.61,21.94,22.1,125.47,157.51,48.8
2024-08-21,169.47,545.05,212.02,30.88,27.95,29.97,5.26,1132.14,593.72,112.95,106.21,38.3,5.34,75.69,85.56,92.99,42.37,6.06,173.7,477.59,21.95,22.11,125.5,158.11,48.99
2024-08-22,169.88,542.68,208.47,30.84,28.01,30.0,5.26,1113.16,588.42,113.02,106.25,38.06,5.34,75.19,86.1,92.17,42.0,6.06,174.12,474.58,21.96,22.12,125.51,158.85,47.74
2024-08-23,171.16,548.83,210.91,30.98,28.13,30.15,5.26,1126.22,595.19,113.04,106.27,38.5,5.35,76.3,86.85,93.2,42.58,6.06,175.43,480.09,21.96,22.13,125.58,160.49,48.52
2024-08-26,171.01,549.72,208.73,30.87,28.0,,,,,,,38.42,,76.02,86.83,92.92,42.42,,175.28,479.07,21.98,22.14,125.57,160.16,47.52
2024-08-27,171.6,549.92,209.42,30.93,28.12,30.21,5.26,1118.24,594.3,113.1,106.29,38.49,5.35,76.21,87.26,93.07,42.5,6.07,175.89,479.81,21.99,22.15,125.6,161.5,47.85
2024-08-28,172.53,547.79,206.95,31.02,28.18,30.2,5.26,1105.05,590.75,113.08,106.3,38.32,5.35,76.0,87.59,92.53,42.27,6.07,176.84,477.71,22.01,22.17,125.64,161.64,47.46
2024-08-29,173.72,551.17,206.68,31.33,28.5,30.36,5.26,1103.6,590.75,113.14,106.33,38.33,5.36,75.88,87.79,92.52,42.09,6.07,178.06,477.87,22.03,22.2,125.66,162.36,46.65
2024-08-30,173.67,554.43,209.35,31.29,28.5,30.35,5.26,1117.9,596.78,113.15,106.35,38.64,5.36,76.53,88.1,93.44,42.49,6.07,178.01,481.72,22.04,22.21,125.73,163.68,47.45
2024-09-02,173.89,,,31.44,28.56,30.3,5.26,,,113.18,106.35,38.62,5.36,76.51,88.07,93.44,42.46,,178.23,,22.06,22.22,125.74,163.67,47.44
2024-09-03,172.2,546.18,202.77,30.94,28.22,30.06,5.26,1082.73,584.21,113.18,106.36,37.95,5.36,75.31,87.04,91.47,41.65,6.07,176.5,473.12,22.06,22.22,125.74,160.6,44.48
2024-09-04,170.77,546.68,202.38,30.52,27.84,29.96,5.26,1080.64,583.29,113.13,106.39,37.79,5.35,74.87,86.6,91.33,41.46,6.07,175.04,471.13,22.02,22.19,125.77,159.78,43.47
2024-09-05,170.63,543.75,202.48,30.4,27.75,29.87,5.27,1081.2,581.55,113.19,106.42,37.66,5.36,74.4,87.04,91.05,41.33,6.08,174.9,469.49,22.03,22.19,125.79,161.58,43.47
2024-09-06,168.11,538.26,197.06,29.87,27.32,29.65,5.27,1052.26,571.57,113.21,106.44,37.14,5.36,73.55,85.84,89.49,40.73,6.08,172.31,463.08,22.04,22.2,125.83,158.66,41.78
2024-09-09,169.41,544.7,199.62,30.12,27.55,29.98,5.27,1065.96,578.24,113.22,106.46,37.44,5.36,74.1,86.91,90.53,41.1,6.08,173.64,466.76,22.05,22.21,125.87,160.54,42.62
2024-09-10,167.77,543.52,201.42,30.01,27.34,29.74,5.27,1075.57,580.84,113.19,106.46,37.49,5.36,74.04,86.09,90.94,41.27,6.08,171.97,467.51,22.05,22.21,125.89,158.14,43.26
2024-09-11,168.36,545.18,205.78,30.18,27.58,29.7,5.27,1098.87,587.04,113.02,106.48,37.78,5.36,74.63,86.14,91.92,41.74,6.08,172.58,471.0,22.02,22.19,125.91,158.57,45.33
2024-09-12,170.09,548.31,207.77,30.56,28.0,29.87,5.27,1109.5,591.44,113.1,106.49,38.13,5.36,75.39,87.08,92.6,42.2,6.08,174.35,475.33,22.04,22.2,125.92,161.18,46.01
2024-09-13,171.75,552.29,208.77,30.81,28.22,29.99,5.27,1114.83,594.72,113.16,106.51,38.38,5.37,76.03,87.81,93.11,42.48,6.08,176.05,478.49,22.06,22.22,126.0,162.41,46.32
2024-09-16,171.14,555.48,207.79,30.71,28.15,30.01,5.27,1109.62,595.57,113.22,106.54,38.45,5.37,76.36,87.9,93.24,42.57,6.08,175.42,479.3,22.08,22.24,126.01,162.5,45.64
2024-09-17,171.99,555.26,207.89,30.93,28.34,30.12,5.27,1110.16,595.74,113.28,106.55,38.44,5.38,76.28,88.46,93.26,42.53,6.09,176.3,479.28,22.1,22.26,126.05,164.37,45.49
2024-09-18,171.86,553.9,206.95,30.77,28.26,29.92,5.27,1105.13,594.02,113.34,106.56,38.33,5.38,76.04,88.21,92.99,42.31,6.09,176.16,477.86,22.11,22.27,126.06,164.51,44.94
2024-09-19,174.53,560.86,212.27,31.42,28.88,30.19,5.28,1133.57,604.13,113.56,106.61,38.97,5.39,77.31,89.44,94.56,43.04,6.09,178.9,485.75,22.14,22.31,126.08,166.91,46.49
2024-09-20,171.94,561.36,211.75,31.0,28.54,29.83,5.28,1130.8,602.96,113.59,106.61,38.83,5.39,76.93,89.02,94.37,42.81,6.09,176.24,484.07,22.15,22.31,126.14,166.74,46.1
2024-09-23,173.1,562.15,212.4,31.11,28.56,29.94,5.28,1134.24,604.66,113.58,106.64,38.95,5.39,77.14,88.96,94.64,42.9,6.09,177.43,485.59,22.16,22.32,126.14,163.69,46.34
2024-09-24,174.47,563.26,213.39,31.35,28.75,30.02,5.28,1139.52,606.18,113.58,106.67,39.1,5.4,77.47,89.41,94.87,43.11,6.09,178.84,487.43,22.18,22.34,126.18,164.7,47.13
2024-09-25,173.76,559.33,213.68,31.25,28.66,29.97,5.28,1141.1,605.05,113.57,106.67,39.03,5.39,77.36,88.87,94.7,43.1,6.09,178.11,486.61,22.18,22.35,126.21,164.1,47.7
2024-09-26,176.69,562.8,215.21,31.8,29.18,30.05,5.28,1149.25,607.53,113.64,106.72,39.29,5.4,78.11,90.32,95.08,43.41,6.1,181.12,489.88,22.19,22.36,126.24,168.49,48.79
2024-09-27,178.85,564.63,214.07,31.94,29.32,30.18,5.28,1143.15,606.78,113.65,106.72,39.38,5.4,78.24,90.53,94.96,43.44,6.1,183.33,490.94,22.2,22.36,126.29,168.32,48.15
2024-09-30,177.48,564.83,214.63,31.51,28.93,29.87,5.28,1146.13,609.39,113.68,106.74,39.34,5.4,77.93,89.59,95.36,43.36,6.1,181.93,490.45,22.2,22.37,126.31,165.89,47.57
2024-10-01,176.46,562.52,211.55,31.32,28.63,30.02,5.28,1129.71,603.73,113.67,106.76,39.03,5.41,77.22,88.43,94.47,42.94,6.1,180.88,486.56,22.21,22.38,126.35,161.18,46.88
2024-10-02,176.01,563.07,211.89,31.38,28.69,30.07,5.28,1131.55,603.84,113.75,106.76,38.95,5.41,76.95,88.51,94.49,42.79,6.1,180.42,485.58,22.21,22.38,126.37,161.03,47.48
2024-10-03,174.64,560.59,211.79,31.13,28.45,30.05,5.29,1131.01,602.83,113.86,106.8,38.85,5.41,76.68,87.81,94.32,42.73,6.11,179.02,484.26,22.22,22.38,126.41,160.26,48.13
2024-10-04,175.61,565.26,214.37,31.35,28.64,30.04,5.29,1144.81,608.34,114.04,106.81,39.09,5.41,77.07,88.82,95.21,42.95,6.11,180.01,487.24,22.21,22.37,126.49,163.08,48.95
2024-10-07,175.45,559.92,211.86,31.36,28.7,30.12,5.29,1131.4,602.51,114.15,106.81,38.88,5.41,77.03,89.12,94.27,42.78,6.11,179.85,484.64,22.2,22.37,126.52,165.06,49.31
2024-10-08,175.1,561.59,215.15,31.35,28.77,29.71,5.29,1148.94,608.35,114.14,106.82,39.04,5.4,77.53,88.61,95.21,43.1,6.11,179.5,486.69,22.2,22.36,126.57,164.63,50.23
2024-10-09,176.83,567.34,216.87,31.63,28.99,29.91,5.29,1158.13,612.69,114.17,106.84,39.28,5.4,78.03,89.1,95.9,43.26,6.11,181.27,489.58,22.2,22.36,126.59,164.59,50.78
2024-10-10,176.43,566.6,216.58,31.51,28.91,29.9,5.29,1156.59,611.5,114.24,106.88,39.22,5.41,77.81,89.38,95.71,43.19,6.11,180.85,488.91,22.2,22.37,126.61,165.31,50.95
2024-10-11,177.92,572.06,216.9,31.72,29.14,29.95,5.29,1158.31,615.21,114.3,106.89,39.45,5.41,78.37,89.96,96.31,43.39,6.11,182.39,491.7,22.21,22.38,126.67,166.33,51.09
2024-10-14,179.16,574.73,218.68,32.04,29.45,30.09,5.29,1167.83,619.95,114.34,106.91,39.67,5.41,78.99,90.49,97.07,43.7,,183.65,,22.24,22.41,126.65,167.36,52.02
2024-10-15,178.95,570.38,215.69,31.23,28.94,29.94,5.29,1151.86,615.27,114.39,106.92,39.41,5.42,78.49,90.69,96.32,43.46,6.11,183.44,491.27,22.27,22.43,126.63,167.66,49.96
2024-10-16,178.46,574.87,215.84,31.05,28.79,30.23,5.29,1152.66,618.16,114.39,106.94,39.48,5.42,78.8,90.63,96.78,43.62,6.12,182.94,492.17,22.27,22.44,126.66,167.17,50.14
2024-10-17,179.85,577.02,216.02,31.2,28.98,30.43,5.29,1153.59,618.06,114.54,106.97,39.51,5.43,78.68,91.48,96.77,43.61,6.12,184.36,492.52,22.29,22.46,126.68,168.5,50.6
2024-10-18,180.52,577.56,217.45,31.48,29.19,30.34,5.3,1161.21,620.54,114.59,107.0,39.67,5.43,78.87,91.82,97.17,43.73,6.12,185.05,494.53,22.31,22.47,126.77,169.74,51.02
2024-10-21,178.72,573.03,217.84,31.2,28.9,30.19,5.3,1163.32,619.43,114.65,107.01,39.54,5.43,78.32,91.0,96.99,43.62,6.12,183.21,492.86,22.32,22.49,126.8,167.9,51.79
2024-10-22,178.36,572.93,218.08,31.2,28.93,30.15,5.3,1164.57,619.13,114.67,107.03,39.44,5.43,77.91,90.82,96.94,43.52,6.12,182.84,491.67,22.31,22.48,126.79,167.82,51.69
2024-10-23,177.95,567.45,214.69,31.12,28.83,29.98,5.3,1146.47,613.45,114.72,107.05,39.09,5.43,77.35,90.39,96.02,43.11,6.12,182.42,487.23,22.31,22.48,126.83,166.99,50.92
2024-10-24,178.55,565.57,216.46,31.11,28.84,30.02,5.3,1155.94,614.76,114.75,107.09,39.19,5.44,77.63,90.32,96.24,43.31,6.13,183.03,488.5,22.32,22.49,126.86,165.79,51.04
2024-10-25,178.74,562.09,217.73,31.19,28.85,29.94,5.3,1162.75,614.58,114.77,107.1,39.17,5.43,77.25,89.9,96.21,43.34,6.13,183.23,488.3,22.33,22.49,126.92,165.94,51.31
2024-10-28,179.36,565.71,217.72,31.34,29.03,30.08,5.3,1162.66,616.21,114.8,107.11,39.29,5.44,77.58,90.7,96.47,43.44,6.13,183.87,489.72,22.34,22.51,126.95,167.57,51.17
2024-10-29,178.87,563.64,219.86,31.16,28.95,29.84,5.3,1174.06,617.21,114.83,107.12,39.3,5.44,77.61,90.64,96.63,43.49,6.13,183.36,489.89,22.36,22.52,126.99,167.18,51.9
2024-10-30,176.84,562.42,218.11,30.78,28.62,29.62,5.3,1164.74,615.17,114.81,107.12,39.18,5.44,77.26,89.68,96.3,43.38,6.13,181.28,488.4,22.36,22.53,126.99,166.34,50.6
2024-11-01,176.82,561.2,214.33,30.76,28.69,29.68,5.3,1144.58,606.26,114.87,107.15,38.7,5.43,76.58,90.19,94.85,42.7,6.13,181.26,482.36,22.34,22.51,127.06,170.14,49.41
2024-11-04,175.83,557.75,213.58,30.56,28.53,29.71,5.3,1140.6,604.58,114.9,107.17,38.66,5.43,76.63,90.31,94.58,42.67,6.13,180.25,481.85,22.35,22.52,127.09,170.9,49.29
2024-11-05,176.83,563.45,216.4,30.76,28.71,29.67,5.3,1155.65,612.0,114.96,107.17,39.05,5.43,77.57,90.87,95.75,43.1,6.14,181.27,486.7,22.35,22.52,127.09,171.67,50.15
2024-11-06,174.83,583.56,222.33,30.24,28.26,29.65,5.31,1187.27,627.48,115.17,107.2,39.68,5.44,78.64,90.64,98.2,43.89,6.14,179.23,494.5,22.38,22.54,127.16,166.43,52.15
2024-11-07,177.8,583.55,225.76,30.52,28.43,29.6,5.31,1205.57,632.16,115.22,107.22,40.05,5.44,79.42,90.65,98.9,44.35,6.14,182.27,499.18,22.37,22.54,127.19,166.41,52.75
2024-11-08,176.45,587.01,225.95,30.33,28.34,29.35,5.31,1206.6,634.65,115.2,107.23,40.1,5.44,79.72,89.6,99.3,44.47,6.14,180.88,499.73,22.38,22.55,127.25,164.89,52.97
2024-11-11,178.59,,,30.62,28.67,29.54,5.31,1205.96,635.26,115.27,107.23,40.14,5.45,80.01,91.05,99.4,44.64,,183.08,,22.4,22.56,127.28,167.44,52.57
2024-11-12,174.77,586.07,225.44,30.03,28.2,29.18,5.31,1203.9,633.45,115.31,107.25,39.92,5.45,79.68,89.17,99.11,44.42,6.14,179.17,497.39,22.4,22.57,127.28,163.96,52.39
2024-11-13,174.49,586.69,225.07,30.0,28.15,29.2,5.31,1201.93,633.62,115.34,107.26,39.85,5.45,79.42,89.18,99.14,44.28,6.14,178.88,496.59,22.4,22.57,127.29,163.98,51.62
2024-11-14,176.89,583.92,223.58,30.67,28.64,29.38,5.31,1193.96,629.85,115.39,107.3,39.71,5.46,79.14,90.15,98.53,44.04,6.15,181.34,494.75,22.42,22.58,127.28,166.93,51.72
2024-11-15,176.4,579.97,218.23,30.37,28.4,29.36,5.31,1165.39,621.6,115.37,107.29,39.26,5.46,78.44,90.62,97.2,43.46,6.15,180.84,489.24,22.42,22.59,127.33,168.0,50.55
2024-11-18,176.2,579.43,219.79,30.34,28.46,29.52,5.31,1173.75,624.12,115.36,107.3,39.41,5.45,78.51,91.15,97.61,43.58,6.15,180.63,491.03,22.43,22.6,127.36,169.41,50.29
2024-11-19,175.01,577.81,221.34,30.1,28.28,29.49,5.31,1182.05,626.59,115.24,107.3,39.57,5.45,78.63,90.33,98.0,43.88,6.15,179.42,493.08,22.43,22.6,127.36,166.53,51.08
2024-11-20,174.5,579.66,221.15,29.96,28.21,29.43,5.31,1181.05,626.62,115.25,107.32,39.51,5.45,78.48,90.42,98.01,43.74,6.15,178.9,492.27,22.43,22.6,127.37,165.78,50.84
2024-11-21,175.8,585.87,221.97,30.14,28.43,29.69,5.31,1185.43,630.05,115.15,107.34,39.73,5.45,79.39,91.09,98.57,43.9,6.15,180.23,495.06,22.43,22.6,127.39,165.78,51.17
2024-11-22,177.42,591.55,222.35,30.35,28.52,30.1,5.31,1187.46,632.26,115.08,107.37,39.86,5.46,79.73,90.88,98.93,43.97,6.15,181.89,496.7,22.44,22.6,127.46,162.87,51.45
2024-11-25,178.18,597.4,222.65,30.41,28.53,30.21,5.31,1189.07,634.17,115.08,107.37,40.03,5.46,80.18,91.1,99.24,44.11,6.15,182.66,498.78,22.45,22.62,127.48,162.16,50.72
2024-11-26,177.17,599.12,223.91,30.12,28.3,30.09,5.31,1195.8,637.83,115.08,107.37,40.12,5.46,80.35,90.44,99.84,44.25,6.15,181.64,499.93,22.45,22.62,127.5,160.23,50.34
2024-11-27,176.86,597.39,222.01,29.89,28.04,30.14,5.31,1185.67,635.44,115.04,107.37,40.08,5.46,80.03,90.16,99.44,44.15,6.16,181.31,499.38,22.45,22.61,127.51,159.33,49.2
2024-11-28,178.36,,,30.08,28.22,30.18,5.32,,,115.1,107.41,40.11,5.46,80.11,90.78,99.45,44.17,,182.86,499.81,22.45,22.62,127.53,160.71,49.37
2024-11-29,180.2,599.92,224.01,30.38,28.52,30.21,5.32,1196.31,639.05,115.14,107.43,40.34,5.46,80.49,91.32,100.01,44.42,6.16,184.74,502.59,22.45,22.62,,161.71,49.97
2024-12-02,183.02,598.47,226.51,30.56,28.78,30.3,5.32,1209.66,640.68,115.15,107.44,40.42,5.47,80.69,91.84,100.26,44.58,6.16,187.63,503.62,22.47,22.63,127.61,161.85,51.33
2024-12-03,183.78,597.45,227.21,30.79,28.98,30.47,5.32,1213.4,640.98,115.23,107.44,40.56,5.48,80.94,92.09,100.31,44.64,6.16,188.42,505.26,22.49,22.66,127.63,163.62,51.51
2024-12-04,185.76,601.56,230.02,31.1,29.33,30.38,5.32,1228.42,644.87,115.35,107.46,40.76,5.49,81.41,92.62,100.9,45.07,6.16,190.44,507.84,22.51,22.68,127.65,164.72,52.42
2024-12-05,186.92,598.24,229.32,31.36,29.69,30.44,5.32,1224.65,643.69,115.54,107.47,40.75,5.49,81.47,94.11,100.72,45.08,6.16,191.64,507.7,22.53,22.7,127.67,169.88,51.84
2024-12-06,187.16,596.58,231.44,31.44,29.7,30.29,5.32,1236.03,645.36,115.65,107.49,40.82,5.5,81.67,93.76,100.97,45.17,6.17,191.88,508.6,22.56,22.72,127.74,169.48,51.88
2024-12-09,186.8,593.46,229.51,31.42,29.62,30.45,5.32,1225.72,641.47,115.75,107.5,40.64,5.5,80.84,93.75,100.37,44.91,6.17,191.51,506.33,22.59,22.76,127.76,170.07,51.26
2024-12-10,186.65,591.46,228.73,31.25,29.47,30.18,5.32,1221.57,639.58,115.79,107.55,40.42,5.51,80.08,93.4,100.08,44.72,6.17,191.35,503.58,22.6,22.77,127.77,170.33,50.6
2024-12-11,187.29,590.12,232.97,31.26,29.5,30.26,5.32,1244.2,644.81,115.79,107.53,40.69,5.51,80.48,93.65,100.89,45.19,6.17,192.01,506.95,22.61,22.78,127.81,169.95,51.73
2024-12-12,187.54,586.98,231.38,31.25,29.45,30.3,5.32,1235.69,641.31,115.84,107.57,40.52,5.51,80.27,93.54,100.35,44.94,6.17,192.27,504.81,22.62,22.79,127.82,170.4,51.56
2024-12-13,187.35,585.84,233.16,31.26,29.56,30.26,5.32,1245.2,641.36,115.86,107.58,40.43,5.51,79.93,93.79,100.35,44.68,6.17,192.08,503.67,22.62,22.79,127.9,171.13,53.07
2024-12-16,186.5,584.41,236.54,31.15,29.58,30.12,5.32,1263.29,643.87,115.85,107.58,40.54,5.5,79.71,93.82,100.74,44.79,6.17,191.21,504.97,22.63,22.79,127.92,171.37,54.01
2024-12-17,185.88,580.83,235.52,31.11,29.42,29.88,5.32,1257.82,641.39,115.81,107.59,40.38,5.5,79.18,92.9,100.36,44.66,6.17,190.57,503.0,22.62,22.79,127.94,168.23,53.34
2024-12-18,185.84,565.83,227.04,31.25,29.58,29.89,5.32,1212.56,622.48,115.81,107.59,39.41,5.5,77.47,93.17,97.43,43.52,6.18,190.53,490.94,22.62,22.79,127.95,169.62,52.3
2024-12-19,183.34,566.03,225.98,30.71,29.09,29.57,5.33,1206.9,621.94,115.74,107.61,39.15,5.5,76.89,92.02,97.3,43.25,6.18,187.97,487.72,22.6,22.77,127.94,167.44,51.95
2024-12-20,182.56,572.67,227.88,30.64,28.97,29.49,5.33,1217.08,628.73,115.74,107.62,39.44,5.5,77.58,91.37,98.37,43.49,6.18,187.17,491.3,22.59,22.76,128.01,166.02,52.32
2024-12-23,182.22,573.54,230.19,30.6,28.9,29.55,5.33,1229.42,633.34,115.79,107.64,39.68,5.5,77.87,91.52,99.1,43.82,6.18,186.83,494.19,22.6,22.77,128.03,166.0,54.12
2024-12-24,,,,,,29.68,5.33,1246.24,640.33,115.81,107.66,40.02,,78.28,91.71,100.19,44.19,6.18,186.82,498.51,22.61,22.78,128.07,166.06,54.62
2024-12-25,,,,,,,,,,,,,,78.28,,,,,,,,,,,
2024-12-26,,,,,,,,,,,,,,78.28,,,,,,,,,,,
2024-12-27,183.46,574.64,229.86,30.89,29.15,29.73,5.33,1227.66,633.08,115.87,107.69,39.79,5.5,78.07,92.44,99.06,43.81,6.18,188.1,495.61,22.62,22.78,128.13,168.21,54.2
2024-12-30,182.77,569.03,226.9,30.77,28.95,29.62,5.33,1211.86,626.31,115.87,107.71,39.41,5.5,77.38,92.42,97.98,43.39,6.19,187.39,490.8,22.63,22.8,128.17,168.81,53.8
2025-01-01,,,,,,29.81,,1201.32,623.67,,,39.29,,77.24,92.88,97.57,43.18,6.19,187.39,489.36,22.63,22.79,128.17,169.61,53.24
2025-01-02,183.83,566.57,224.53,31.02,29.23,30.13,5.33,1199.21,622.3,115.93,107.74,39.24,5.51,77.29,92.97,97.35,43.11,6.19,188.48,488.69,22.63,22.8,128.2,168.89,54.08
2025-01-03,182.74,571.18,228.3,30.76,29.03,30.0,5.33,1219.37,630.18,115.93,107.73,39.61,5.51,77.87,93.07,98.6,43.64,6.19,187.36,493.3,22.63,22.8,128.26,168.49,55.21
2025-01-06,185.58,570.88,230.8,31.39,29.72,30.1,5.33,1232.72,633.71,115.95,107.75,39.89,5.5,78.24,94.11,99.15,43.94,6.19,190.28,496.71,22.64,22.81,128.29,172.34,56.53
2025-01-07,186.72,568.49,226.66,31.52,29.89,30.08,5.33,1210.61,626.68,115.99,107.74,39.57,5.5,77.84,94.31,98.05,43.47,6.19,191.45,492.8,22.64,22.81,128.3,172.89,55.45
2025-01-08,186.63,569.91,226.76,31.41,29.82,30.1,5.33,1211.13,627.67,116.0,107.76,39.56,5.49,78.01,94.49,98.19,43.44,6.19,191.35,492.62,22.62,22.79,128.32,173.89,55.38
2025-01-09,186.51,,,31.58,29.93,30.36,5.33,,,116.01,107.77,39.56,5.49,78.0,94.78,98.2,43.43,6.19,191.23,,22.58,22.75,128.34,174.74,55.34
2025-01-10,185.57,560.62,223.19,31.24,29.69,30.1,5.33,1192.09,618.1,116.05,107.79,38.99,5.48,76.7,93.81,96.66,42.78,6.2,190.26,485.56,22.56,22.73,128.39,174.2,54.51
2025-01-13,184.81,565.39,222.51,31.09,29.52,30.01,5.33,1188.46,619.07,116.03,107.8,38.96,5.46,76.63,93.62,96.81,42.71,6.2,189.49,485.11,22.52,22.68,128.4,175.39,54.14
2025-01-14,186.08,568.34,222.22,31.21,29.78,29.93,5.34,1186.89,619.78,116.07,107.81,39.04,5.47,77.1,94.28,96.92,42.69,6.2,190.79,486.11,22.53,22.7,128.42,178.31,53.64
2025-01-15,188.87,577.73,227.36,31.63,30.18,30.29,5.34,1214.35,631.18,116.1,107.81,39.7,5.48,78.3,96.02,98.75,43.55,6.2,193.65,494.32,22.57,22.73,128.44,180.47,54.42
2025-01-16,189.61,576.81,225.78,31.76,30.46,30.63,5.34,1205.96,629.86,116.21,107.86,39.72,5.49,78.67,96.55,98.55,43.54,6.2,194.41,494.65,22.6,22.77,128.45,180.47,54.77
2025-01-17,191.88,581.27,229.53,32.17,30.68,31.04,5.34,1225.96,636.16,116.29,107.87,40.05,5.49,79.18,97.29,99.56,43.89,6.2,196.74,498.75,22.62,22.78,128.52,181.56,56.09
2025-01-20,192.68,,,32.29,30.83,31.1,5.34,,,116.34,107.88,40.16,5.5,79.44,97.58,99.56,44.0,,197.56,,22.63,22.8,128.53,183.77,55.7
2025-01-21,193.15,588.51,230.86,32.38,30.77,31.2,5.34,1233.08,641.75,116.37,107.9,40.47,5.5,80.18,97.81,100.45,44.42,6.2,198.04,503.94,22.64,22.81,128.54,183.5,56.34
2025-01-22,195.1,590.26,233.93,32.56,31.05,31.19,5.34,1249.45,645.69,116.42,107.91,40.69,5.5,80.73,97.99,101.08,44.82,6.2,200.04,506.71,22.65,22.82,128.58,181.75,57.38
2025-01-23,196.54,595.7,234.44,32.76,31.11,31.26,5.34,1252.19,649.13,116.46,107.92,40.88,5.5,81.09,99.18,101.63,44.98,6.21,201.52,509.08,22.66,22.83,128.58,185.41,57.3
2025-01-24,196.39,593.87,233.08,32.81,31.06,31.03,5.34,1244.93,647.33,116.48,107.94,40.89,5.5,81.11,98.85,101.33,44.94,6.21,201.36,509.19,22.66,22.83,128.65,185.94,55.9
2025-01-27,195.35,597.71,226.15,32.54,30.62,31.04,5.34,1207.93,637.89,116.44,107.94,40.43,5.5,80.1,99.23,99.84,44.14,6.21,200.3,503.43,22.66,22.83,128.64,186.16,50.51
2025-01-28,196.71,599.53,229.74,32.5,30.58,31.15,5.34,1227.12,643.77,116.51,107.96,40.67,5.51,80.31,99.72,100.77,44.54,6.21,201.7,506.45,22.67,22.84,128.69,186.91,51.95
2025-01-29,198.61,597.7,229.19,32.76,31.04,31.24,5.34,1224.16,640.76,116.58,107.97,40.59,5.51,80.3,100.49,100.29,44.28,6.21,203.64,505.44,22.7,22.87,128.71,188.9,51.64
2025-01-30,199.43,599.94,230.22,32.98,31.29,31.56,5.35,1229.68,644.15,116.68,108.01,40.85,5.52,80.67,100.86,100.83,44.42,6.21,204.49,508.74,22.73,22.9,128.73,189.07,52.49
2025-01-31,199.48,595.42,229.91,33.05,31.37,31.66,5.35,1228.05,640.93,116.8,108.04,40.68,5.53,80.12,100.63,100.33,44.18,6.21,204.53,506.54,22.76,22.93,128.78,187.97,52.29
2025-02-03,196.68,593.75,227.97,32.56,30.93,31.33,5.35,1217.7,636.09,116.65,108.04,40.25,5.53,79.17,99.39,99.56,43.63,6.22,201.67,501.24,22.73,22.9,128.77,184.71,51.24
2025-02-04,197.4,595.54,230.86,32.84,31.33,31.28,5.35,1233.09,640.69,116.74,108.06,40.57,5.54,79.47,99.93,100.29,43.93,6.22,202.4,505.18,22.76,22.93,128.8,187.8,51.71
2025-02-05,198.13,599.78,231.83,32.84,31.43,31.47,5.35,1238.29,643.21,116.77,108.06,40.81,5.55,80.43,100.31,100.68,44.14,6.22,203.15,508.1,22.79,22.96,128.83,189.1,52.97
2025-02-06,201.03,598.09,233.07,33.42,31.96,31.85,5.35,1244.91,645.55,116.84,108.09,40.97,5.56,80.86,102.37,101.06,44.31,6.22,206.13,510.12,22.82,22.98,128.84,196.13,53.76
2025-02-07,199.97,592.14,230.05,33.29,31.86,31.75,5.35,1228.79,639.46,116.84,108.1,40.64,5.56,80.38,102.4,100.1,43.93,6.22,205.05,506.01,22.82,22.99,128.9,196.2,53.54
2025-02-10,201.12,594.46,232.9,33.47,32.06,32.0,5.35,1244.06,643.83,116.85,108.1,40.87,5.56,80.61,102.63,100.79,44.11,6.22,206.22,508.84,22.83,23.0,128.94,195.34,54.57
2025-02-11,202.27,596.13,232.23,33.66,32.32,32.04,5.35,1240.46,644.06,116.86,108.11,40.88,5.56,80.6,103.27,100.82,44.02,6.22,207.4,508.96,22.84,23.01,128.96,198.33,54.42
2025-02-12,203.28,593.12,232.5,33.74,32.41,32.15,5.35,1241.93,642.36,116.9,108.12,40.81,5.55,80.23,103.81,100.56,43.85,6.22,208.44,508.08,22.84,23.01,129.0,200.63,54.01
2025-02-13,207.54,597.69,235.84,34.36,32.84,32.02,5.35,1259.73,649.06,117.02,108.16,41.3,5.56,81.14,104.18,101.6,44.44,6.23,212.81,514.19,22.87,23.04,129.04,199.9,54.5
2025-02-14,206.56,595.75,236.75,34.37,32.75,31.9,5.35,1264.66,649.14,117.06,108.17,41.36,5.57,80.97,104.01,101.61,44.49,6.23,211.8,514.91,22.9,23.07,129.1,201.31,54.16
2025-02-17,209.17,,,34.51,32.97,32.03,5.35,,,117.11,108.17,41.39,5.57,81.13,105.02,101.61,44.54,,214.48,,22.91,23.08,129.13,202.96,54.57
2025-02-18,209.59,595.92,237.28,34.68,33.14,32.02,5.35,1267.47,650.81,117.18,108.19,41.49,5.57,81.56,106.21,101.87,44.69,6.23,214.91,516.51,22.94,23.11,129.13,206.93,54.98
2025-02-19,205.82,596.87,237.4,34.21,32.71,31.82,5.35,1268.09,652.36,117.19,108.19,41.45,5.57,81.53,104.89,102.11,44.71,6.23,211.04,516.02,22.93,23.1,129.17,203.65,55.52
2025-02-20,204.72,590.88,236.27,34.28,32.71,31.71,5.36,1262.12,649.61,117.24,108.22,41.31,5.57,81.3,104.62,101.69,44.66,6.23,209.92,514.35,22.93,23.1,129.18,203.74,55.24
2025-02-21,204.47,580.86,231.42,34.48,32.76,31.7,5.36,1236.21,638.54,117.22,108.24,40.78,5.57,80.11,105.31,99.98,44.01,6.24,209.66,507.7,22.94,23.11,129.26,205.35,54.03
2025-02-24,205.73,581.29,228.62,34.25,32.56,31.7,5.36,1221.26,635.39,117.21,108.24,40.62,5.58,79.85,105.18,99.49,43.83,6.24,210.96,505.72,22.95,23.12,129.29,206.4,52.61
2025-02-25,205.59,583.41,225.79,34.21,32.46,31.73,5.36,1206.12,632.42,117.15,108.25,40.48,5.57,79.74,106.18,99.03,43.56,6.24,210.81,503.9,22.94,23.11,129.3,209.78,51.19
2025-02-26,209.11,580.89,226.27,34.8,33.04,31.96,5.36,1208.72,632.52,117.18,108.26,40.55,5.58,80.07,108.51,99.05,43.67,6.24,214.42,504.81,22.96,23.13,129.32,214.88,52.3
2025-02-27,206.87,578.3,220.05,34.52,32.73,32.09,5.36,1175.45,622.49,117.19,108.29,39.98,5.58,78.94,108.38,97.49,42.92,6.24,212.13,497.75,22.97,23.14,129.35,214.19,49.85
2025-02-28,206.88,586.56,223.64,34.53,32.52,32.29,5.36,1194.64,632.42,117.11,108.3,40.39,5.59,79.41,108.71,99.03,43.32,6.24,212.13,502.77,22.98,23.15,129.36,213.87,50.46
2025-03-03,212.34,578.02,218.72,34.82,32.93,32.51,5.36,1168.38,621.34,117.2,108.29,40.02,5.59,78.74,110.18,97.29,42.82,6.24,217.74,498.21,23.0,23.17,129.38,217.33,47.9
2025-03-04,204.82,569.05,217.94,33.92,31.9,32.1,5.36,1164.22,613.75,117.11,108.31,39.53,5.58,77.58,106.83,96.11,42.42,6.24,210.02,492.15,22.99,23.16,129.38,208.48,47.65
2025-03-05,211.73,575.54,220.9,34.81,32.67,32.09,5.36,1180.03,620.61,117.43,108.3,40.1,5.57,78.83,109.03,97.18,43.05,6.24,217.11,499.18,22.96,23.13,129.39,219.26,47.47
2025-03-06,214.84,569.81,214.74,35.12,32.88,31.93,5.36,1147.16,609.57,117.5,108.32,39.61,5.56,78.16,109.42,95.49,42.52,6.25,220.3,493.17,22.89,23.06,129.41,224.87,45.44
2025-03-07,211.07,572.78,216.36,34.97,32.64,31.91,5.36,1155.84,613.01,117.54,108.33,39.72,5.56,78.4,108.97,96.02,42.55,6.25,216.43,494.43,22.88,23.05,129.45,223.93,46.28
2025-03-10,207.51,561.04,208.12,34.66,31.92,31.62,5.36,1111.81,596.57,117.57,108.34,38.78,5.56,76.8,107.04,93.5,41.43,6.25,212.78,482.74,22.87,23.04,129.44,217.46,44.58
2025-03-11,204.83,554.63,207.54,34.15,31.49,31.24,5.36,1108.71,592.06,117.58,108.35,38.48,5.55,75.91,105.39,92.82,41.1,6.25,210.03,479.01,22.84,23.01,129.45,213.82,44.24
2025-03-12,208.01,553.52,209.88,34.38,31.92,31.4,5.36,1121.24,594.96,117.52,108.35,38.69,5.55,76.33,106.95,93.26,41.45,6.25,213.3,481.65,22.82,22.99,129.46,217.46,45.6
2025-03-13,207.01,546.45,205.92,34.2,31.65,31.43,5.36,1100.08,586.74,117.25,108.38,38.23,5.53,75.4,106.84,92.0,40.98,6.25,212.27,475.95,22.79,22.96,129.42,216.17,45.52
2025-03-14,210.86,555.5,211.08,34.61,32.21,31.76,5.36,1127.64,599.31,117.29,108.39,38.94,5.53,76.91,108.42,93.93,41.76,6.25,216.22,484.74,22.76,22.93,129.48,221.72,46.74
2025-03-17,212.39,560.24,212.22,34.88,32.5,31.94,5.36,1133.77,603.19,117.3,108.4,39.28,5.53,77.69,109.37,94.51,42.03,6.25,217.8,488.92,22.78,22.94,129.5,224.04,46.65
2025-03-18,214.47,556.75,208.7,35.24,32.89,32.03,5.36,1114.95,596.78,117.36,108.41,39.02,5.54,77.35,111.02,93.53,41.69,6.25,219.93,485.68,22.81,22.98,129.54,229.59,45.93
2025-03-19,213.62,561.87,211.42,35.36,33.05,32.03,5.37,1129.45,603.23,117.34,108.42,39.33,5.55,77.93,111.06,94.51,42.02,6.25,219.05,489.55,22.83,23.0,129.56,229.34,46.54
2025-03-20,210.97,561.71,210.8,34.96,32.68,32.02,5.37,1126.18,601.97,117.39,108.45,39.24,5.55,77.73,110.03,94.32,41.94,6.26,216.34,488.48,22.85,23.02,129.58,224.2,46.77
2025-03-21,209.98,562.15,211.62,34.78,32.59,31.82,5.37,1130.54,602.48,117.33,108.46,39.21,5.55,77.56,109.9,94.4,41.89,6.26,215.32,488.05,22.85,23.02,129.62,224.52,46.54
2025-03-24,209.62,570.12,216.18,34.67,32.74,31.78,5.37,1154.91,613.11,117.36,108.47,39.7,5.55,78.5,110.42,96.03,42.49,6.26,214.96,494.12,22.86,23.03,129.66,225.71,47.41
2025-03-25,211.97,570.17,217.33,35.04,33.15,31.88,5.37,1161.05,614.09,117.4,108.48,39.82,5.55,78.73,112.06,96.18,42.62,6.26,217.37,495.6,22.86,23.03,129.67,230.46,47.26
2025-03-26,209.49,568.39,213.35,34.7,32.74,31.97,5.37,1139.82,607.24,117.39,108.49,39.42,5.55,78.1,111.58,95.13,42.04,6.26,214.83,490.65,22.86,23.03,129.69,228.32,45.8
2025-03-27,208.02,566.3,212.09,34.54,32.52,31.93,5.37,1133.04,605.23,117.35,108.51,39.29,5.55,77.74,111.3,94.83,41.9,6.26,213.32,489.01,22.82,22.99,129.68,226.61,44.67
2025-03-28,206.03,556.72,206.55,34.17,32.01,31.9,5.37,1103.45,593.3,117.3,108.52,38.66,5.55,76.57,109.89,93.0,41.21,6.26,211.27,481.17,22.8,22.97,129.71,221.68,43.66
2025-04-01,206.74,562.12,208.21,34.03,31.97,31.82,5.37,1112.34,598.91,117.18,108.53,38.82,5.54,76.78,109.43,93.86,41.31,6.26,212.01,483.17,22.76,22.93,129.74,221.27,43.49
2025-04-02,205.37,565.27,209.78,34.04,31.92,31.72,5.37,1120.72,602.95,117.18,108.53,39.03,5.54,77.19,109.32,94.49,41.55,6.26,210.61,485.71,22.77,22.93,129.75,220.66,43.55
2025-04-03,199.2,542.81,198.43,33.04,30.62,31.24,5.37,1060.15,573.79,116.91,108.56,37.58,5.52,74.11,104.92,89.98,40.27,6.26,204.27,467.77,22.68,22.85,129.7,209.75,39.65
2025-04-04,189.33,513.07,186.39,31.3,28.95,29.69,5.37,995.85,539.58,116.15,108.54,35.38,5.48,69.97,97.72,84.54,38.08,6.26,194.15,440.49,22.49,22.66,129.59,192.1,37.83
2025-04-07,181.51,508.38,186.74,29.76,27.73,28.39,5.37,997.72,538.32,115.83,108.54,34.76,5.42,68.64,93.33,84.26,37.37,6.26,186.14,432.6,22.25,22.41,129.45,184.79,37.9
2025-04-08,186.01,504.09,183.1,30.61,28.59,29.16,5.37,978.24,529.87,116.34,108.56,34.62,5.45,68.61,96.33,82.92,37.23,6.26,190.75,430.95,22.36,22.53,129.49,190.34,37.4
2025-04-09,180.42,543.75,205.1,29.67,27.73,28.31,5.37,1095.79,580.29,115.73,108.56,36.87,5.42,72.6,93.35,90.93,39.66,6.25,185.02,458.77,22.23,22.39,129.38,185.75,41.36
2025-04-10,188.59,530.22,196.52,30.96,29.07,29.22,5.37,1049.94,560.3,116.33,108.56,36.42,5.47,72.17,97.97,87.68,39.2,6.25,193.4,453.26,22.42,22.59,129.31,196.0,39.7
2025-04-11,186.87,538.5,200.23,30.98,28.98,29.4,5.37,1069.76,570.45,116.02,108.59,36.94,5.45,72.92,97.68,89.28,39.76,6.25,191.63,459.81,22.36,22.52,129.37,195.18,40.31
2025-04-14,192.19,542.65,201.36,31.78,29.82,30.03,5.37,1075.8,574.98,116.18,108.6,37.4,5.47,73.83,100.86,89.96,40.27,6.25,197.09,465.52,22.41,22.58,129.37,202.0,40.14
2025-04-15,194.93,540.56,201.72,32.37,30.46,30.45,5.37,1077.75,574.03,116.39,108.61,37.5,5.49,74.2,103.38,89.81,40.38,6.25,199.9,466.72,22.49,22.66,129.37,207.84,40.63
2025-04-16,195.45,531.18,195.59,32.34,30.35,30.55,5.38,1044.97,561.17,116.48,108.66,36.92,5.5,73.05,103.58,87.85,39.62,6.26,200.44,459.53,22.53,22.69,129.41,209.1,38.74
2025-04-17,194.49,524.12,195.59,32.3,30.21,30.58,5.38,1044.99,561.92,116.69,108.68,36.98,5.52,73.11,103.45,87.96,39.67,6.26,199.45,460.28,22.59,22.76,129.46,206.84,38.29
2025-04-18,,,,,,,,,,,,,,73.11,,,,,,,,,,,
2025-04-21,,,,,,,,,,,,,,73.11,,,,,,,,,,,
2025-04-22,195.25,524.82,195.78,32.57,30.35,30.77,5.38,1046.0,562.51,116.68,108.69,37.14,5.52,73.27,104.55,88.05,39.77,6.26,200.23,462.25,22.61,22.78,129.6,208.9,37.37
2025-04-23,201.38,530.43,200.24,33.17,31.31,31.05,5.38,1069.84,571.89,116.94,108.7,37.67,5.55,74.43,107.06,89.48,40.36,6.26,206.52,468.88,22.73,22.9,129.62,216.09,39.36
2025-04-24,202.32,536.94,205.82,33.38,31.37,31.09,5.38,1099.65,583.47,116.96,108.74,38.3,5.56,75.53,106.63,91.24,41.04,6.27,207.48,476.63,22.76,22.93,129.62,214.4,40.69
2025-04-25,203.95,537.2,208.16,33.73,31.73,31.11,5.38,1112.14,587.78,116.99,108.74,38.54,5.56,75.98,107.47,91.9,41.44,6.27,209.15,479.65,22.79,22.96,129.7,218.06,41.66
2025-04-28,204.2,538.71,208.1,33.73,31.8,31.12,5.38,1111.82,588.16,117.0,108.76,38.64,5.56,76.25,108.03,91.95,41.46,6.27,209.41,480.98,22.82,22.99,129.74,220.46,41.38
2025-04-29,205.61,542.72,209.36,33.62,31.85,31.29,5.38,1118.54,591.57,116.9,108.77,38.85,5.56,76.67,108.89,92.47,41.73,6.27,210.86,483.49,22.82,22.99,129.75,222.87,41.32
2025-04-30,206.26,544.61,209.65,33.77,31.8,31.41,5.38,1120.11,592.48,116.74,108.79,38.94,5.55,77.16,108.54,92.61,41.91,6.27,211.52,484.63,22.79,22.96,129.78,218.62,41.55
2025-05-01,,,,,,31.43,,1132.44,596.22,,,39.03,,77.06,108.36,93.2,42.03,6.28,211.52,485.74,22.78,22.95,,,
2025-05-02,211.59,553.27,215.34,34.42,32.72,31.79,5.38,1150.54,605.02,116.87,108.81,39.68,5.56,78.47,110.11,94.58,42.89,6.28,217.0,493.84,22.78,22.95,129.8,223.87,43.39
2025-05-05,213.88,551.93,213.9,34.54,32.86,,,,,,,39.5,,78.53,111.03,93.98,42.84,,219.35,491.66,22.8,22.97,129.84,225.18,43.43
2025-05-06,213.01,546.7,212.0,34.4,32.7,31.8,5.39,1132.7,596.56,116.94,108.82,39.29,5.56,78.3,111.08,93.25,42.55,6.28,218.45,489.0,22.81,22.98,129.9,224.68,43.05
2025-05-07,211.79,550.51,212.82,34.2,32.48,31.66,5.39,1137.07,599.16,116.98,108.84,39.4,5.57,78.54,110.86,93.66,42.63,6.28,217.2,490.39,22.84,23.01,129.92,,
2025-05-08,213.88,553.91,214.92,34.4,32.87,31.59,5.39,1148.25,602.63,117.08,108.86,39.52,5.57,78.74,111.88,94.2,42.76,6.28,219.35,491.83,22.87,23.03,129.96,228.81,44.47
2025-05-09,215.1,552.42,214.9,34.6,33.01,31.67,5.39,1148.15,602.29,117.21,108.87,39.57,5.58,78.79,112.59,94.15,42.81,6.28,220.6,492.42,22.88,23.05,130.02,230.88,44.87
2025-05-12,215.71,567.95,223.56,35.03,33.54,31.86,5.39,1194.44,621.96,117.45,108.87,40.45,5.59,80.41,113.96,97.26,43.7,6.28,221.23,503.38,22.94,23.11,130.1,235.64,47.84
2025-05-13,216.37,564.37,227.08,35.15,33.66,31.85,5.39,1213.28,626.49,117.52,108.88,40.77,5.6,81.2,113.65,97.96,44.03,6.29,221.91,507.32,22.97,23.14,130.15,235.77,49.28
2025-05-14,215.3,563.16,228.39,35.19,33.75,31.78,5.39,1220.24,627.15,117.54,108.89,40.85,5.6,81.41,114.4,98.06,44.29,6.29,220.81,508.37,22.98,23.15,130.14,239.13,50.03
2025-05-15,216.8,566.84,228.59,35.33,33.86,32.04,5.39,1221.37,629.88,117.49,108.92,40.99,5.59,81.81,114.78,98.49,44.49,6.29,222.35,510.01,22.97,23.14,130.18,238.67,49.98
2025-05-16,217.4,571.53,229.61,35.49,33.97,32.23,5.39,1226.85,634.36,117.52,108.92,41.22,5.6,82.31,115.23,99.2,44.81,6.29,222.97,512.88,22.98,23.15,130.23,239.41,49.94
2025-05-19,218.91,573.44,229.81,35.64,34.1,32.29,5.39,1227.94,634.99,117.5,108.94,41.35,5.59,82.6,115.9,99.29,44.97,6.29,224.51,514.51,22.98,23.15,130.28,242.0,49.31
2025-05-20,219.83,571.89,228.96,36.01,34.25,32.59,5.39,1223.37,632.54,117.55,108.95,41.3,5.6,82.6,116.49,98.91,44.93,6.29,225.46,513.98,23.0,23.17,,244.93,49.14
2025-05-21,220.62,560.94,225.88,35.96,34.35,32.61,5.39,1206.97,622.36,117.56,108.96,40.88,5.6,81.88,116.44,97.32,44.46,6.3,226.26,508.68,22.72,23.17,130.32,245.23,48.41
2025-05-22,219.49,560.92,226.24,35.78,34.27,32.45,5.39,1208.84,622.09,117.56,108.98,40.76,5.59,81.63,116.12,97.27,44.4,6.3,225.11,507.24,22.71,23.16,130.35,244.65,48.47
2025-05-23,216.07,557.52,224.13,35.17,33.6,32.37,,,617.95,117.43,,40.59,5.59,81.33,114.57,,44.17,6.3,,505.14,,,130.38,239.15,47.75
2025-05-26,219.69,,,35.67,34.05,,,,,,,,,81.57,115.6,,44.3,,,,,,130.4,242.61,47.66
2025-05-27,221.51,567.48,229.47,35.77,34.22,32.59,,,630.63,117.59,,,5.6,82.6,115.88,,45.02,6.3,,513.99,,,130.47,243.52,48.86
2025-05-28,219.77,564.19,228.44,35.41,33.93,32.4,,,627.12,117.61,,,5.6,82.1,114.91,,44.7,6.3,,510.92,,,130.5,241.65,49.04
2025-05-29,218.81,565.75,228.92,35.37,,32.4,,,629.64,,,,,,115.1,,,,,513.17,,,,,
2025-05-30,219.39,566.64,228.69,,,32.61,,,629.64,,,,,,,,,,,513.33,,,,,
2025-06-02,218.78,567.22,230.3,,,32.61,,,632.29,,,,,,,,,,,515.73,,,,,
2025-06-03,220.25,570.09,232.13,,,32.66,,,635.96,,,,,,,,,,,517.49,,,,,
2025-06-04,221.94,568.85,232.78,,,32.71,,,636.03,,,,,,,,,,,518.77,,,,,
2025-06-05,222.37,567.53,230.92,,,32.76,,,632.72,,,,,,,,,,,516.89,,,,,
2025-06-06,222.19,573.46,233.24,,,32.86,,,639.28,,,,,,,,,,,520.25,,,,,
2025-06-09,221.0,573.42,233.63,,,32.84,,,639.91,,,,,,,,,,,520.87,,,,,
2025-06-10,219.29,574.88,235.17,,,32.92,,,643.44,,,,,,,,,,,522.98,,,,,
2025-06-11,218.94,574.86,234.3,,,32.96,,,641.68,,,,,,,,,,,522.25,,,,,
2025-06-12,217.31,576.22,234.86,,,33.04,,,644.13,,,,,,,,,,,524.26,,,,,
2025-06-13,214.98,565.92,231.85,,,32.91,,,636.95,,,,,,,,,,,518.49,,,,,
2025-06-16,216.65,570.31,235.13,,,33.0,,,643.02,,,,,,,,,,,523.21,,,,,
2025-06-17,214.23,566.29,232.79,,,32.85,,,637.66,,,,,,,,,,,518.68,,,,,
2025-06-18,213.16,565.71,232.8,,,32.89,,,637.48,,,,,,,,,,,518.37,,,,,
2025-06-19,210.78,,,,,32.72,,,,,,,,,,,,,,,,,,,
2025-06-20,213.46,566.17,231.81,,,32.65,,,636.12,,,,,,,,,,,516.04,,,,,
2025-06-23,212.71,571.17,234.27,,,32.59,,,642.24,,,,,,,,,,,519.26,,,,,
2025-06-24,216.11,578.0,237.85,,,32.59,,,649.39,,,,,,,,,,,526.19,,,,,
2025-06-25,214.8,576.56,238.36,,,32.44,,,649.39,,,,,,,,,,,525.17,,,,,
2025-06-26,216.18,581.98,240.6,,,32.52,,,654.6,,,,,,,,,,,529.75,,,,,
2025-06-27,219.69,587.77,241.53,,,32.76,,,658.06,,,,,,,,,,,533.07,,,,,
2025-06-30,218.56,591.44,243.09,,,32.62,,,661.5,,,,,,,,,,,535.39,,,,,
2025-07-01,216.4,596.8,240.93,,,32.71,,,660.78,,,,,,,,,,,534.78,,,,,
2025-07-02,217.46,596.65,242.7,,,32.67,,,663.93,,,,,,,,,,,536.73,,,,,
2025-07-03,218.78,601.41,245.13,,,32.85,,,669.55,,,,,,,,,,,540.34,,,,,
2025-07-04,217.44,,,,,,,,,,,,,,,,,,,,,,,,
